ISO-10303-21;
HEADER;
FILE_DESCRIPTION (( 'STEP AP214' ),
    '1' );
FILE_NAME ('CFR_RB2_18X13.5X7.5_L18.5H13.6T7.7S15LL6F0.85.STEP',
    '2022-04-16T19:41:20',
    ( '' ),
    ( '' ),
    'SwSTEP 2.0',
    'SolidWorks 2021',
    '' );
FILE_SCHEMA (( 'AUTOMOTIVE_DESIGN' ));
ENDSEC;

DATA;
#1 = ORIENTED_EDGE ( 'NONE', *, *, #255, .F. ) ;
#2 = ORIENTED_EDGE ( 'NONE', *, *, #99, .F. ) ;
#3 =( GEOMETRIC_REPRESENTATION_CONTEXT ( 3 ) GLOBAL_UNCERTAINTY_ASSIGNED_CONTEXT ( ( #2624 ) ) GLOBAL_UNIT_ASSIGNED_CONTEXT ( ( #2034, #874, #190 ) ) REPRESENTATION_CONTEXT ( 'NONE', 'WORKASPACE' ) );
#4 = PRODUCT_RELATED_PRODUCT_CATEGORY ( 'part', '', ( #2989 ) ) ;
#5 = LINE ( 'NONE', #1192, #330 ) ;
#6 = UNCERTAINTY_MEASURE_WITH_UNIT (LENGTH_MEASURE( 1.000000000000000082E-05 ), #639, 'distance_accuracy_value', 'NONE');
#7 = VERTEX_POINT ( 'NONE', #2653 ) ;
#8 = ADVANCED_FACE ( 'NONE', ( #65 ), #2400, .T. ) ;
#9 = LINE ( 'NONE', #1118, #1889 ) ;
#10 = DIRECTION ( 'NONE',  ( 0.2762033010252004650, 0.9610992334315860974, 0.000000000000000000 ) ) ;
#11 = DIRECTION ( 'NONE',  ( -1.000000000000000000, 0.000000000000000000, 0.000000000000000000 ) ) ;
#12 = DIRECTION ( 'NONE',  ( -0.9999960426590096541, 0.002813301676021314271, 0.000000000000000000 ) ) ;
#13 = ORIENTED_EDGE ( 'NONE', *, *, #132, .T. ) ;
#14 = CARTESIAN_POINT ( 'NONE',  ( 7.256856979931010088, 7.529811274375007635, 7.705000000000000071 ) ) ;
#15 = ORIENTED_EDGE ( 'NONE', *, *, #3046, .T. ) ;
#16 = CARTESIAN_POINT ( 'NONE',  ( 13.37866295117204096, 5.852079999999936000, 7.705000000000000071 ) ) ;
#17 = EDGE_CURVE ( 'NONE', #54, #534, #215, .T. ) ;
#18 = ORIENTED_EDGE ( 'NONE', *, *, #2482, .T. ) ;
#19 = CARTESIAN_POINT ( 'NONE',  ( 10.61909897749128184, 5.852079999999935112, 7.705000000000000071 ) ) ;
#20 = EDGE_CURVE ( 'NONE', #2237, #811, #219, .T. ) ;
#21 = DIRECTION ( 'NONE',  ( 1.000000000000000000, 0.000000000000000000, 0.000000000000000000 ) ) ;
#22 = DIRECTION ( 'NONE',  ( -0.000000000000000000, -0.000000000000000000, -1.000000000000000000 ) ) ;
#23 = ADVANCED_FACE ( 'NONE', ( #2093 ), #1546, .F. ) ;
#24 = ORIENTED_EDGE ( 'NONE', *, *, #1024, .F. ) ;
#25 = CARTESIAN_POINT ( 'NONE',  ( 0.6166666050000000343, 0.000000000000000000, 0.6166666050000000343 ) ) ;
#26 = VECTOR ( 'NONE', #297, 1000.000000000000000 ) ;
#27 = CARTESIAN_POINT ( 'NONE',  ( 5.324181106753429482, 5.852079999999936000, 7.700000000000000178 ) ) ;
#28 = CARTESIAN_POINT ( 'NONE',  ( 3.763745000000000118, 0.4689279999999999005, 0.000000000000000000 ) ) ;
#29 = DIRECTION ( 'NONE',  ( -0.000000000000000000, -0.000000000000000000, -1.000000000000000000 ) ) ;
#30 = VECTOR ( 'NONE', #224, 1000.000000000000000 ) ;
#31 = ORIENTED_EDGE ( 'NONE', *, *, #1925, .F. ) ;
#32 = VECTOR ( 'NONE', #1953, 1000.000000000000000 ) ;
#33 = LINE ( 'NONE', #2005, #2568 ) ;
#34 = FILL_AREA_STYLE_COLOUR ( '', #1076 ) ;
#35 = VECTOR ( 'NONE', #745, 1000.000000000000227 ) ;
#36 = COLOUR_RGB ( '',0.4980392156862745168, 0.4980392156862745168, 0.4980392156862745168 ) ;
#37 = DIRECTION ( 'NONE',  ( -1.000000000000000000, 0.000000000000000000, 0.000000000000000000 ) ) ;
#38 = ADVANCED_FACE ( 'NONE', ( #2559 ), #2379, .F. ) ;
#39 = DIRECTION ( 'NONE',  ( -1.000000000000000000, 0.000000000000000000, 0.000000000000000000 ) ) ;
#40 = VECTOR ( 'NONE', #1052, 1000.000000000000000 ) ;
#41 = VECTOR ( 'NONE', #1477, 1000.000000000000114 ) ;
#42 = EDGE_CURVE ( 'NONE', #1493, #1082, #2336, .T. ) ;
#43 = DIRECTION ( 'NONE',  ( 0.000000000000000000, -1.000000000000000000, 0.000000000000000000 ) ) ;
#44 = STYLED_ITEM ( 'NONE', ( #1451 ), #3012 ) ;
#45 = EDGE_LOOP ( 'NONE', ( #2386, #1963, #2276, #880 ) ) ;
#46 = ORIENTED_EDGE ( 'NONE', *, *, #2937, .T. ) ;
#47 = PLANE ( 'NONE',  #1137 ) ;
#48 = FACE_OUTER_BOUND ( 'NONE', #662, .T. ) ;
#49 = SURFACE_STYLE_FILL_AREA ( #1442 ) ;
#50 = VERTEX_POINT ( 'NONE', #2828 ) ;
#51 = PLANE ( 'NONE',  #2812 ) ;
#52 = LINE ( 'NONE', #540, #2314 ) ;
#53 = EDGE_CURVE ( 'NONE', #546, #263, #696, .T. ) ;
#54 = VERTEX_POINT ( 'NONE', #1504 ) ;
#55 = CARTESIAN_POINT ( 'NONE',  ( 17.88333339499999752, 0.7500000000000000000, 0.6166666050000000343 ) ) ;
#56 = CARTESIAN_POINT ( 'NONE',  ( 6.782137931756158977, 7.924235418444622425, 7.705000000000000071 ) ) ;
#57 = VERTEX_POINT ( 'NONE', #1242 ) ;
#58 = CARTESIAN_POINT ( 'NONE',  ( 3.250000000000000444, 1.990051048614449362E-16, 0.000000000000000000 ) ) ;
#59 = PLANE ( 'NONE',  #1970 ) ;
#60 = ADVANCED_FACE ( 'NONE', ( #316 ), #572, .T. ) ;
#61 = VERTEX_POINT ( 'NONE', #2816 ) ;
#62 = ORIENTED_EDGE ( 'NONE', *, *, #2742, .T. ) ;
#63 = SURFACE_STYLE_FILL_AREA ( #1939 ) ;
#64 = DIRECTION ( 'NONE',  ( 0.2745159998572630489, 0.9615825319869153454, 0.000000000000000000 ) ) ;
#65 = FACE_OUTER_BOUND ( 'NONE', #1570, .T. ) ;
#66 = ORIENTED_EDGE ( 'NONE', *, *, #2900, .F. ) ;
#67 = SURFACE_STYLE_FILL_AREA ( #2385 ) ;
#68 = FILL_AREA_STYLE_COLOUR ( '', #713 ) ;
#69 = CARTESIAN_POINT ( 'NONE',  ( 18.29289321881344677, 13.59999999999999787, 0.2071067811865480723 ) ) ;
#70 = DIRECTION ( 'NONE',  ( 0.000000000000000000, -1.000000000000000000, 0.000000000000000000 ) ) ;
#71 = VERTEX_POINT ( 'NONE', #2339 ) ;
#72 = CLOSED_SHELL ( 'NONE', ( #1942, #269, #2841, #2523, #2662, #1164, #185, #2105, #1706, #2212, #868, #2376, #60 ) ) ;
#73 = EDGE_CURVE ( 'NONE', #2432, #3050, #949, .T. ) ;
#74 = PRESENTATION_LAYER_ASSIGNMENT (  '', '', ( #2016 ) ) ;
#75 = DIRECTION ( 'NONE',  ( 0.2764273280489764617, 0.9610348236706636182, 0.000000000000000000 ) ) ;
#76 = EDGE_LOOP ( 'NONE', ( #1515, #303, #396, #2153 ) ) ;
#77 = VECTOR ( 'NONE', #1100, 1000.000000000000227 ) ;
#78 = EDGE_CURVE ( 'NONE', #2725, #841, #1596, .T. ) ;
#79 = DIRECTION ( 'NONE',  ( 1.000000000000000000, 0.000000000000000000, 0.000000000000000000 ) ) ;
#80 =( GEOMETRIC_REPRESENTATION_CONTEXT ( 3 ) GLOBAL_UNCERTAINTY_ASSIGNED_CONTEXT ( ( #2794 ) ) GLOBAL_UNIT_ASSIGNED_CONTEXT ( ( #2707, #1224, #2199 ) ) REPRESENTATION_CONTEXT ( 'NONE', 'WORKASPACE' ) );
#81 = VERTEX_POINT ( 'NONE', #1188 ) ;
#82 = COLOUR_RGB ( '',0.4980392156862745168, 0.4980392156862745168, 0.4980392156862745168 ) ;
#83 = FILL_AREA_STYLE_COLOUR ( '', #317 ) ;
#84 = CARTESIAN_POINT ( 'NONE',  ( 13.37866295117204096, 5.852079999999936000, 7.700000000000000178 ) ) ;
#85 = COLOUR_RGB ( '',0.4980392156862745168, 0.4980392156862745168, 0.4980392156862745168 ) ;
#86 = EDGE_LOOP ( 'NONE', ( #2471, #2637, #2210, #476 ) ) ;
#87 = LINE ( 'NONE', #1202, #676 ) ;
#88 = AXIS2_PLACEMENT_3D ( 'NONE', #2603, #1691, #1678 ) ;
#89 = DIRECTION ( 'NONE',  ( 0.05375259206908576670, 0.9985542843760946141, 0.000000000000000000 ) ) ;
#90 = EDGE_LOOP ( 'NONE', ( #2136, #1354, #598, #2806 ) ) ;
#91 = MECHANICAL_DESIGN_GEOMETRIC_PRESENTATION_REPRESENTATION (  '', ( #1228 ), #1885 ) ;
#92 = CARTESIAN_POINT ( 'NONE',  ( 5.488299253503965858, 6.977204153019552102, 7.705000000000000071 ) ) ;
#93 = VECTOR ( 'NONE', #1360, 1000.000000000000000 ) ;
#94 = UNCERTAINTY_MEASURE_WITH_UNIT (LENGTH_MEASURE( 1.000000000000000082E-05 ), #1566, 'distance_accuracy_value', 'NONE');
#95 = ORIENTED_EDGE ( 'NONE', *, *, #78, .T. ) ;
#96 = ADVANCED_FACE ( 'NONE', ( #1155 ), #400, .F. ) ;
#97 = DIRECTION ( 'NONE',  ( 0.000000000000000000, 0.000000000000000000, -1.000000000000000000 ) ) ;
#98 = FILL_AREA_STYLE_COLOUR ( '', #723 ) ;
#99 = EDGE_CURVE ( 'NONE', #781, #1080, #1295, .T. ) ;
#100 = CARTESIAN_POINT ( 'NONE',  ( 16.75000000000000000, -6.000000000000000000, 3.850000000000000089 ) ) ;
#101 = ORIENTED_EDGE ( 'NONE', *, *, #2990, .T. ) ;
#102 = DIRECTION ( 'NONE',  ( 0.2762437428917223770, 0.9610876102172850599, 0.000000000000000000 ) ) ;
#103 = PRESENTATION_STYLE_ASSIGNMENT (( #2826 ) ) ;
#104 = CARTESIAN_POINT ( 'NONE',  ( 10.37546720159486036, 7.705749355218820540, 7.705000000000000071 ) ) ;
#105 = ORIENTED_EDGE ( 'NONE', *, *, #714, .F. ) ;
#106 = ORIENTED_EDGE ( 'NONE', *, *, #200, .T. ) ;
#107 = DIRECTION ( 'NONE',  ( 0.000000000000000000, 1.000000000000000000, 0.000000000000000000 ) ) ;
#108 = ORIENTED_EDGE ( 'NONE', *, *, #336, .T. ) ;
#109 =( NAMED_UNIT ( * ) PLANE_ANGLE_UNIT ( ) SI_UNIT ( $, .RADIAN. ) );
#110 = PRESENTATION_STYLE_ASSIGNMENT (( #1526 ) ) ;
#111 = ADVANCED_FACE ( 'NONE', ( #1541 ), #742, .F. ) ;
#112 = PLANE ( 'NONE',  #2267 ) ;
#113 = VERTEX_POINT ( 'NONE', #2673 ) ;
#114 = PLANE ( 'NONE',  #2302 ) ;
#115 = DIRECTION ( 'NONE',  ( -0.9610992334304891971, 0.2762033010290175783, 0.000000000000000000 ) ) ;
#116 = DIRECTION ( 'NONE',  ( 1.000000000000000000, 0.000000000000000000, 0.000000000000000000 ) ) ;
#117 = DIRECTION ( 'NONE',  ( -0.2762033010252004650, -0.9610992334315860974, -0.000000000000000000 ) ) ;
#118 = VERTEX_POINT ( 'NONE', #1995 ) ;
#119 = VERTEX_POINT ( 'NONE', #1391 ) ;
#120 = LINE ( 'NONE', #848, #2019 ) ;
#121 = VECTOR ( 'NONE', #1821, 1000.000000000000000 ) ;
#122 = VERTEX_POINT ( 'NONE', #3047 ) ;
#123 = VECTOR ( 'NONE', #658, 1000.000000000000000 ) ;
#124 = CARTESIAN_POINT ( 'NONE',  ( 6.888674853712253743, 6.246308825333078296, 7.705000000000000071 ) ) ;
#125 =( GEOMETRIC_REPRESENTATION_CONTEXT ( 3 ) GLOBAL_UNCERTAINTY_ASSIGNED_CONTEXT ( ( #2915 ) ) GLOBAL_UNIT_ASSIGNED_CONTEXT ( ( #2434, #995, #1685 ) ) REPRESENTATION_CONTEXT ( 'NONE', 'WORKASPACE' ) );
#126 = PLANE ( 'NONE',  #465 ) ;
#127 = AXIS2_PLACEMENT_3D ( 'NONE', #857, #2733, #578 ) ;
#128 = CARTESIAN_POINT ( 'NONE',  ( 8.200952163646057613, 7.529811274375007635, 7.705000000000000071 ) ) ;
#129 = CARTESIAN_POINT ( 'NONE',  ( 10.05664773880616991, 7.924235418444622425, 7.700000000000000178 ) ) ;
#130 = ORIENTED_EDGE ( 'NONE', *, *, #469, .T. ) ;
#131 = STYLED_ITEM ( 'NONE', ( #891 ), #1652 ) ;
#132 = EDGE_CURVE ( 'NONE', #1992, #221, #1101, .T. ) ;
#133 = DIRECTION ( 'NONE',  ( -0.7385882273176024304, -0.6741568292822089914, 0.000000000000000000 ) ) ;
#134 = DIRECTION ( 'NONE',  ( 1.000000000000000000, 0.000000000000000000, 0.000000000000000000 ) ) ;
#135 = DIRECTION ( 'NONE',  ( -0.2764273280489764617, -0.9610348236706636182, 0.000000000000000000 ) ) ;
#136 = ORIENTED_EDGE ( 'NONE', *, *, #464, .F. ) ;
#137 = FILL_AREA_STYLE ('',( #2685 ) ) ;
#138 = ORIENTED_EDGE ( 'NONE', *, *, #629, .F. ) ;
#139 = EDGE_CURVE ( 'NONE', #2237, #1080, #2761, .T. ) ;
#140 = VECTOR ( 'NONE', #386, 1000.000000000000000 ) ;
#141 = DIRECTION ( 'NONE',  ( 0.000000000000000000, -1.000000000000000000, 0.000000000000000000 ) ) ;
#142 = ADVANCED_BREP_SHAPE_REPRESENTATION ( 'CFR_RB2_18X13.5X7.5_L18.5H13.6T7.7S15LL6F0.85', ( #3012, #3023, #2943, #2030, #1382 ), #2468 ) ;
#143 = CARTESIAN_POINT ( 'NONE',  ( 11.57743352744045318, 7.144321387523858924, 7.705000000000000071 ) ) ;
#144 = COLOUR_RGB ( '',0.7921568627450980005, 0.8196078431372548767, 0.9333333333333333481 ) ;
#145 = LINE ( 'NONE', #773, #2070 ) ;
#146 = ORIENTED_EDGE ( 'NONE', *, *, #1252, .T. ) ;
#147 = FACE_OUTER_BOUND ( 'NONE', #2985, .T. ) ;
#148 = DIRECTION ( 'NONE',  ( -0.000000000000000000, -0.000000000000000000, 1.000000000000000000 ) ) ;
#149 = CARTESIAN_POINT ( 'NONE',  ( 6.782137931756158977, 7.924235418444622425, 7.700000000000000178 ) ) ;
#150 = EDGE_CURVE ( 'NONE', #282, #2038, #1574, .T. ) ;
#151 = ORIENTED_EDGE ( 'NONE', *, *, #728, .T. ) ;
#152 = DIRECTION ( 'NONE',  ( -1.000000000000000000, -0.000000000000000000, -0.000000000000000000 ) ) ;
#153 = VERTEX_POINT ( 'NONE', #1115 ) ;
#154 = DIRECTION ( 'NONE',  ( -0.7385882273176024304, -0.6741568292822089914, -7.420345528124593179E-17 ) ) ;
#155 = ADVANCED_FACE ( 'NONE', ( #2460 ), #2739, .F. ) ;
#156 = LINE ( 'NONE', #1104, #273 ) ;
#157 = DIRECTION ( 'NONE',  ( 0.000000000000000000, 0.000000000000000000, -1.000000000000000000 ) ) ;
#158 = DIRECTION ( 'NONE',  ( 0.2732148821746286926, 0.9619530280415483636, 0.000000000000000000 ) ) ;
#159 = DIRECTION ( 'NONE',  ( -1.002616505299178800E-15, 1.000000000000000000, 0.000000000000000000 ) ) ;
#160 = DIRECTION ( 'NONE',  ( -0.2762033010252004650, -0.9610992334315860974, -0.000000000000000000 ) ) ;
#161 = ORIENTED_EDGE ( 'NONE', *, *, #2591, .F. ) ;
#162 = CARTESIAN_POINT ( 'NONE',  ( 8.947895129408749426, 7.696865502838267759, 7.705000000000000071 ) ) ;
#163 = ORIENTED_EDGE ( 'NONE', *, *, #1246, .T. ) ;
#164 = ORIENTED_EDGE ( 'NONE', *, *, #2665, .F. ) ;
#165 = EDGE_CURVE ( 'NONE', #736, #922, #3053, .T. ) ;
#166 = CARTESIAN_POINT ( 'NONE',  ( 0.6166666049999998123, 0.7500000000000000000, 7.083333394999998589 ) ) ;
#167 = PRESENTATION_STYLE_ASSIGNMENT (( #624 ) ) ;
#168 = AXIS2_PLACEMENT_3D ( 'NONE', #2785, #903, #2324 ) ;
#169 = CARTESIAN_POINT ( 'NONE',  ( 10.37546720159486036, 7.705749355218820540, 7.705000000000000071 ) ) ;
#170 =( GEOMETRIC_REPRESENTATION_CONTEXT ( 3 ) GLOBAL_UNCERTAINTY_ASSIGNED_CONTEXT ( ( #1018 ) ) GLOBAL_UNIT_ASSIGNED_CONTEXT ( ( #1110, #634, #1849 ) ) REPRESENTATION_CONTEXT ( 'NONE', 'WORKASPACE' ) );
#171 = ORIENTED_EDGE ( 'NONE', *, *, #2574, .F. ) ;
#172 = PRESENTATION_LAYER_ASSIGNMENT (  '', '', ( #2248 ) ) ;
#173 = DIRECTION ( 'NONE',  ( 1.000000000000000000, 0.000000000000000000, 0.000000000000000000 ) ) ;
#174 = VECTOR ( 'NONE', #942, 1000.000000000000114 ) ;
#175 = VERTEX_POINT ( 'NONE', #2867 ) ;
#176 = ORIENTED_EDGE ( 'NONE', *, *, #42, .T. ) ;
#177 = FACE_OUTER_BOUND ( 'NONE', #862, .T. ) ;
#178 =( GEOMETRIC_REPRESENTATION_CONTEXT ( 3 ) GLOBAL_UNCERTAINTY_ASSIGNED_CONTEXT ( ( #94 ) ) GLOBAL_UNIT_ASSIGNED_CONTEXT ( ( #1566, #392, #842 ) ) REPRESENTATION_CONTEXT ( 'NONE', 'WORKASPACE' ) );
#179 = LINE ( 'NONE', #242, #2343 ) ;
#180 = DIRECTION ( 'NONE',  ( 0.000000000000000000, 0.000000000000000000, 1.000000000000000000 ) ) ;
#181 = CARTESIAN_POINT ( 'NONE',  ( 6.893889475767603692, 7.627157823253259750, 0.6166666050000000343 ) ) ;
#182 = CARTESIAN_POINT ( 'NONE',  ( 8.947895129408749426, 7.696865502838267759, 7.700000000000000178 ) ) ;
#183 = VECTOR ( 'NONE', #1790, 1000.000000000000114 ) ;
#184 = CARTESIAN_POINT ( 'NONE',  ( 14.73625499999999811, 0.4689279999999999005, 0.000000000000000000 ) ) ;
#185 = ADVANCED_FACE ( 'NONE', ( #1452 ), #749, .F. ) ;
#186 = VECTOR ( 'NONE', #272, 1000.000000000000000 ) ;
#187 = CYLINDRICAL_SURFACE ( 'NONE', #2763, 0.5000000000000000000 ) ;
#188 = VECTOR ( 'NONE', #1044, 999.9999999999998863 ) ;
#189 = DIRECTION ( 'NONE',  ( -1.000000000000000000, 0.000000000000000000, -1.004666098601887175E-16 ) ) ;
#190 =( NAMED_UNIT ( * ) SI_UNIT ( $, .STERADIAN. ) SOLID_ANGLE_UNIT ( ) );
#191 =( NAMED_UNIT ( * ) SI_UNIT ( $, .STERADIAN. ) SOLID_ANGLE_UNIT ( ) );
#192 = CARTESIAN_POINT ( 'NONE',  ( 10.61909897749128184, 5.852079999999935112, 7.705000000000000071 ) ) ;
#193 = ORIENTED_EDGE ( 'NONE', *, *, #2380, .F. ) ;
#194 = CARTESIAN_POINT ( 'NONE',  ( 11.57743352744045318, 7.144321387523858924, 7.700000000000000178 ) ) ;
#195 = DIRECTION ( 'NONE',  ( 0.000000000000000000, 0.000000000000000000, 1.000000000000000000 ) ) ;
#196 = ORIENTED_EDGE ( 'NONE', *, *, #2436, .T. ) ;
#197 = DIRECTION ( 'NONE',  ( -0.7059037656364501867, -0.7083077534943971187, -0.000000000000000000 ) ) ;
#198 = FACE_OUTER_BOUND ( 'NONE', #701, .T. ) ;
#199 = LINE ( 'NONE', #2311, #1813 ) ;
#200 = EDGE_CURVE ( 'NONE', #1604, #993, #1162, .T. ) ;
#201 =( NAMED_UNIT ( * ) PLANE_ANGLE_UNIT ( ) SI_UNIT ( $, .RADIAN. ) );
#202 = LINE ( 'NONE', #192, #586 ) ;
#203 = ORIENTED_EDGE ( 'NONE', *, *, #2482, .F. ) ;
#204 = EDGE_CURVE ( 'NONE', #804, #1701, #1169, .T. ) ;
#205 =( NAMED_UNIT ( * ) PLANE_ANGLE_UNIT ( ) SI_UNIT ( $, .RADIAN. ) );
#206 = FACE_OUTER_BOUND ( 'NONE', #1217, .T. ) ;
#207 = VERTEX_POINT ( 'NONE', #2294 ) ;
#208 = LINE ( 'NONE', #1680, #473 ) ;
#209 = SURFACE_SIDE_STYLE ('',( #2334 ) ) ;
#210 = DIRECTION ( 'NONE',  ( 0.2763173343569615970, 0.9610664548999008350, 0.000000000000000000 ) ) ;
#211 = DIRECTION ( 'NONE',  ( -1.000000000000000000, 0.000000000000000000, -1.004666098601887175E-16 ) ) ;
#212 = ORIENTED_EDGE ( 'NONE', *, *, #1852, .F. ) ;
#213 =( NAMED_UNIT ( * ) PLANE_ANGLE_UNIT ( ) SI_UNIT ( $, .RADIAN. ) );
#214 = DIRECTION ( 'NONE',  ( 0.7385882273176024304, -0.6741568292822089914, -0.000000000000000000 ) ) ;
#215 = CIRCLE ( 'NONE', #2203, 0.4250000000000000444 ) ;
#216 = SURFACE_STYLE_FILL_AREA ( #2134 ) ;
#217 = VECTOR ( 'NONE', #1949, 1000.000000000000000 ) ;
#218 = CARTESIAN_POINT ( 'NONE',  ( 7.035415933177614711, 6.761320239467497828, 7.700000000000000178 ) ) ;
#219 = LINE ( 'NONE', #1366, #707 ) ;
#220 = EDGE_CURVE ( 'NONE', #729, #263, #3036, .T. ) ;
#221 = VERTEX_POINT ( 'NONE', #1641 ) ;
#222 = AXIS2_PLACEMENT_3D ( 'NONE', #2910, #43, #1735 ) ;
#223 = CARTESIAN_POINT ( 'NONE',  ( 9.402119625592375129, 7.924235418444622425, 7.700000000000000178 ) ) ;
#224 = DIRECTION ( 'NONE',  ( 0.000000000000000000, 0.000000000000000000, -1.000000000000000000 ) ) ;
#225 = VECTOR ( 'NONE', #2435, 1000.000000000000227 ) ;
#226 = EDGE_CURVE ( 'NONE', #2147, #1249, #1621, .T. ) ;
#227 = ORIENTED_EDGE ( 'NONE', *, *, #2929, .F. ) ;
#228 = CARTESIAN_POINT ( 'NONE',  ( 5.488299253503965858, 6.977204153019552102, 7.705000000000000071 ) ) ;
#229 = PRESENTATION_LAYER_ASSIGNMENT (  '', '', ( #1173 ) ) ;
#230 = LINE ( 'NONE', #704, #2515 ) ;
#231 = DIRECTION ( 'NONE',  ( 0.000000000000000000, -0.000000000000000000, -1.000000000000000000 ) ) ;
#232 = STYLED_ITEM ( 'NONE', ( #1966 ), #1902 ) ;
#233 = DIRECTION ( 'NONE',  ( 0.2745159998572630489, 0.9615825319869153454, 0.000000000000000000 ) ) ;
#234 = AXIS2_PLACEMENT_3D ( 'NONE', #1843, #1395, #210 ) ;
#235 = PLANE ( 'NONE',  #521 ) ;
#236 = VECTOR ( 'NONE', #2095, 1000.000000000000000 ) ;
#237 = FACE_OUTER_BOUND ( 'NONE', #2066, .T. ) ;
#238 = EDGE_LOOP ( 'NONE', ( #15, #2083, #1254, #106 ) ) ;
#239 = VERTEX_POINT ( 'NONE', #1581 ) ;
#240 = DIRECTION ( 'NONE',  ( 1.000000000000000000, 0.000000000000000000, 0.000000000000000000 ) ) ;
#241 = EDGE_CURVE ( 'NONE', #3016, #2897, #436, .T. ) ;
#242 = CARTESIAN_POINT ( 'NONE',  ( 9.396907711110600303, 5.852079999999935112, 7.700000000000000178 ) ) ;
#243 = DIRECTION ( 'NONE',  ( 0.000000000000000000, 0.000000000000000000, -1.000000000000000000 ) ) ;
#244 = ORIENTED_EDGE ( 'NONE', *, *, #2627, .F. ) ;
#245 = FACE_OUTER_BOUND ( 'NONE', #1264, .T. ) ;
#246 = PLANE ( 'NONE',  #1679 ) ;
#247 = ORIENTED_EDGE ( 'NONE', *, *, #2954, .T. ) ;
#248 = CARTESIAN_POINT ( 'NONE',  ( 8.844489607891244276, 5.852079999999935112, 7.705000000000000071 ) ) ;
#249 = CARTESIAN_POINT ( 'NONE',  ( 3.763745000000000118, 0.4689279999999999005, 7.083333394999996813 ) ) ;
#250 = ORIENTED_EDGE ( 'NONE', *, *, #1040, .T. ) ;
#251 = PRESENTATION_STYLE_ASSIGNMENT (( #1000 ) ) ;
#252 = DIRECTION ( 'NONE',  ( -0.2793947940878294678, -0.9601763114327594995, 0.000000000000000000 ) ) ;
#253 = EDGE_CURVE ( 'NONE', #2405, #2147, #1384, .T. ) ;
#254 =( LENGTH_UNIT ( ) NAMED_UNIT ( * ) SI_UNIT ( .MILLI., .METRE. ) );
#255 = EDGE_CURVE ( 'NONE', #1675, #651, #451, .T. ) ;
#256 = PRESENTATION_LAYER_ASSIGNMENT (  '', '', ( #2241 ) ) ;
#257 = ORIENTED_EDGE ( 'NONE', *, *, #2288, .T. ) ;
#258 = AXIS2_PLACEMENT_3D ( 'NONE', #2470, #1856, #2714 ) ;
#259 = DIRECTION ( 'NONE',  ( 0.000000000000000000, 0.000000000000000000, 1.000000000000000000 ) ) ;
#260 = DIRECTION ( 'NONE',  ( 0.2762033010290175783, 0.9610992334304890861, 0.000000000000000000 ) ) ;
#261 = CARTESIAN_POINT ( 'NONE',  ( 8.947895129408749426, 7.696865502838267759, 7.700000000000000178 ) ) ;
#262 = VECTOR ( 'NONE', #1788, 1000.000000000000114 ) ;
#263 = VERTEX_POINT ( 'NONE', #888 ) ;
#264 = CARTESIAN_POINT ( 'NONE',  ( 10.05664773880616991, 7.924235418444622425, 7.705000000000000071 ) ) ;
#265 = DIRECTION ( 'NONE',  ( 0.3829140317376762415, -0.9237839814038766306, 0.000000000000000000 ) ) ;
#266 = LINE ( 'NONE', #520, #2260 ) ;
#267 = SURFACE_STYLE_FILL_AREA ( #3010 ) ;
#268 = VECTOR ( 'NONE', #318, 1000.000000000000000 ) ;
#269 = ADVANCED_FACE ( 'NONE', ( #1846 ), #670, .F. ) ;
#270 = DIRECTION ( 'NONE',  ( 0.000000000000000000, -1.000000000000000000, 0.000000000000000000 ) ) ;
#271 = EDGE_CURVE ( 'NONE', #1063, #1493, #1829, .T. ) ;
#272 = DIRECTION ( 'NONE',  ( -0.000000000000000000, -1.000000000000000000, -0.000000000000000000 ) ) ;
#273 = VECTOR ( 'NONE', #2510, 1000.000000000000000 ) ;
#274 = ORIENTED_EDGE ( 'NONE', *, *, #2831, .T. ) ;
#275 = ORIENTED_EDGE ( 'NONE', *, *, #2901, .T. ) ;
#276 = SURFACE_STYLE_USAGE ( .BOTH. , #2433 ) ;
#277 = DIRECTION ( 'NONE',  ( 0.000000000000000000, 0.000000000000000000, -1.000000000000000000 ) ) ;
#278 = ORIENTED_EDGE ( 'NONE', *, *, #3025, .T. ) ;
#279 = MECHANICAL_DESIGN_GEOMETRIC_PRESENTATION_REPRESENTATION (  '', ( #1086 ), #1534 ) ;
#280 = FILL_AREA_STYLE ('',( #34 ) ) ;
#281 = DIRECTION ( 'NONE',  ( 0.2762033010290175783, 0.9610992334304890861, 0.000000000000000000 ) ) ;
#282 = VERTEX_POINT ( 'NONE', #2280 ) ;
#283 = DIRECTION ( 'NONE',  ( 0.9610992334315862085, -0.2762033010252005205, 0.000000000000000000 ) ) ;
#284 = FACE_OUTER_BOUND ( 'NONE', #846, .T. ) ;
#285 = FACE_OUTER_BOUND ( 'NONE', #2375, .T. ) ;
#286 = CARTESIAN_POINT ( 'NONE',  ( 8.418203306722089607, 5.852079999999935112, 7.705000000000000071 ) ) ;
#287 = ORIENTED_EDGE ( 'NONE', *, *, #1197, .T. ) ;
#288 = ORIENTED_EDGE ( 'NONE', *, *, #1454, .F. ) ;
#289 = EDGE_CURVE ( 'NONE', #118, #2521, #199, .T. ) ;
#290 = LINE ( 'NONE', #778, #765 ) ;
#291 = DIRECTION ( 'NONE',  ( 0.000000000000000000, 0.000000000000000000, -1.000000000000000000 ) ) ;
#292 = VERTEX_POINT ( 'NONE', #1876 ) ;
#293 = ORIENTED_EDGE ( 'NONE', *, *, #2555, .F. ) ;
#294 = ORIENTED_EDGE ( 'NONE', *, *, #2200, .T. ) ;
#295 = DIRECTION ( 'NONE',  ( 7.938847109813995586E-05, 0.9999999968487353064, -0.000000000000000000 ) ) ;
#296 = ORIENTED_EDGE ( 'NONE', *, *, #2929, .T. ) ;
#297 = DIRECTION ( 'NONE',  ( -0.000000000000000000, -0.000000000000000000, -1.000000000000000000 ) ) ;
#298 = DIRECTION ( 'NONE',  ( -1.000000000000000000, -0.000000000000000000, -0.000000000000000000 ) ) ;
#299 = LINE ( 'NONE', #1491, #2902 ) ;
#300 =( NAMED_UNIT ( * ) PLANE_ANGLE_UNIT ( ) SI_UNIT ( $, .RADIAN. ) );
#301 = FILL_AREA_STYLE ('',( #1247 ) ) ;
#302 = FILL_AREA_STYLE_COLOUR ( '', #813 ) ;
#303 = ORIENTED_EDGE ( 'NONE', *, *, #1438, .F. ) ;
#304 = LINE ( 'NONE', #1762, #2647 ) ;
#305 = DIRECTION ( 'NONE',  ( -0.000000000000000000, -0.000000000000000000, -1.000000000000000000 ) ) ;
#306 = LINE ( 'NONE', #261, #225 ) ;
#307 = EDGE_CURVE ( 'NONE', #764, #1147, #870, .T. ) ;
#308 = ORIENTED_EDGE ( 'NONE', *, *, #587, .T. ) ;
#309 = VECTOR ( 'NONE', #37, 1000.000000000000000 ) ;
#310 = VECTOR ( 'NONE', #1711, 999.9999999999998863 ) ;
#311 = EDGE_CURVE ( 'NONE', #2522, #2643, #1810, .T. ) ;
#312 = EDGE_LOOP ( 'NONE', ( #361, #1869, #3041, #895 ) ) ;
#313 = VECTOR ( 'NONE', #1962, 1000.000000000000000 ) ;
#314 = SURFACE_SIDE_STYLE ('',( #1981 ) ) ;
#315 = VECTOR ( 'NONE', #374, 1000.000000000000000 ) ;
#316 = FACE_OUTER_BOUND ( 'NONE', #2296, .T. ) ;
#317 = COLOUR_RGB ( '',0.4980392156862745168, 0.4980392156862745168, 0.4980392156862745168 ) ;
#318 = DIRECTION ( 'NONE',  ( -0.000000000000000000, -0.000000000000000000, -1.000000000000000000 ) ) ;
#319 = VECTOR ( 'NONE', #1489, 1000.000000000000000 ) ;
#320 = ORIENTED_EDGE ( 'NONE', *, *, #2215, .F. ) ;
#321 = CARTESIAN_POINT ( 'NONE',  ( 8.947895129408749426, 7.696865502838267759, 7.705000000000000071 ) ) ;
#322 = LINE ( 'NONE', #806, #1973 ) ;
#323 = CARTESIAN_POINT ( 'NONE',  ( 13.26912064084475595, 7.524140730296597468, 7.705000000000000071 ) ) ;
#324 = PLANE ( 'NONE',  #2605 ) ;
#325 = MECHANICAL_DESIGN_GEOMETRIC_PRESENTATION_REPRESENTATION (  '', ( #1723 ), #1372 ) ;
#326 = PLANE ( 'NONE',  #2601 ) ;
#327 = LINE ( 'NONE', #1046, #420 ) ;
#328 = ORIENTED_EDGE ( 'NONE', *, *, #1692, .F. ) ;
#329 = AXIS2_PLACEMENT_3D ( 'NONE', #3040, #1643, #1158 ) ;
#330 = VECTOR ( 'NONE', #471, 1000.000000000000000 ) ;
#331 = ORIENTED_EDGE ( 'NONE', *, *, #1454, .T. ) ;
#332 = PLANE ( 'NONE',  #511 ) ;
#333 = EDGE_CURVE ( 'NONE', #956, #1286, #1105, .T. ) ;
#334 = DIRECTION ( 'NONE',  ( 0.000000000000000000, 0.000000000000000000, -1.000000000000000000 ) ) ;
#335 = DIRECTION ( 'NONE',  ( 0.000000000000000000, 0.000000000000000000, -1.000000000000000000 ) ) ;
#336 = EDGE_CURVE ( 'NONE', #1193, #1729, #1520, .T. ) ;
#337 = FILL_AREA_STYLE_COLOUR ( '', #2508 ) ;
#338 = SURFACE_STYLE_USAGE ( .BOTH. , #2469 ) ;
#339 = LINE ( 'NONE', #2947, #2942 ) ;
#340 = ORIENTED_EDGE ( 'NONE', *, *, #2768, .T. ) ;
#341 = FACE_OUTER_BOUND ( 'NONE', #90, .T. ) ;
#342 = DIRECTION ( 'NONE',  ( 0.7385882273176024304, -0.6741568292822089914, -0.000000000000000000 ) ) ;
#343 = SURFACE_STYLE_FILL_AREA ( #1276 ) ;
#344 = LINE ( 'NONE', #1062, #1081 ) ;
#345 = ORIENTED_EDGE ( 'NONE', *, *, #1809, .F. ) ;
#346 = ORIENTED_EDGE ( 'NONE', *, *, #2219, .T. ) ;
#347 = ORIENTED_EDGE ( 'NONE', *, *, #2464, .F. ) ;
#348 = CARTESIAN_POINT ( 'NONE',  ( 10.96548101203375403, 7.924235418444622425, 7.705000000000000071 ) ) ;
#349 = ADVANCED_FACE ( 'NONE', ( #1595 ), #2077, .F. ) ;
#350 = LINE ( 'NONE', #1298, #310 ) ;
#351 = DIRECTION ( 'NONE',  ( 0.000000000000000000, -1.000000000000000000, 0.000000000000000000 ) ) ;
#352 = FACE_OUTER_BOUND ( 'NONE', #86, .T. ) ;
#353 = LINE ( 'NONE', #2244, #3056 ) ;
#354 = CARTESIAN_POINT ( 'NONE',  ( 8.312976912160237930, 7.924235418444622425, 7.705000000000000071 ) ) ;
#355 = VERTEX_POINT ( 'NONE', #2138 ) ;
#356 = CARTESIAN_POINT ( 'NONE',  ( 11.68958428804255867, 7.529741967723015961, 7.700000000000000178 ) ) ;
#357 = LINE ( 'NONE', #1799, #3054 ) ;
#358 = ORIENTED_EDGE ( 'NONE', *, *, #805, .T. ) ;
#359 = ORIENTED_EDGE ( 'NONE', *, *, #851, .T. ) ;
#360 = CARTESIAN_POINT ( 'NONE',  ( 8.034099554527626807, 7.144390694176951051, 7.705000000000000071 ) ) ;
#361 = ORIENTED_EDGE ( 'NONE', *, *, #2893, .T. ) ;
#362 = VECTOR ( 'NONE', #2717, 1000.000000000000000 ) ;
#363 = PRESENTATION_STYLE_ASSIGNMENT (( #2262 ) ) ;
#364 = VECTOR ( 'NONE', #2874, 1000.000000000000000 ) ;
#365 = EDGE_CURVE ( 'NONE', #1729, #736, #1374, .T. ) ;
#366 = CARTESIAN_POINT ( 'NONE',  ( 8.037363267667190669, 6.246308825333078296, 7.705000000000000071 ) ) ;
#367 = DIRECTION ( 'NONE',  ( -1.000000000000000000, 0.000000000000000000, 0.000000000000000000 ) ) ;
#368 = CARTESIAN_POINT ( 'NONE',  ( 7.924683256288299837, 6.761320239467497828, 7.705000000000000071 ) ) ;
#369 =( GEOMETRIC_REPRESENTATION_CONTEXT ( 3 ) GLOBAL_UNCERTAINTY_ASSIGNED_CONTEXT ( ( #398 ) ) GLOBAL_UNIT_ASSIGNED_CONTEXT ( ( #2923, #1446, #531 ) ) REPRESENTATION_CONTEXT ( 'NONE', 'WORKASPACE' ) );
#370 = DIRECTION ( 'NONE',  ( -0.000000000000000000, -0.000000000000000000, 1.000000000000000000 ) ) ;
#371 = EDGE_LOOP ( 'NONE', ( #257, #797, #2719, #550 ) ) ;
#372 = AXIS2_PLACEMENT_3D ( 'NONE', #2514, #1743, #2716 ) ;
#373 = EDGE_CURVE ( 'NONE', #2065, #1850, #443, .T. ) ;
#374 = DIRECTION ( 'NONE',  ( -0.000000000000000000, -0.000000000000000000, -1.000000000000000000 ) ) ;
#375 = FACE_OUTER_BOUND ( 'NONE', #2666, .T. ) ;
#376 = DIRECTION ( 'NONE',  ( -0.2762517575166417161, -0.9610853065513833560, 0.000000000000000000 ) ) ;
#377 = PLANE ( 'NONE',  #2347 ) ;
#378 = STYLED_ITEM ( 'NONE', ( #110 ), #1857 ) ;
#379 = ORIENTED_EDGE ( 'NONE', *, *, #1687, .T. ) ;
#380 = ORIENTED_EDGE ( 'NONE', *, *, #365, .T. ) ;
#381 = COLOUR_RGB ( '',0.4980392156862745168, 0.4980392156862745168, 0.4980392156862745168 ) ;
#382 = EDGE_CURVE ( 'NONE', #401, #239, #179, .T. ) ;
#383 = VECTOR ( 'NONE', #1071, 999.9999999999998863 ) ;
#384 = ORIENTED_EDGE ( 'NONE', *, *, #1116, .F. ) ;
#385 = VECTOR ( 'NONE', #2792, 1000.000000000000227 ) ;
#386 = DIRECTION ( 'NONE',  ( -0.000000000000000000, -0.000000000000000000, -1.000000000000000000 ) ) ;
#387 = FACE_OUTER_BOUND ( 'NONE', #76, .T. ) ;
#388 = CARTESIAN_POINT ( 'NONE',  ( 12.46668824934210562, 7.144321387523858924, 7.705000000000000071 ) ) ;
#389 = FILL_AREA_STYLE ('',( #337 ) ) ;
#390 = VERTEX_POINT ( 'NONE', #1389 ) ;
#391 = DIRECTION ( 'NONE',  ( -0.000000000000000000, -0.000000000000000000, -1.000000000000000000 ) ) ;
#392 =( NAMED_UNIT ( * ) PLANE_ANGLE_UNIT ( ) SI_UNIT ( $, .RADIAN. ) );
#393 = LINE ( 'NONE', #1289, #2511 ) ;
#394 = ADVANCED_FACE ( 'NONE', ( #2584 ), #2125, .T. ) ;
#395 = ORIENTED_EDGE ( 'NONE', *, *, #453, .F. ) ;
#396 = ORIENTED_EDGE ( 'NONE', *, *, #1381, .F. ) ;
#397 = ORIENTED_EDGE ( 'NONE', *, *, #1346, .F. ) ;
#398 = UNCERTAINTY_MEASURE_WITH_UNIT (LENGTH_MEASURE( 1.000000000000000082E-05 ), #2923, 'distance_accuracy_value', 'NONE');
#399 = CARTESIAN_POINT ( 'NONE',  ( 18.29289321881344677, 13.59999999999999787, 7.492893218813451384 ) ) ;
#400 = PLANE ( 'NONE',  #2844 ) ;
#401 = VERTEX_POINT ( 'NONE', #941 ) ;
#402 = PLANE ( 'NONE',  #477 ) ;
#403 = DIRECTION ( 'NONE',  ( -1.000000000000000000, 0.000000000000000000, 0.000000000000000000 ) ) ;
#404 = SURFACE_STYLE_USAGE ( .BOTH. , #2285 ) ;
#405 = DIRECTION ( 'NONE',  ( -1.000000000000000000, 0.000000000000000000, 0.000000000000000000 ) ) ;
#406 = ORIENTED_EDGE ( 'NONE', *, *, #2831, .F. ) ;
#407 = ORIENTED_EDGE ( 'NONE', *, *, #2618, .T. ) ;
#408 = ORIENTED_EDGE ( 'NONE', *, *, #1918, .T. ) ;
#409 = DIRECTION ( 'NONE',  ( -1.000000000000000000, 0.000000000000000000, 0.000000000000000000 ) ) ;
#410 = ADVANCED_FACE ( 'NONE', ( #206 ), #1909, .F. ) ;
#411 = SURFACE_STYLE_USAGE ( .BOTH. , #898 ) ;
#412 = LINE ( 'NONE', #2572, #93 ) ;
#413 = EDGE_CURVE ( 'NONE', #1819, #2779, #2345, .T. ) ;
#414 = PLANE ( 'NONE',  #565 ) ;
#415 = VECTOR ( 'NONE', #1806, 1000.000000000000000 ) ;
#416 = CARTESIAN_POINT ( 'NONE',  ( 0.2071067811865474895, 13.59999999999999787, 7.492893218813451384 ) ) ;
#417 = EDGE_CURVE ( 'NONE', #514, #2688, #1161, .T. ) ;
#418 =( NAMED_UNIT ( * ) SI_UNIT ( $, .STERADIAN. ) SOLID_ANGLE_UNIT ( ) );
#419 = CARTESIAN_POINT ( 'NONE',  ( 9.396907711110600303, 5.852079999999935112, 7.705000000000000071 ) ) ;
#420 = VECTOR ( 'NONE', #1765, 1000.000000000000114 ) ;
#421 = FACE_OUTER_BOUND ( 'NONE', #2220, .T. ) ;
#422 =( LENGTH_UNIT ( ) NAMED_UNIT ( * ) SI_UNIT ( .MILLI., .METRE. ) );
#423 = VECTOR ( 'NONE', #509, 1000.000000000000000 ) ;
#424 = DIRECTION ( 'NONE',  ( 0.9280290862137038355, 0.3725077383643967677, -0.000000000000000000 ) ) ;
#425 = PRESENTATION_LAYER_ASSIGNMENT (  '', '', ( #1517 ) ) ;
#426 = EDGE_LOOP ( 'NONE', ( #441, #2516, #2235, #986 ) ) ;
#427 = FILL_AREA_STYLE ('',( #1613 ) ) ;
#428 =( GEOMETRIC_REPRESENTATION_CONTEXT ( 3 ) GLOBAL_UNCERTAINTY_ASSIGNED_CONTEXT ( ( #1994 ) ) GLOBAL_UNIT_ASSIGNED_CONTEXT ( ( #1653, #1145, #937 ) ) REPRESENTATION_CONTEXT ( 'NONE', 'WORKASPACE' ) );
#429 = DIRECTION ( 'NONE',  ( 0.000000000000000000, 1.000000000000000000, 0.000000000000000000 ) ) ;
#430 = DIRECTION ( 'NONE',  ( -0.9612934544747577803, 0.2755265765475026774, 0.000000000000000000 ) ) ;
#431 = CARTESIAN_POINT ( 'NONE',  ( 10.96548101203375403, 7.924235418444622425, 7.700000000000000178 ) ) ;
#432 = VECTOR ( 'NONE', #1901, 1000.000000000000000 ) ;
#433 = CARTESIAN_POINT ( 'NONE',  ( 8.049365917641033263, 5.852079999999935112, 7.705000000000000071 ) ) ;
#434 = EDGE_CURVE ( 'NONE', #496, #1688, #716, .T. ) ;
#435 = LINE ( 'NONE', #2834, #2554 ) ;
#436 = LINE ( 'NONE', #2977, #3037 ) ;
#437 = CARTESIAN_POINT ( 'NONE',  ( -0.2249145928931925442, -0.8548134582023201311, 7.700000000000000178 ) ) ;
#438 = AXIS2_PLACEMENT_3D ( 'NONE', #1657, #945, #1152 ) ;
#439 = CARTESIAN_POINT ( 'NONE',  ( 16.75000000000000000, -6.000000000000000000, 3.850000000000000089 ) ) ;
#440 = CARTESIAN_POINT ( 'NONE',  ( 12.18467319065931598, 5.852079999999936000, 7.705000000000000071 ) ) ;
#441 = ORIENTED_EDGE ( 'NONE', *, *, #2053, .T. ) ;
#442 = CARTESIAN_POINT ( 'NONE',  ( 15.25000000000000000, 1.990051048614449362E-16, 7.083333394999998589 ) ) ;
#443 = LINE ( 'NONE', #679, #1964 ) ;
#444 = EDGE_LOOP ( 'NONE', ( #680, #1572, #1713, #1096 ) ) ;
#445 = VERTEX_POINT ( 'NONE', #2319 ) ;
#446 = ORIENTED_EDGE ( 'NONE', *, *, #2380, .T. ) ;
#447 = DIRECTION ( 'NONE',  ( 0.000000000000000000, 1.000000000000000000, 0.000000000000000000 ) ) ;
#448 =( BOUNDED_CURVE ( )  B_SPLINE_CURVE ( 3, ( #2822, #1945, #416, #1141 ),
 .UNSPECIFIED., .F., .T. ) 
 B_SPLINE_CURVE_WITH_KNOTS ( ( 4, 4 ),
 ( 0.000000000000000000, 1.570796326794896558 ),
 .UNSPECIFIED. ) 
 CURVE ( )  GEOMETRIC_REPRESENTATION_ITEM ( )  RATIONAL_B_SPLINE_CURVE ( ( 1.000000000000000000, 0.8047378541243649375, 0.8047378541243649375, 1.000000000000000000 ) ) 
 REPRESENTATION_ITEM ( '' )  );
#449 = PLANE ( 'NONE',  #881 ) ;
#450 = DIRECTION ( 'NONE',  ( -0.9601763114327594995, 0.2793947940878294678, 0.000000000000000000 ) ) ;
#451 = LINE ( 'NONE', #2092, #1612 ) ;
#452 = ADVANCED_FACE ( 'NONE', ( #1615 ), #3044, .F. ) ;
#453 = EDGE_CURVE ( 'NONE', #1023, #467, #908, .T. ) ;
#454 = CARTESIAN_POINT ( 'NONE',  ( 13.26912064084475595, 7.524140730296597468, 7.700000000000000178 ) ) ;
#455 = ORIENTED_EDGE ( 'NONE', *, *, #2307, .T. ) ;
#456 = ORIENTED_EDGE ( 'NONE', *, *, #2464, .T. ) ;
#457 = FACE_OUTER_BOUND ( 'NONE', #1079, .T. ) ;
#458 = VERTEX_POINT ( 'NONE', #1177 ) ;
#459 = ORIENTED_EDGE ( 'NONE', *, *, #814, .F. ) ;
#460 = LINE ( 'NONE', #694, #936 ) ;
#461 = CARTESIAN_POINT ( 'NONE',  ( 6.185855018147796258, 5.852079999999934223, 7.705000000000000071 ) ) ;
#462 = ORIENTED_EDGE ( 'NONE', *, *, #17, .T. ) ;
#463 = VECTOR ( 'NONE', #1894, 1000.000000000000000 ) ;
#464 = EDGE_CURVE ( 'NONE', #496, #2567, #448, .T. ) ;
#465 = AXIS2_PLACEMENT_3D ( 'NONE', #368, #2266, #1317 ) ;
#466 = CARTESIAN_POINT ( 'NONE',  ( 13.85926046337341688, 7.524140730291446033, 7.705000000000000071 ) ) ;
#467 = VERTEX_POINT ( 'NONE', #2109 ) ;
#468 = MECHANICAL_DESIGN_GEOMETRIC_PRESENTATION_REPRESENTATION (  '', ( #763 ), #2994 ) ;
#469 = EDGE_CURVE ( 'NONE', #495, #2688, #2091, .T. ) ;
#470 = DIRECTION ( 'NONE',  ( -0.000000000000000000, -0.000000000000000000, -1.000000000000000000 ) ) ;
#471 = DIRECTION ( 'NONE',  ( -1.000000000000000000, 0.000000000000000000, 0.000000000000000000 ) ) ;
#472 = DIRECTION ( 'NONE',  ( 0.4668459304955080436, 0.8843386665637680277, 0.000000000000000000 ) ) ;
#473 = VECTOR ( 'NONE', #2177, 1000.000000000000000 ) ;
#474 = SURFACE_STYLE_FILL_AREA ( #1405 ) ;
#475 = CARTESIAN_POINT ( 'NONE',  ( 8.312976912160237930, 7.924235418444622425, 7.700000000000000178 ) ) ;
#476 = ORIENTED_EDGE ( 'NONE', *, *, #2578, .F. ) ;
#477 = AXIS2_PLACEMENT_3D ( 'NONE', #1609, #1189, #1599 ) ;
#478 = CARTESIAN_POINT ( 'NONE',  ( 0.000000000000000000, 13.09999999999999964, 0.000000000000000000 ) ) ;
#479 = FILL_AREA_STYLE ('',( #2588 ) ) ;
#480 = STYLED_ITEM ( 'NONE', ( #2589 ), #1888 ) ;
#481 = VECTOR ( 'NONE', #2022, 1000.000000000000114 ) ;
#482 = DIRECTION ( 'NONE',  ( -1.000000000000000000, 0.000000000000000000, 0.000000000000000000 ) ) ;
#483 = VECTOR ( 'NONE', #2832, 1000.000000000000000 ) ;
#484 = CARTESIAN_POINT ( 'NONE',  ( 11.46814324129412022, 6.761320239463341153, 7.705000000000000071 ) ) ;
#485 = DIRECTION ( 'NONE',  ( -0.2763173343569615414, -0.9610664548999008350, 0.000000000000000000 ) ) ;
#486 = ORIENTED_EDGE ( 'NONE', *, *, #2708, .T. ) ;
#487 = CARTESIAN_POINT ( 'NONE',  ( 0.000000000000000000, 0.000000000000000000, 7.700000000000000178 ) ) ;
#488 = DIRECTION ( 'NONE',  ( 0.000000000000000000, 0.000000000000000000, 1.000000000000000000 ) ) ;
#489 = ADVANCED_FACE ( 'NONE', ( #1300 ), #126, .F. ) ;
#490 = ORIENTED_EDGE ( 'NONE', *, *, #1001, .T. ) ;
#491 = ADVANCED_FACE ( 'NONE', ( #1089 ), #377, .T. ) ;
#492 =( NAMED_UNIT ( * ) SI_UNIT ( $, .STERADIAN. ) SOLID_ANGLE_UNIT ( ) );
#493 = PLANE ( 'NONE',  #1221 ) ;
#494 = CARTESIAN_POINT ( 'NONE',  ( 14.42659749408573688, 7.524095690271837888, 7.705000000000000071 ) ) ;
#495 = VERTEX_POINT ( 'NONE', #2062 ) ;
#496 = VERTEX_POINT ( 'NONE', #2997 ) ;
#497 = EDGE_LOOP ( 'NONE', ( #2329, #1960, #101, #1326, #287, #2536, #2372, #2031, #650, #2848, #1466, #2369, #528, #2863, #703, #953, #1697 ) ) ;
#498 = EDGE_CURVE ( 'NONE', #2567, #1729, #877, .T. ) ;
#499 = CARTESIAN_POINT ( 'NONE',  ( 10.37546720159486036, 7.705749355218820540, 7.700000000000000178 ) ) ;
#500 = LINE ( 'NONE', #58, #2765 ) ;
#501 = EDGE_CURVE ( 'NONE', #1992, #2878, #649, .T. ) ;
#502 = FACE_OUTER_BOUND ( 'NONE', #2023, .T. ) ;
#503 = FACE_OUTER_BOUND ( 'NONE', #602, .T. ) ;
#504 = DIRECTION ( 'NONE',  ( 1.000000000000000000, 0.000000000000000000, 0.000000000000000000 ) ) ;
#505 = AXIS2_PLACEMENT_3D ( 'NONE', #1330, #618, #1640 ) ;
#506 = ORIENTED_EDGE ( 'NONE', *, *, #1947, .T. ) ;
#507 = ORIENTED_EDGE ( 'NONE', *, *, #1121, .F. ) ;
#508 = MECHANICAL_DESIGN_GEOMETRIC_PRESENTATION_REPRESENTATION (  '', ( #2016 ), #2847 ) ;
#509 = DIRECTION ( 'NONE',  ( -0.000000000000000000, -0.000000000000000000, -1.000000000000000000 ) ) ;
#510 = CARTESIAN_POINT ( 'NONE',  ( 8.037363267667190669, 6.246308825333078296, 7.705000000000000071 ) ) ;
#511 = AXIS2_PLACEMENT_3D ( 'NONE', #592, #1539, #2239 ) ;
#512 = VERTEX_POINT ( 'NONE', #1627 ) ;
#513 = SURFACE_SIDE_STYLE ('',( #547 ) ) ;
#514 = VERTEX_POINT ( 'NONE', #440 ) ;
#515 = VECTOR ( 'NONE', #2519, 1000.000000000000000 ) ;
#516 = DIRECTION ( 'NONE',  ( -0.000000000000000000, -0.000000000000000000, 1.000000000000000000 ) ) ;
#517 = DIRECTION ( 'NONE',  ( 0.2729786930694848013, 0.9620200793798827643, 0.000000000000000000 ) ) ;
#518 = ORIENTED_EDGE ( 'NONE', *, *, #1979, .F. ) ;
#519 = PRESENTATION_LAYER_ASSIGNMENT (  '', '', ( #1773 ) ) ;
#520 = CARTESIAN_POINT ( 'NONE',  ( 5.773716640295499580, 7.924235418444622425, 7.700000000000000178 ) ) ;
#521 = AXIS2_PLACEMENT_3D ( 'NONE', #2413, #283, #10 ) ;
#522 = EDGE_CURVE ( 'NONE', #1819, #3016, #700, .T. ) ;
#523 = VECTOR ( 'NONE', #79, 1000.000000000000000 ) ;
#524 = CARTESIAN_POINT ( 'NONE',  ( 9.843154327425178707, 5.852079999999935112, 7.705000000000000071 ) ) ;
#525 = LINE ( 'NONE', #1695, #41 ) ;
#526 = MECHANICAL_DESIGN_GEOMETRIC_PRESENTATION_REPRESENTATION (  '', ( #1630 ), #1132 ) ;
#527 = EDGE_CURVE ( 'NONE', #2487, #1256, #981, .T. ) ;
#528 = ORIENTED_EDGE ( 'NONE', *, *, #2580, .T. ) ;
#529 = FACE_OUTER_BOUND ( 'NONE', #2737, .T. ) ;
#530 =( GEOMETRIC_REPRESENTATION_CONTEXT ( 3 ) GLOBAL_UNCERTAINTY_ASSIGNED_CONTEXT ( ( #2140 ) ) GLOBAL_UNIT_ASSIGNED_CONTEXT ( ( #2015, #2002, #610 ) ) REPRESENTATION_CONTEXT ( 'NONE', 'WORKASPACE' ) );
#531 =( NAMED_UNIT ( * ) SI_UNIT ( $, .STERADIAN. ) SOLID_ANGLE_UNIT ( ) );
#532 = FILL_AREA_STYLE ('',( #68 ) ) ;
#533 = COLOUR_RGB ( '',0.8980392156862745390, 0.9215686274509803377, 0.9294117647058823817 ) ;
#534 = VERTEX_POINT ( 'NONE', #2747 ) ;
#535 = FILL_AREA_STYLE ('',( #2913 ) ) ;
#536 = ORIENTED_EDGE ( 'NONE', *, *, #1359, .F. ) ;
#537 = CARTESIAN_POINT ( 'NONE',  ( 8.519661943103439938, 7.924235418444622425, 7.705000000000000071 ) ) ;
#538 = DIRECTION ( 'NONE',  ( -0.000000000000000000, -0.000000000000000000, -1.000000000000000000 ) ) ;
#539 = EDGE_CURVE ( 'NONE', #2342, #2926, #327, .T. ) ;
#540 = CARTESIAN_POINT ( 'NONE',  ( 12.18467319065931598, 5.852079999999936000, 7.700000000000000178 ) ) ;
#541 = PRESENTATION_STYLE_ASSIGNMENT (( #1248 ) ) ;
#542 = VERTEX_POINT ( 'NONE', #996 ) ;
#543 = EDGE_CURVE ( 'NONE', #571, #1992, #2890, .T. ) ;
#544 = DIRECTION ( 'NONE',  ( -0.000000000000000000, -1.000000000000000000, -0.000000000000000000 ) ) ;
#545 = LINE ( 'NONE', #795, #1313 ) ;
#546 = VERTEX_POINT ( 'NONE', #2877 ) ;
#547 = SURFACE_STYLE_FILL_AREA ( #137 ) ;
#548 = ORIENTED_EDGE ( 'NONE', *, *, #1001, .F. ) ;
#549 = DIRECTION ( 'NONE',  ( 0.7385882273176024304, -0.6741568292822089914, 0.000000000000000000 ) ) ;
#550 = ORIENTED_EDGE ( 'NONE', *, *, #2839, .T. ) ;
#551 = DIRECTION ( 'NONE',  ( 0.000000000000000000, -1.000000000000000000, 0.000000000000000000 ) ) ;
#552 = CARTESIAN_POINT ( 'NONE',  ( 4.550076233209272125, 5.852079999999935112, 7.700000000000000178 ) ) ;
#553 = ORIENTED_EDGE ( 'NONE', *, *, #289, .T. ) ;
#554 = LINE ( 'NONE', #574, #771 ) ;
#555 = LINE ( 'NONE', #2179, #186 ) ;
#556 = ADVANCED_FACE ( 'NONE', ( #2640 ), #1467, .F. ) ;
#557 = ORIENTED_EDGE ( 'NONE', *, *, #1904, .F. ) ;
#558 =( BOUNDED_CURVE ( )  B_SPLINE_CURVE ( 3, ( #2889, #69, #927, #955 ),
 .UNSPECIFIED., .F., .T. ) 
 B_SPLINE_CURVE_WITH_KNOTS ( ( 4, 4 ),
 ( 4.712388980384689674, 6.283185307179586232 ),
 .UNSPECIFIED. ) 
 CURVE ( )  GEOMETRIC_REPRESENTATION_ITEM ( )  RATIONAL_B_SPLINE_CURVE ( ( 1.000000000000000000, 0.8047378541243649375, 0.8047378541243649375, 1.000000000000000000 ) ) 
 REPRESENTATION_ITEM ( '' )  );
#559 =( LENGTH_UNIT ( ) NAMED_UNIT ( * ) SI_UNIT ( .MILLI., .METRE. ) );
#560 = CARTESIAN_POINT ( 'NONE',  ( 11.68958428804255867, 7.529741967723015961, 7.705000000000000071 ) ) ;
#561 = ADVANCED_FACE ( 'NONE', ( #421 ), #2529, .F. ) ;
#562 = EDGE_LOOP ( 'NONE', ( #1112, #2906, #1327, #2096 ) ) ;
#563 = STYLED_ITEM ( 'NONE', ( #541 ), #8 ) ;
#564 =( LENGTH_UNIT ( ) NAMED_UNIT ( * ) SI_UNIT ( .MILLI., .METRE. ) );
#565 = AXIS2_PLACEMENT_3D ( 'NONE', #433, #2512, #2783 ) ;
#566 = EDGE_CURVE ( 'NONE', #2920, #879, #835, .T. ) ;
#567 = ORIENTED_EDGE ( 'NONE', *, *, #2349, .F. ) ;
#568 = AXIS2_PLACEMENT_3D ( 'NONE', #2261, #899, #1805 ) ;
#569 = DIRECTION ( 'NONE',  ( -0.3829140317376762415, 0.9237839814038766306, 0.000000000000000000 ) ) ;
#570 = VECTOR ( 'NONE', #1734, 1000.000000000000000 ) ;
#571 = VERTEX_POINT ( 'NONE', #366 ) ;
#572 = PLANE ( 'NONE',  #2441 ) ;
#573 = AXIS2_PLACEMENT_3D ( 'NONE', #2472, #1060, #1764 ) ;
#574 = CARTESIAN_POINT ( 'NONE',  ( 12.75340356066616643, 7.924235418444622425, 7.700000000000000178 ) ) ;
#575 = FACE_OUTER_BOUND ( 'NONE', #2009, .T. ) ;
#576 = PRESENTATION_LAYER_ASSIGNMENT (  '', '', ( #721 ) ) ;
#577 = EDGE_LOOP ( 'NONE', ( #296, #1279, #1737, #278 ) ) ;
#578 = DIRECTION ( 'NONE',  ( -0.2759782365590697228, -0.9611638845408965182, 0.000000000000000000 ) ) ;
#579 =( LENGTH_UNIT ( ) NAMED_UNIT ( * ) SI_UNIT ( .MILLI., .METRE. ) );
#580 = LINE ( 'NONE', #2047, #972 ) ;
#581 = VECTOR ( 'NONE', #569, 999.9999999999998863 ) ;
#582 = CARTESIAN_POINT ( 'NONE',  ( 3.763745000000000118, 0.4689279999999999005, 7.700000000000000178 ) ) ;
#583 = UNCERTAINTY_MEASURE_WITH_UNIT (LENGTH_MEASURE( 1.000000000000000082E-05 ), #1127, 'distance_accuracy_value', 'NONE');
#584 = ORIENTED_EDGE ( 'NONE', *, *, #837, .F. ) ;
#585 = ORIENTED_EDGE ( 'NONE', *, *, #220, .F. ) ;
#586 = VECTOR ( 'NONE', #2919, 1000.000000000000000 ) ;
#587 = EDGE_CURVE ( 'NONE', #113, #57, #821, .T. ) ;
#588 = LINE ( 'NONE', #1537, #262 ) ;
#589 = VECTOR ( 'NONE', #1434, 1000.000000000000000 ) ;
#590 = UNCERTAINTY_MEASURE_WITH_UNIT (LENGTH_MEASURE( 1.000000000000000082E-05 ), #3035, 'distance_accuracy_value', 'NONE');
#591 = ORIENTED_EDGE ( 'NONE', *, *, #20, .F. ) ;
#592 = CARTESIAN_POINT ( 'NONE',  ( 7.035415933177614711, 6.761320239467497828, 7.705000000000000071 ) ) ;
#593 = VECTOR ( 'NONE', #391, 1000.000000000000000 ) ;
#594 = EDGE_CURVE ( 'NONE', #2521, #207, #339, .T. ) ;
#595 = PLANE ( 'NONE',  #2651 ) ;
#596 =( NAMED_UNIT ( * ) SI_UNIT ( $, .STERADIAN. ) SOLID_ANGLE_UNIT ( ) );
#597 = DIRECTION ( 'NONE',  ( 0.000000000000000000, 0.000000000000000000, 1.000000000000000000 ) ) ;
#598 = ORIENTED_EDGE ( 'NONE', *, *, #2615, .F. ) ;
#599 = SURFACE_SIDE_STYLE ('',( #1195 ) ) ;
#600 = LINE ( 'NONE', #875, #1367 ) ;
#601 = CARTESIAN_POINT ( 'NONE',  ( 3.250000000000000444, 1.990051048614449362E-16, 0.000000000000000000 ) ) ;
#602 = EDGE_LOOP ( 'NONE', ( #1635, #2693, #2674, #380 ) ) ;
#603 = EDGE_LOOP ( 'NONE', ( #130, #2423, #2978, #693 ) ) ;
#604 = EDGE_LOOP ( 'NONE', ( #1004, #1037, #1151, #1936 ) ) ;
#605 = DIRECTION ( 'NONE',  ( -0.000000000000000000, -0.000000000000000000, -1.000000000000000000 ) ) ;
#606 = LINE ( 'NONE', #2613, #622 ) ;
#607 = EDGE_CURVE ( 'NONE', #1701, #2835, #2003, .T. ) ;
#608 = DIRECTION ( 'NONE',  ( -0.9999999968487353064, 7.938847109813995586E-05, 0.000000000000000000 ) ) ;
#609 = DIRECTION ( 'NONE',  ( 0.000000000000000000, -0.000000000000000000, -1.000000000000000000 ) ) ;
#610 =( NAMED_UNIT ( * ) SI_UNIT ( $, .STERADIAN. ) SOLID_ANGLE_UNIT ( ) );
#611 = EDGE_CURVE ( 'NONE', #71, #1718, #1760, .T. ) ;
#612 = EDGE_LOOP ( 'NONE', ( #1516, #1240, #2287, #1553 ) ) ;
#613 = CARTESIAN_POINT ( 'NONE',  ( 12.35727195110518650, 6.761320239463342041, 7.705000000000000071 ) ) ;
#614 = LINE ( 'NONE', #1568, #481 ) ;
#615 = ORIENTED_EDGE ( 'NONE', *, *, #1767, .T. ) ;
#616 = ORIENTED_EDGE ( 'NONE', *, *, #1381, .T. ) ;
#617 = ORIENTED_EDGE ( 'NONE', *, *, #453, .T. ) ;
#618 = DIRECTION ( 'NONE',  ( -0.6995643972269592892, 0.7145695586382625475, 0.000000000000000000 ) ) ;
#619 = CARTESIAN_POINT ( 'NONE',  ( 15.25000000000000000, 1.990051048614449362E-16, 0.000000000000000000 ) ) ;
#620 = MECHANICAL_DESIGN_GEOMETRIC_PRESENTATION_REPRESENTATION (  '', ( #2241 ), #668 ) ;
#621 = DIRECTION ( 'NONE',  ( 0.9610348236706636182, -0.2764273280489764617, 0.000000000000000000 ) ) ;
#622 = VECTOR ( 'NONE', #152, 1000.000000000000000 ) ;
#623 = DIRECTION ( 'NONE',  ( 0.9999999968487351953, -7.938847109813992875E-05, 0.000000000000000000 ) ) ;
#624 = SURFACE_STYLE_USAGE ( .BOTH. , #643 ) ;
#625 = DIRECTION ( 'NONE',  ( 0.2759782365590697228, 0.9611638845408965182, 0.000000000000000000 ) ) ;
#626 = VECTOR ( 'NONE', #107, 1000.000000000000000 ) ;
#627 = FACE_OUTER_BOUND ( 'NONE', #1779, .T. ) ;
#628 = DIRECTION ( 'NONE',  ( -0.000000000000000000, -0.000000000000000000, -1.000000000000000000 ) ) ;
#629 = EDGE_CURVE ( 'NONE', #1292, #2705, #2599, .T. ) ;
#630 = ORIENTED_EDGE ( 'NONE', *, *, #1266, .T. ) ;
#631 = MECHANICAL_DESIGN_GEOMETRIC_PRESENTATION_REPRESENTATION (  '', ( #1173 ), #2076 ) ;
#632 = CARTESIAN_POINT ( 'NONE',  ( 10.61909897749128184, 5.852079999999935112, 7.705000000000000071 ) ) ;
#633 = LINE ( 'NONE', #1340, #1375 ) ;
#634 =( NAMED_UNIT ( * ) PLANE_ANGLE_UNIT ( ) SI_UNIT ( $, .RADIAN. ) );
#635 = ORIENTED_EDGE ( 'NONE', *, *, #1341, .F. ) ;
#636 = ORIENTED_EDGE ( 'NONE', *, *, #2200, .F. ) ;
#637 = ORIENTED_EDGE ( 'NONE', *, *, #1852, .T. ) ;
#638 = VECTOR ( 'NONE', #135, 1000.000000000000000 ) ;
#639 =( LENGTH_UNIT ( ) NAMED_UNIT ( * ) SI_UNIT ( .MILLI., .METRE. ) );
#640 = DIRECTION ( 'NONE',  ( 0.4668459304955080436, 0.8843386665637680277, 0.000000000000000000 ) ) ;
#641 = DIRECTION ( 'NONE',  ( -0.000000000000000000, 1.000000000000000000, -0.000000000000000000 ) ) ;
#642 = DIRECTION ( 'NONE',  ( -1.000000000000000000, 0.000000000000000000, 0.000000000000000000 ) ) ;
#643 = SURFACE_SIDE_STYLE ('',( #2281 ) ) ;
#644 = ORIENTED_EDGE ( 'NONE', *, *, #522, .T. ) ;
#645 = DIRECTION ( 'NONE',  ( -1.000000000000000000, -5.694109626320596952E-16, 0.000000000000000000 ) ) ;
#646 = EDGE_CURVE ( 'NONE', #2185, #1243, #350, .T. ) ;
#647 = CARTESIAN_POINT ( 'NONE',  ( 7.144706219326467433, 7.144390694176951051, 7.700000000000000178 ) ) ;
#648 = CARTESIAN_POINT ( 'NONE',  ( 0.000000000000000000, 0.000000000000000000, 0.000000000000000000 ) ) ;
#649 = LINE ( 'NONE', #1601, #867 ) ;
#650 = ORIENTED_EDGE ( 'NONE', *, *, #2727, .T. ) ;
#651 = VERTEX_POINT ( 'NONE', #1922 ) ;
#652 = ADVANCED_FACE ( 'NONE', ( #2871 ), #1825, .T. ) ;
#653 = ORIENTED_EDGE ( 'NONE', *, *, #2578, .T. ) ;
#654 = UNCERTAINTY_MEASURE_WITH_UNIT (LENGTH_MEASURE( 1.000000000000000082E-05 ), #2043, 'distance_accuracy_value', 'NONE');
#655 = PLANE ( 'NONE',  #2175 ) ;
#656 = DIRECTION ( 'NONE',  ( 1.000000000000000000, 0.000000000000000000, 0.000000000000000000 ) ) ;
#657 = LINE ( 'NONE', #1380, #2300 ) ;
#658 = DIRECTION ( 'NONE',  ( -0.000000000000000000, -0.000000000000000000, -1.000000000000000000 ) ) ;
#659 = DIRECTION ( 'NONE',  ( 0.000000000000000000, 0.000000000000000000, 1.000000000000000000 ) ) ;
#660 = PLANE ( 'NONE',  #329 ) ;
#661 = ORIENTED_EDGE ( 'NONE', *, *, #1614, .F. ) ;
#662 = EDGE_LOOP ( 'NONE', ( #2686, #2935, #712, #1851 ) ) ;
#663 = PLANE ( 'NONE',  #438 ) ;
#664 = CARTESIAN_POINT ( 'NONE',  ( 12.18467319065931598, 5.852079999999936000, 7.705000000000000071 ) ) ;
#665 = EDGE_CURVE ( 'NONE', #973, #57, #1335, .T. ) ;
#666 = VERTEX_POINT ( 'NONE', #1362 ) ;
#667 = DIRECTION ( 'NONE',  ( -0.000000000000000000, -0.000000000000000000, -1.000000000000000000 ) ) ;
#668 =( GEOMETRIC_REPRESENTATION_CONTEXT ( 3 ) GLOBAL_UNCERTAINTY_ASSIGNED_CONTEXT ( ( #865 ) ) GLOBAL_UNIT_ASSIGNED_CONTEXT ( ( #2466, #109, #1543 ) ) REPRESENTATION_CONTEXT ( 'NONE', 'WORKASPACE' ) );
#669 = DIRECTION ( 'NONE',  ( -0.000000000000000000, -0.000000000000000000, -1.000000000000000000 ) ) ;
#670 = PLANE ( 'NONE',  #168 ) ;
#671 = FACE_OUTER_BOUND ( 'NONE', #733, .T. ) ;
#672 = VECTOR ( 'NONE', #29, 1000.000000000000000 ) ;
#673 = DIRECTION ( 'NONE',  ( 0.000000000000000000, -1.000000000000000000, 0.000000000000000000 ) ) ;
#674 = AXIS2_PLACEMENT_3D ( 'NONE', #793, #2980, #133 ) ;
#675 = LINE ( 'NONE', #2357, #2513 ) ;
#676 = VECTOR ( 'NONE', #544, 1000.000000000000000 ) ;
#677 = ORIENTED_EDGE ( 'NONE', *, *, #1216, .F. ) ;
#678 = DIRECTION ( 'NONE',  ( 0.000000000000000000, 0.000000000000000000, 1.000000000000000000 ) ) ;
#679 = CARTESIAN_POINT ( 'NONE',  ( 8.312976912160237930, 7.924235418444622425, 7.705000000000000071 ) ) ;
#680 = ORIENTED_EDGE ( 'NONE', *, *, #2132, .T. ) ;
#681 = PRESENTATION_LAYER_ASSIGNMENT (  '', '', ( #232 ) ) ;
#682 = EDGE_CURVE ( 'NONE', #1402, #1063, #1860, .T. ) ;
#683 = DIRECTION ( 'NONE',  ( -0.7059037656364501867, -0.7083077534943971187, -0.000000000000000000 ) ) ;
#684 = SURFACE_STYLE_FILL_AREA ( #2811 ) ;
#685 = PRESENTATION_LAYER_ASSIGNMENT (  '', '', ( #1977 ) ) ;
#686 = EDGE_CURVE ( 'NONE', #894, #1309, #1578, .T. ) ;
#687 = FILL_AREA_STYLE_COLOUR ( '', #2455 ) ;
#688 = AXIS2_PLACEMENT_3D ( 'NONE', #1900, #430, #2351 ) ;
#689 = SURFACE_STYLE_USAGE ( .BOTH. , #2563 ) ;
#690 = CARTESIAN_POINT ( 'NONE',  ( 13.26912064084475595, 7.524140730296597468, 7.705000000000000071 ) ) ;
#691 = ORIENTED_EDGE ( 'NONE', *, *, #1947, .F. ) ;
#692 = DIRECTION ( 'NONE',  ( 0.000000000000000000, 0.000000000000000000, -1.000000000000000000 ) ) ;
#693 = ORIENTED_EDGE ( 'NONE', *, *, #2535, .T. ) ;
#694 = CARTESIAN_POINT ( 'NONE',  ( 4.893068544174322021, 7.040588234581946381, 7.705000000000000071 ) ) ;
#695 = EDGE_CURVE ( 'NONE', #2039, #2064, #2075, .T. ) ;
#696 = LINE ( 'NONE', #461, #26 ) ;
#697 = EDGE_CURVE ( 'NONE', #1752, #119, #2885, .T. ) ;
#698 = CARTESIAN_POINT ( 'NONE',  ( 16.75000000000000000, 0.7499999999999997780, 4.275000000000000355 ) ) ;
#699 = DIRECTION ( 'NONE',  ( -0.000000000000000000, -0.000000000000000000, -1.000000000000000000 ) ) ;
#700 = LINE ( 'NONE', #920, #2800 ) ;
#701 = EDGE_LOOP ( 'NONE', ( #2862, #1978, #777, #985 ) ) ;
#702 = PRESENTATION_STYLE_ASSIGNMENT (( #411 ) ) ;
#703 = ORIENTED_EDGE ( 'NONE', *, *, #2325, .T. ) ;
#704 = CARTESIAN_POINT ( 'NONE',  ( 11.57743352744045318, 7.144321387523858924, 7.705000000000000071 ) ) ;
#705 = SURFACE_SIDE_STYLE ('',( #2837 ) ) ;
#706 = PLANE ( 'NONE',  #925 ) ;
#707 = VECTOR ( 'NONE', #189, 1000.000000000000000 ) ;
#708 = ADVANCED_FACE ( 'NONE', ( #2308 ), #819, .F. ) ;
#709 = DIRECTION ( 'NONE',  ( 0.7059037656364501867, 0.7083077534943971187, 0.000000000000000000 ) ) ;
#710 = VECTOR ( 'NONE', #2846, 1000.000000000000114 ) ;
#711 = CARTESIAN_POINT ( 'NONE',  ( 5.324181106753429482, 5.852079999999936000, 7.705000000000000071 ) ) ;
#712 = ORIENTED_EDGE ( 'NONE', *, *, #1210, .T. ) ;
#713 = COLOUR_RGB ( '',0.4980392156862745168, 0.4980392156862745168, 0.4980392156862745168 ) ;
#714 = EDGE_CURVE ( 'NONE', #1063, #239, #2323, .T. ) ;
#715 = CARTESIAN_POINT ( 'NONE',  ( 12.63916099769774704, 7.527070511402368602, 7.705000000000000071 ) ) ;
#716 = LINE ( 'NONE', #1674, #30 ) ;
#717 = STYLED_ITEM ( 'NONE', ( #1011 ), #1476 ) ;
#718 = ORIENTED_EDGE ( 'NONE', *, *, #1727, .T. ) ;
#719 = CARTESIAN_POINT ( 'NONE',  ( 14.73625499999999811, 0.4689279999999999005, 7.700000000000000178 ) ) ;
#720 =( NAMED_UNIT ( * ) PLANE_ANGLE_UNIT ( ) SI_UNIT ( $, .RADIAN. ) );
#721 = STYLED_ITEM ( 'NONE', ( #1456 ), #1892 ) ;
#722 = ORIENTED_EDGE ( 'NONE', *, *, #2288, .F. ) ;
#723 = COLOUR_RGB ( '',0.7921568627450980005, 0.8196078431372548767, 0.9333333333333333481 ) ;
#724 = DIRECTION ( 'NONE',  ( 0.000000000000000000, 0.000000000000000000, -1.000000000000000000 ) ) ;
#725 = VECTOR ( 'NONE', #403, 1000.000000000000000 ) ;
#726 = SURFACE_STYLE_USAGE ( .BOTH. , #2883 ) ;
#727 = VECTOR ( 'NONE', #447, 1000.000000000000000 ) ;
#728 = EDGE_CURVE ( 'NONE', #3016, #2359, #1844, .T. ) ;
#729 = VERTEX_POINT ( 'NONE', #149 ) ;
#730 = VECTOR ( 'NONE', #2504, 1000.000000000000000 ) ;
#731 = DIRECTION ( 'NONE',  ( -1.000000000000000000, 0.000000000000000000, 0.000000000000000000 ) ) ;
#732 = ORIENTED_EDGE ( 'NONE', *, *, #498, .F. ) ;
#733 = EDGE_LOOP ( 'NONE', ( #1258, #1163, #66, #2253, #1130, #2616, #2633, #2068, #328, #585, #1029, #1881, #2820, #2418, #1453, #193, #1484, #1019, #1768, #2537, #863, #1490, #1952 ) ) ;
#734 = LINE ( 'NONE', #2981, #593 ) ;
#735 = LINE ( 'NONE', #2628, #1831 ) ;
#736 = VERTEX_POINT ( 'NONE', #2049 ) ;
#737 = CARTESIAN_POINT ( 'NONE',  ( 4.893068544174322021, 7.040588234581946381, 7.705000000000000071 ) ) ;
#738 = VERTEX_POINT ( 'NONE', #2723 ) ;
#739 = CARTESIAN_POINT ( 'NONE',  ( 5.146365447422166284, 7.924235418444622425, 7.705000000000000071 ) ) ;
#740 = LINE ( 'NONE', #2884, #977 ) ;
#741 = ORIENTED_EDGE ( 'NONE', *, *, #2857, .T. ) ;
#742 = PLANE ( 'NONE',  #1567 ) ;
#743 = DIRECTION ( 'NONE',  ( -1.185729251540992573E-16, 1.000000000000000000, 0.000000000000000000 ) ) ;
#744 = FACE_OUTER_BOUND ( 'NONE', #2238, .T. ) ;
#745 = DIRECTION ( 'NONE',  ( 0.3725077383643967122, -0.9280290862137037244, 0.000000000000000000 ) ) ;
#746 = ORIENTED_EDGE ( 'NONE', *, *, #2893, .F. ) ;
#747 = ORIENTED_EDGE ( 'NONE', *, *, #1677, .F. ) ;
#748 = EDGE_CURVE ( 'NONE', #1688, #2521, #2755, .T. ) ;
#749 = PLANE ( 'NONE',  #505 ) ;
#750 = PLANE ( 'NONE',  #88 ) ;
#751 = CARTESIAN_POINT ( 'NONE',  ( 8.844489607891244276, 5.852079999999935112, 7.700000000000000178 ) ) ;
#752 = ORIENTED_EDGE ( 'NONE', *, *, #2291, .F. ) ;
#753 = EDGE_CURVE ( 'NONE', #458, #221, #2998, .T. ) ;
#754 = ORIENTED_EDGE ( 'NONE', *, *, #2129, .F. ) ;
#755 = CARTESIAN_POINT ( 'NONE',  ( 11.32113753644195775, 6.246384432582272161, 7.705000000000000071 ) ) ;
#756 = PRESENTATION_LAYER_ASSIGNMENT (  '', '', ( #563 ) ) ;
#757 = ORIENTED_EDGE ( 'NONE', *, *, #336, .F. ) ;
#758 = VECTOR ( 'NONE', #1027, 1000.000000000000000 ) ;
#759 = DIRECTION ( 'NONE',  ( -0.2763139702539113007, -0.9610674221107073922, 0.000000000000000000 ) ) ;
#760 = CARTESIAN_POINT ( 'NONE',  ( 9.322430453529284122, 6.443860963577187739, 7.705000000000000071 ) ) ;
#761 = CARTESIAN_POINT ( 'NONE',  ( 8.037363267667190669, 6.246308825333078296, 7.705000000000000071 ) ) ;
#762 = UNCERTAINTY_MEASURE_WITH_UNIT (LENGTH_MEASURE( 1.000000000000000082E-05 ), #1897, 'distance_accuracy_value', 'NONE');
#763 = STYLED_ITEM ( 'NONE', ( #167 ), #1099 ) ;
#764 = VERTEX_POINT ( 'NONE', #1791 ) ;
#765 = VECTOR ( 'NONE', #2681, 1000.000000000000000 ) ;
#766 = LINE ( 'NONE', #1077, #1185 ) ;
#767 = ORIENTED_EDGE ( 'NONE', *, *, #695, .T. ) ;
#768 = COLOUR_RGB ( '',0.4980392156862745168, 0.4980392156862745168, 0.4980392156862745168 ) ;
#769 = EDGE_CURVE ( 'NONE', #824, #2087, #2975, .T. ) ;
#770 = DIRECTION ( 'NONE',  ( -1.000000000000000000, 0.000000000000000000, -0.000000000000000000 ) ) ;
#771 = VECTOR ( 'NONE', #2445, 1000.000000000000000 ) ;
#772 = AXIS2_PLACEMENT_3D ( 'NONE', #876, #843, #1324 ) ;
#773 = CARTESIAN_POINT ( 'NONE',  ( 4.872560074776447259, 6.977204153019537003, 7.705000000000000071 ) ) ;
#774 = PRESENTATION_STYLE_ASSIGNMENT (( #2206 ) ) ;
#775 = VECTOR ( 'NONE', #148, 1000.000000000000000 ) ;
#776 = SURFACE_STYLE_FILL_AREA ( #1634 ) ;
#777 = ORIENTED_EDGE ( 'NONE', *, *, #2729, .F. ) ;
#778 = CARTESIAN_POINT ( 'NONE',  ( 7.035415933177614711, 6.761320239467497828, 7.705000000000000071 ) ) ;
#779 = PLANE ( 'NONE',  #222 ) ;
#780 = CARTESIAN_POINT ( 'NONE',  ( 9.322430453529284122, 6.443860963577187739, 7.700000000000000178 ) ) ;
#781 = VERTEX_POINT ( 'NONE', #887 ) ;
#782 = ORIENTED_EDGE ( 'NONE', *, *, #1345, .T. ) ;
#783 = SURFACE_STYLE_FILL_AREA ( #535 ) ;
#784 = ORIENTED_EDGE ( 'NONE', *, *, #1789, .F. ) ;
#785 = CARTESIAN_POINT ( 'NONE',  ( 4.556351636983046127, 7.924235418444622425, 7.705000000000000071 ) ) ;
#786 = ADVANCED_FACE ( 'NONE', ( #387 ), #414, .F. ) ;
#787 = EDGE_LOOP ( 'NONE', ( #3029, #1267, #247, #2348 ) ) ;
#788 = PLANE ( 'NONE',  #1069 ) ;
#789 = FILL_AREA_STYLE ('',( #2664 ) ) ;
#790 = EDGE_CURVE ( 'NONE', #2920, #390, #657, .T. ) ;
#791 = CARTESIAN_POINT ( 'NONE',  ( 4.556351636983046127, 7.924235418444622425, 7.705000000000000071 ) ) ;
#792 = ORIENTED_EDGE ( 'NONE', *, *, #2857, .F. ) ;
#793 = CARTESIAN_POINT ( 'NONE',  ( 3.250000000000000444, 1.990051048614449362E-16, 0.000000000000000000 ) ) ;
#794 = PRESENTATION_STYLE_ASSIGNMENT (( #2922 ) ) ;
#795 = CARTESIAN_POINT ( 'NONE',  ( 14.42659749408573688, 7.524095690271837888, 7.705000000000000071 ) ) ;
#796 = UNCERTAINTY_MEASURE_WITH_UNIT (LENGTH_MEASURE( 1.000000000000000082E-05 ), #559, 'distance_accuracy_value', 'NONE');
#797 = ORIENTED_EDGE ( 'NONE', *, *, #2535, .F. ) ;
#798 = ORIENTED_EDGE ( 'NONE', *, *, #748, .T. ) ;
#799 = CARTESIAN_POINT ( 'NONE',  ( 14.42659749408573688, 7.524095690271837888, 7.700000000000000178 ) ) ;
#800 = UNCERTAINTY_MEASURE_WITH_UNIT (LENGTH_MEASURE( 1.000000000000000082E-05 ), #1368, 'distance_accuracy_value', 'NONE');
#801 = VERTEX_POINT ( 'NONE', #2305 ) ;
#802 = CARTESIAN_POINT ( 'NONE',  ( 10.05664773880616991, 7.924235418444622425, 7.705000000000000071 ) ) ;
#803 = DIRECTION ( 'NONE',  ( -0.000000000000000000, -0.000000000000000000, -1.000000000000000000 ) ) ;
#804 = VERTEX_POINT ( 'NONE', #184 ) ;
#805 = EDGE_CURVE ( 'NONE', #1080, #2779, #1140, .T. ) ;
#806 = CARTESIAN_POINT ( 'NONE',  ( 10.05664773880616991, 7.924235418444622425, 7.705000000000000071 ) ) ;
#807 = DIRECTION ( 'NONE',  ( 0.000000000000000000, 0.000000000000000000, -1.000000000000000000 ) ) ;
#808 = SURFACE_STYLE_FILL_AREA ( #1812 ) ;
#809 = FILL_AREA_STYLE ('',( #2295 ) ) ;
#810 = DIRECTION ( 'NONE',  ( -0.000000000000000000, -1.000000000000000000, -0.000000000000000000 ) ) ;
#811 = VERTEX_POINT ( 'NONE', #1167 ) ;
#812 = ORIENTED_EDGE ( 'NONE', *, *, #1540, .T. ) ;
#813 = COLOUR_RGB ( '',0.8980392156862745390, 0.9215686274509803377, 0.9294117647058823817 ) ;
#814 = EDGE_CURVE ( 'NONE', #1724, #764, #606, .T. ) ;
#815 =( NAMED_UNIT ( * ) SI_UNIT ( $, .STERADIAN. ) SOLID_ANGLE_UNIT ( ) );
#816 = ORIENTED_EDGE ( 'NONE', *, *, #968, .T. ) ;
#817 = PRESENTATION_LAYER_ASSIGNMENT (  '', '', ( #763 ) ) ;
#818 = AXIS2_PLACEMENT_3D ( 'NONE', #2598, #243, #2196 ) ;
#819 = PLANE ( 'NONE',  #1663 ) ;
#820 = VECTOR ( 'NONE', #21, 1000.000000000000000 ) ;
#821 = LINE ( 'NONE', #1827, #1457 ) ;
#822 = CARTESIAN_POINT ( 'NONE',  ( 8.312976912160237930, 7.924235418444622425, 7.705000000000000071 ) ) ;
#823 = CARTESIAN_POINT ( 'NONE',  ( 3.763745000000000118, 0.4689279999999999005, 0.000000000000000000 ) ) ;
#824 = VERTEX_POINT ( 'NONE', #1291 ) ;
#825 = DIRECTION ( 'NONE',  ( -0.000000000000000000, -0.000000000000000000, -1.000000000000000000 ) ) ;
#826 = FILL_AREA_STYLE ('',( #1763 ) ) ;
#827 = CARTESIAN_POINT ( 'NONE',  ( 12.78838451534274867, 5.852079999999936000, 7.700000000000000178 ) ) ;
#828 = MECHANICAL_DESIGN_GEOMETRIC_PRESENTATION_REPRESENTATION (  '', ( #1426 ), #1582 ) ;
#829 = LINE ( 'NONE', #601, #1528 ) ;
#830 = PRESENTATION_STYLE_ASSIGNMENT (( #404 ) ) ;
#831 = ADVANCED_FACE ( 'NONE', ( #2254 ), #1278, .T. ) ;
#832 = ORIENTED_EDGE ( 'NONE', *, *, #2742, .F. ) ;
#833 = ORIENTED_EDGE ( 'NONE', *, *, #2037, .F. ) ;
#834 = COLOUR_RGB ( '',0.4980392156862745168, 0.4980392156862745168, 0.4980392156862745168 ) ;
#835 = LINE ( 'NONE', #882, #1010 ) ;
#836 = MECHANICAL_DESIGN_GEOMETRIC_PRESENTATION_REPRESENTATION (  '', ( #2270 ), #1475 ) ;
#837 = EDGE_CURVE ( 'NONE', #534, #54, #1514, .T. ) ;
#838 = LINE ( 'NONE', #1021, #1470 ) ;
#839 =( LENGTH_UNIT ( ) NAMED_UNIT ( * ) SI_UNIT ( .MILLI., .METRE. ) );
#840 = DIRECTION ( 'NONE',  ( -1.185729251540992573E-16, 1.000000000000000000, 0.000000000000000000 ) ) ;
#841 = VERTEX_POINT ( 'NONE', #228 ) ;
#842 =( NAMED_UNIT ( * ) SI_UNIT ( $, .STERADIAN. ) SOLID_ANGLE_UNIT ( ) );
#843 = DIRECTION ( 'NONE',  ( -0.9612861490927312458, 0.2755520632520602753, 0.000000000000000000 ) ) ;
#844 = ORIENTED_EDGE ( 'NONE', *, *, #2987, .F. ) ;
#845 = VERTEX_POINT ( 'NONE', #129 ) ;
#846 = EDGE_LOOP ( 'NONE', ( #2968, #2447, #2098, #1478 ) ) ;
#847 = EDGE_CURVE ( 'NONE', #1688, #1355, #2575, .T. ) ;
#848 = CARTESIAN_POINT ( 'NONE',  ( 11.60611052423239720, 7.627157823253259750, 7.083333394999999477 ) ) ;
#849 = DIRECTION ( 'NONE',  ( 3.353202531363161949E-17, 0.000000000000000000, -1.000000000000000000 ) ) ;
#850 = ORIENTED_EDGE ( 'NONE', *, *, #1584, .T. ) ;
#851 = EDGE_CURVE ( 'NONE', #512, #781, #2530, .T. ) ;
#852 = CARTESIAN_POINT ( 'NONE',  ( 5.954670000681733022, 5.852079999999936000, 7.705000000000000071 ) ) ;
#853 = EDGE_CURVE ( 'NONE', #119, #122, #1796, .T. ) ;
#854 = CYLINDRICAL_SURFACE ( 'NONE', #2706, 0.4250000000000000444 ) ;
#855 = DIRECTION ( 'NONE',  ( 0.9999999968487351953, -7.938847109813992875E-05, 0.000000000000000000 ) ) ;
#856 = ORIENTED_EDGE ( 'NONE', *, *, #646, .F. ) ;
#857 = CARTESIAN_POINT ( 'NONE',  ( 8.418203306722089607, 5.852079999999935112, 7.705000000000000071 ) ) ;
#858 = CARTESIAN_POINT ( 'NONE',  ( 0.000000000000000000, 0.000000000000000000, 0.000000000000000000 ) ) ;
#859 = FILL_AREA_STYLE_COLOUR ( '', #1414 ) ;
#860 = DIRECTION ( 'NONE',  ( 0.05596501978069370192, 0.9984327301130240251, 0.000000000000000000 ) ) ;
#861 = DIRECTION ( 'NONE',  ( 0.2763139702539113007, 0.9610674221107073922, 0.000000000000000000 ) ) ;
#862 = EDGE_LOOP ( 'NONE', ( #1656, #1589, #998, #2661 ) ) ;
#863 = ORIENTED_EDGE ( 'NONE', *, *, #2810, .F. ) ;
#864 = DIRECTION ( 'NONE',  ( 1.000000000000000000, 0.000000000000000000, 0.000000000000000000 ) ) ;
#865 = UNCERTAINTY_MEASURE_WITH_UNIT (LENGTH_MEASURE( 1.000000000000000082E-05 ), #2466, 'distance_accuracy_value', 'NONE');
#866 = VECTOR ( 'NONE', #2102, 1000.000000000000000 ) ;
#867 = VECTOR ( 'NONE', #2534, 1000.000000000000114 ) ;
#868 = ADVANCED_FACE ( 'NONE', ( #341 ), #114, .F. ) ;
#869 = FACE_OUTER_BOUND ( 'NONE', #1343, .T. ) ;
#870 = LINE ( 'NONE', #1608, #1114 ) ;
#871 = MECHANICAL_DESIGN_GEOMETRIC_PRESENTATION_REPRESENTATION (  '', ( #2207 ), #178 ) ;
#872 = ORIENTED_EDGE ( 'NONE', *, *, #1584, .F. ) ;
#873 =( GEOMETRIC_REPRESENTATION_CONTEXT ( 3 ) GLOBAL_UNCERTAINTY_ASSIGNED_CONTEXT ( ( #2289 ) ) GLOBAL_UNIT_ASSIGNED_CONTEXT ( ( #2118, #1128, #191 ) ) REPRESENTATION_CONTEXT ( 'NONE', 'WORKASPACE' ) );
#874 =( NAMED_UNIT ( * ) PLANE_ANGLE_UNIT ( ) SI_UNIT ( $, .RADIAN. ) );
#875 = CARTESIAN_POINT ( 'NONE',  ( 13.85926046337341688, 7.524140730291446033, 7.705000000000000071 ) ) ;
#876 = CARTESIAN_POINT ( 'NONE',  ( 5.146365447422166284, 7.924235418444622425, 7.705000000000000071 ) ) ;
#877 = LINE ( 'NONE', #1838, #1214 ) ;
#878 = CARTESIAN_POINT ( 'NONE',  ( 8.037363267667190669, 6.246308825333078296, 7.700000000000000178 ) ) ;
#879 = VERTEX_POINT ( 'NONE', #537 ) ;
#880 = ORIENTED_EDGE ( 'NONE', *, *, #522, .F. ) ;
#881 = AXIS2_PLACEMENT_3D ( 'NONE', #3006, #912, #2089 ) ;
#882 = CARTESIAN_POINT ( 'NONE',  ( 9.402119625592375129, 7.924235418444622425, 7.705000000000000071 ) ) ;
#883 = VECTOR ( 'NONE', #992, 1000.000000000000000 ) ;
#884 = PRESENTATION_LAYER_ASSIGNMENT (  '', '', ( #1841 ) ) ;
#885 = CARTESIAN_POINT ( 'NONE',  ( 11.57743352744045318, 7.144321387523858924, 7.700000000000000178 ) ) ;
#886 = CARTESIAN_POINT ( 'NONE',  ( 3.250000000000000444, 1.990051048614449362E-16, 0.000000000000000000 ) ) ;
#887 = CARTESIAN_POINT ( 'NONE',  ( 17.88333339499999752, 0.000000000000000000, 0.6166666050000000343 ) ) ;
#888 = CARTESIAN_POINT ( 'NONE',  ( 6.185855018147796258, 5.852079999999934223, 7.700000000000000178 ) ) ;
#889 = EDGE_CURVE ( 'NONE', #1923, #1396, #2496, .T. ) ;
#890 = SURFACE_STYLE_FILL_AREA ( #1144 ) ;
#891 = PRESENTATION_STYLE_ASSIGNMENT (( #689 ) ) ;
#892 = DIRECTION ( 'NONE',  ( -0.000000000000000000, -0.000000000000000000, -1.000000000000000000 ) ) ;
#893 = ORIENTED_EDGE ( 'NONE', *, *, #2349, .T. ) ;
#894 = VERTEX_POINT ( 'NONE', #1756 ) ;
#895 = ORIENTED_EDGE ( 'NONE', *, *, #1830, .T. ) ;
#896 = ADVANCED_FACE ( 'NONE', ( #2462 ), #332, .F. ) ;
#897 = LINE ( 'NONE', #1148, #1636 ) ;
#898 = SURFACE_SIDE_STYLE ('',( #1855 ) ) ;
#899 = DIRECTION ( 'NONE',  ( 0.000000000000000000, -1.000000000000000000, 0.000000000000000000 ) ) ;
#900 = CARTESIAN_POINT ( 'NONE',  ( 18.50000000000000000, 0.000000000000000000, 0.000000000000000000 ) ) ;
#901 = FILL_AREA_STYLE_COLOUR ( '', #381 ) ;
#902 = PRESENTATION_STYLE_ASSIGNMENT (( #2769 ) ) ;
#903 = DIRECTION ( 'NONE',  ( 1.104435275910379625E-13, 1.000000000000000000, -0.000000000000000000 ) ) ;
#904 =( NAMED_UNIT ( * ) PLANE_ANGLE_UNIT ( ) SI_UNIT ( $, .RADIAN. ) );
#905 = LINE ( 'NONE', #711, #1836 ) ;
#906 = EDGE_CURVE ( 'NONE', #1718, #1853, #2898, .T. ) ;
#907 = EDGE_LOOP ( 'NONE', ( #2780, #395, #24, #2594 ) ) ;
#908 = LINE ( 'NONE', #928, #1168 ) ;
#909 = EDGE_CURVE ( 'NONE', #971, #1294, #120, .T. ) ;
#910 = VERTEX_POINT ( 'NONE', #2972 ) ;
#911 = LINE ( 'NONE', #2849, #1377 ) ;
#912 = DIRECTION ( 'NONE',  ( 0.9610029908221278117, -0.2765379750249963298, 0.000000000000000000 ) ) ;
#913 = VECTOR ( 'NONE', #158, 999.9999999999998863 ) ;
#914 = SURFACE_SIDE_STYLE ('',( #2101 ) ) ;
#915 = DIRECTION ( 'NONE',  ( -0.000000000000000000, -0.000000000000000000, -1.000000000000000000 ) ) ;
#916 = AXIS2_PLACEMENT_3D ( 'NONE', #1424, #2807, #180 ) ;
#917 = PRESENTATION_LAYER_ASSIGNMENT (  '', '', ( #2207 ) ) ;
#918 = LINE ( 'NONE', #1415, #2258 ) ;
#919 = DIRECTION ( 'NONE',  ( 0.000000000000000000, 0.000000000000000000, -1.000000000000000000 ) ) ;
#920 = CARTESIAN_POINT ( 'NONE',  ( 14.73625499999999811, 0.4689279999999999005, 0.000000000000000000 ) ) ;
#921 = STYLED_ITEM ( 'NONE', ( #1681 ), #1742 ) ;
#922 = VERTEX_POINT ( 'NONE', #1083 ) ;
#923 = CARTESIAN_POINT ( 'NONE',  ( 11.21512356631426321, 7.924235418444622425, 7.705000000000000071 ) ) ;
#924 = DIRECTION ( 'NONE',  ( -1.000000000000000000, 0.000000000000000000, 0.000000000000000000 ) ) ;
#925 = AXIS2_PLACEMENT_3D ( 'NONE', #1257, #141, #2204 ) ;
#926 = EDGE_CURVE ( 'NONE', #666, #512, #1312, .T. ) ;
#927 = CARTESIAN_POINT ( 'NONE',  ( 18.49999999999999289, 13.39289321881345352, 5.421010862427522170E-16 ) ) ;
#928 = CARTESIAN_POINT ( 'NONE',  ( 14.54159073302496274, 7.924235418444622425, 7.705000000000000071 ) ) ;
#929 = ORIENTED_EDGE ( 'NONE', *, *, #2439, .T. ) ;
#930 = LINE ( 'NONE', #181, #1982 ) ;
#931 = EDGE_CURVE ( 'NONE', #1604, #1180, #2041, .T. ) ;
#932 = CARTESIAN_POINT ( 'NONE',  ( 7.924683256288299837, 6.761320239467497828, 7.705000000000000071 ) ) ;
#933 = VECTOR ( 'NONE', #173, 1000.000000000000000 ) ;
#934 = VECTOR ( 'NONE', #1215, 1000.000000000000000 ) ;
#935 = EDGE_CURVE ( 'NONE', #1850, #546, #588, .T. ) ;
#936 = VECTOR ( 'NONE', #683, 1000.000000000000114 ) ;
#937 =( NAMED_UNIT ( * ) SI_UNIT ( $, .STERADIAN. ) SOLID_ANGLE_UNIT ( ) );
#938 = CARTESIAN_POINT ( 'NONE',  ( 4.872560074776447259, 6.977204153019537003, 7.705000000000000071 ) ) ;
#939 = ORIENTED_EDGE ( 'NONE', *, *, #1417, .F. ) ;
#940 = CARTESIAN_POINT ( 'NONE',  ( 8.200952163646057613, 7.529811274375007635, 7.705000000000000071 ) ) ;
#941 = CARTESIAN_POINT ( 'NONE',  ( 9.396907711110600303, 5.852079999999935112, 7.700000000000000178 ) ) ;
#942 = DIRECTION ( 'NONE',  ( 0.2755520632520602198, 0.9612861490927312458, 0.000000000000000000 ) ) ;
#943 = ORIENTED_EDGE ( 'NONE', *, *, #333, .F. ) ;
#944 = ORIENTED_EDGE ( 'NONE', *, *, #1614, .T. ) ;
#945 = DIRECTION ( 'NONE',  ( 0.000000000000000000, -1.000000000000000000, -0.000000000000000000 ) ) ;
#946 = CARTESIAN_POINT ( 'NONE',  ( 0.000000000000000000, 0.7500000000000000000, 0.000000000000000000 ) ) ;
#947 = ORIENTED_EDGE ( 'NONE', *, *, #753, .T. ) ;
#948 = ADVANCED_FACE ( 'NONE', ( #2477 ), #2726, .F. ) ;
#949 = LINE ( 'NONE', #2133, #463 ) ;
#950 = DIRECTION ( 'NONE',  ( -1.000000000000000000, 0.000000000000000000, -0.000000000000000000 ) ) ;
#951 = DIRECTION ( 'NONE',  ( 0.000000000000000000, 0.000000000000000000, -1.000000000000000000 ) ) ;
#952 = ORIENTED_EDGE ( 'NONE', *, *, #1297, .T. ) ;
#953 = ORIENTED_EDGE ( 'NONE', *, *, #2018, .T. ) ;
#954 = CARTESIAN_POINT ( 'NONE',  ( 12.78838451534274867, 5.852079999999936000, 7.705000000000000071 ) ) ;
#955 = CARTESIAN_POINT ( 'NONE',  ( 18.50000000000000000, 13.09999999999999964, 0.000000000000000000 ) ) ;
#956 = VERTEX_POINT ( 'NONE', #760 ) ;
#957 = LINE ( 'NONE', #323, #2861 ) ;
#958 = CARTESIAN_POINT ( 'NONE',  ( 11.68958428804255867, 7.529741967723015961, 7.705000000000000071 ) ) ;
#959 = CARTESIAN_POINT ( 'NONE',  ( 4.556351636983046127, 7.924235418444622425, 7.705000000000000071 ) ) ;
#960 = EDGE_CURVE ( 'NONE', #1850, #729, #2924, .T. ) ;
#961 = CLOSED_SHELL ( 'NONE', ( #2430, #2145, #2111, #2805, #3013, #1965, #2971, #948, #111, #556, #155, #1961, #2381, #1847, #1143, #1671, #1787, #2078, #1363 ) ) ;
#962 = LINE ( 'NONE', #2621, #2558 ) ;
#963 = AXIS2_PLACEMENT_3D ( 'NONE', #1632, #1884, #3031 ) ;
#964 = ORIENTED_EDGE ( 'NONE', *, *, #2480, .F. ) ;
#965 = AXIS2_PLACEMENT_3D ( 'NONE', #419, #1863, #2797 ) ;
#966 = FILL_AREA_STYLE_COLOUR ( '', #2395 ) ;
#967 = LINE ( 'NONE', #984, #2350 ) ;
#968 = EDGE_CURVE ( 'NONE', #956, #2920, #2422, .T. ) ;
#969 =( GEOMETRIC_REPRESENTATION_CONTEXT ( 3 ) GLOBAL_UNCERTAINTY_ASSIGNED_CONTEXT ( ( #2760 ) ) GLOBAL_UNIT_ASSIGNED_CONTEXT ( ( #2139, #1390, #1150 ) ) REPRESENTATION_CONTEXT ( 'NONE', 'WORKASPACE' ) );
#970 = ORIENTED_EDGE ( 'NONE', *, *, #1341, .T. ) ;
#971 = VERTEX_POINT ( 'NONE', #249 ) ;
#972 = VECTOR ( 'NONE', #1322, 1000.000000000000000 ) ;
#973 = VERTEX_POINT ( 'NONE', #1716 ) ;
#974 =( LENGTH_UNIT ( ) NAMED_UNIT ( * ) SI_UNIT ( .MILLI., .METRE. ) );
#975 = CIRCLE ( 'NONE', #1720, 0.4250000000000000444 ) ;
#976 = ORIENTED_EDGE ( 'NONE', *, *, #139, .F. ) ;
#977 = VECTOR ( 'NONE', #2383, 999.9999999999998863 ) ;
#978 = CARTESIAN_POINT ( 'NONE',  ( 0.000000000000000000, 13.59999999999999964, 7.700000000000000178 ) ) ;
#979 = VECTOR ( 'NONE', #1606, 1000.000000000000000 ) ;
#980 = LINE ( 'NONE', #791, #883 ) ;
#981 = LINE ( 'NONE', #1941, #758 ) ;
#982 = EDGE_CURVE ( 'NONE', #2008, #2600, #1496, .T. ) ;
#983 = CARTESIAN_POINT ( 'NONE',  ( 8.200952163646057613, 7.529811274375007635, 7.705000000000000071 ) ) ;
#984 = CARTESIAN_POINT ( 'NONE',  ( 5.954670000681733022, 5.852079999999936000, 7.705000000000000071 ) ) ;
#985 = ORIENTED_EDGE ( 'NONE', *, *, #3030, .T. ) ;
#986 = ORIENTED_EDGE ( 'NONE', *, *, #1979, .T. ) ;
#987 = SURFACE_STYLE_FILL_AREA ( #2171 ) ;
#988 = DIRECTION ( 'NONE',  ( -0.6741568292822091024, -0.7385882273176025414, 0.000000000000000000 ) ) ;
#989 = CARTESIAN_POINT ( 'NONE',  ( 11.32113753644195775, 6.246384432582272161, 7.700000000000000178 ) ) ;
#990 = ORIENTED_EDGE ( 'NONE', *, *, #220, .T. ) ;
#991 = CARTESIAN_POINT ( 'NONE',  ( 4.893068544174322021, 7.040588234581946381, 7.705000000000000071 ) ) ;
#992 = DIRECTION ( 'NONE',  ( -1.000000000000000000, -0.000000000000000000, -0.000000000000000000 ) ) ;
#993 = VERTEX_POINT ( 'NONE', #2635 ) ;
#994 = DIRECTION ( 'NONE',  ( 1.000000000000000000, 0.000000000000000000, 0.000000000000000000 ) ) ;
#995 =( NAMED_UNIT ( * ) PLANE_ANGLE_UNIT ( ) SI_UNIT ( $, .RADIAN. ) );
#996 = CARTESIAN_POINT ( 'NONE',  ( 10.96548101203375403, 7.924235418444622425, 7.705000000000000071 ) ) ;
#997 = ADVANCED_FACE ( 'NONE', ( #1928 ), #1237, .T. ) ;
#998 = ORIENTED_EDGE ( 'NONE', *, *, #1329, .F. ) ;
#999 = ORIENTED_EDGE ( 'NONE', *, *, #2609, .F. ) ;
#1000 = SURFACE_STYLE_USAGE ( .BOTH. , #2352 ) ;
#1001 = EDGE_CURVE ( 'NONE', #118, #2121, #2195, .T. ) ;
#1002 = EDGE_LOOP ( 'NONE', ( #1590, #293, #2493, #2012 ) ) ;
#1003 = FILL_AREA_STYLE_COLOUR ( '', #1072 ) ;
#1004 = ORIENTED_EDGE ( 'NONE', *, *, #1282, .T. ) ;
#1005 = DIRECTION ( 'NONE',  ( 1.000000000000000000, 1.185729251540992573E-16, 0.000000000000000000 ) ) ;
#1006 = CARTESIAN_POINT ( 'NONE',  ( 10.36972105026527124, 5.852079999999935112, 7.705000000000000071 ) ) ;
#1007 = COLOUR_RGB ( '',0.4980392156862745168, 0.4980392156862745168, 0.4980392156862745168 ) ;
#1008 = DIRECTION ( 'NONE',  ( 0.2759782365590697228, 0.9611638845408965182, 0.000000000000000000 ) ) ;
#1009 = ORIENTED_EDGE ( 'NONE', *, *, #1386, .T. ) ;
#1010 = VECTOR ( 'NONE', #409, 1000.000000000000000 ) ;
#1011 = PRESENTATION_STYLE_ASSIGNMENT (( #276 ) ) ;
#1012 = DIRECTION ( 'NONE',  ( 1.000000000000000000, 0.000000000000000000, 0.000000000000000000 ) ) ;
#1013 = AXIS2_PLACEMENT_3D ( 'NONE', #92, #1518, #265 ) ;
#1014 =( NAMED_UNIT ( * ) SI_UNIT ( $, .STERADIAN. ) SOLID_ANGLE_UNIT ( ) );
#1015 = EDGE_LOOP ( 'NONE', ( #3000, #746, #2583, #1464, #1406, #1916, #1801, #999, #1182, #722, #212, #1800, #2181, #872, #1410, #347, #2419 ) ) ;
#1016 = ADVANCED_FACE ( 'NONE', ( #1989 ), #779, .F. ) ;
#1017 = VECTOR ( 'NONE', #1683, 1000.000000000000000 ) ;
#1018 = UNCERTAINTY_MEASURE_WITH_UNIT (LENGTH_MEASURE( 1.000000000000000082E-05 ), #1110, 'distance_accuracy_value', 'NONE');
#1019 = ORIENTED_EDGE ( 'NONE', *, *, #2044, .F. ) ;
#1020 = VECTOR ( 'NONE', #1550, 1000.000000000000000 ) ;
#1021 = CARTESIAN_POINT ( 'NONE',  ( 13.85926046337341688, 7.524140730291446033, 7.700000000000000178 ) ) ;
#1022 = VECTOR ( 'NONE', #538, 1000.000000000000000 ) ;
#1023 = VERTEX_POINT ( 'NONE', #1447 ) ;
#1024 = EDGE_CURVE ( 'NONE', #2643, #1023, #545, .T. ) ;
#1025 = DIRECTION ( 'NONE',  ( 0.2755265765475026218, 0.9612934544747576693, 0.000000000000000000 ) ) ;
#1026 = DIRECTION ( 'NONE',  ( -0.000000000000000000, 1.000000000000000000, -0.000000000000000000 ) ) ;
#1027 = DIRECTION ( 'NONE',  ( -0.000000000000000000, -0.000000000000000000, -1.000000000000000000 ) ) ;
#1028 = AXIS2_PLACEMENT_3D ( 'NONE', #2135, #3060, #12 ) ;
#1029 = ORIENTED_EDGE ( 'NONE', *, *, #1698, .F. ) ;
#1030 = AXIS2_PLACEMENT_3D ( 'NONE', #16, #1911, #2866 ) ;
#1031 = CARTESIAN_POINT ( 'NONE',  ( 8.418203306722089607, 5.852079999999935112, 7.705000000000000071 ) ) ;
#1032 = CARTESIAN_POINT ( 'NONE',  ( 0.000000000000000000, 0.000000000000000000, 7.700000000000000178 ) ) ;
#1033 = ORIENTED_EDGE ( 'NONE', *, *, #2789, .T. ) ;
#1034 = LINE ( 'NONE', #799, #1665 ) ;
#1035 = EDGE_LOOP ( 'NONE', ( #767, #833, #536, #2610 ) ) ;
#1036 = EDGE_CURVE ( 'NONE', #2064, #845, #1435, .T. ) ;
#1037 = ORIENTED_EDGE ( 'NONE', *, *, #1441, .F. ) ;
#1038 = FILL_AREA_STYLE ('',( #2229 ) ) ;
#1039 = FACE_OUTER_BOUND ( 'NONE', #1740, .T. ) ;
#1040 = EDGE_CURVE ( 'NONE', #1180, #2740, #1203, .T. ) ;
#1041 = ORIENTED_EDGE ( 'NONE', *, *, #1040, .F. ) ;
#1042 = DIRECTION ( 'NONE',  ( -0.05596501978069369498, -0.9984327301130239141, 0.000000000000000000 ) ) ;
#1043 = DIRECTION ( 'NONE',  ( -1.000000000000000000, 0.000000000000000000, -1.004666098601887175E-16 ) ) ;
#1044 = DIRECTION ( 'NONE',  ( -0.2760118818968580467, -0.9611542233438684635, 0.000000000000000000 ) ) ;
#1045 = CARTESIAN_POINT ( 'NONE',  ( 7.144706219326467433, 7.144390694176951051, 7.705000000000000071 ) ) ;
#1046 = CARTESIAN_POINT ( 'NONE',  ( 6.455643669591910161, 7.924235418444622425, 7.700000000000000178 ) ) ;
#1047 = EDGE_LOOP ( 'NONE', ( #2538, #2629 ) ) ;
#1048 = ORIENTED_EDGE ( 'NONE', *, *, #2156, .T. ) ;
#1049 = FACE_OUTER_BOUND ( 'NONE', #2333, .T. ) ;
#1050 = DIRECTION ( 'NONE',  ( -0.9620200793798828753, 0.2729786930694848568, 0.000000000000000000 ) ) ;
#1051 = EDGE_LOOP ( 'NONE', ( #1784, #2964, #1755, #1443 ) ) ;
#1052 = DIRECTION ( 'NONE',  ( 1.000000000000000000, -1.104435275910379373E-13, 0.000000000000000000 ) ) ;
#1053 = EDGE_CURVE ( 'NONE', #2487, #2725, #967, .T. ) ;
#1054 = SURFACE_STYLE_FILL_AREA ( #389 ) ;
#1055 = LINE ( 'NONE', #1561, #1323 ) ;
#1056 = EDGE_LOOP ( 'NONE', ( #1999, #2881 ) ) ;
#1057 = ADVANCED_FACE ( 'NONE', ( #744 ), #1696, .F. ) ;
#1058 = CARTESIAN_POINT ( 'NONE',  ( 12.78838451534274867, 5.852079999999936000, 7.705000000000000071 ) ) ;
#1059 =( NAMED_UNIT ( * ) SI_UNIT ( $, .STERADIAN. ) SOLID_ANGLE_UNIT ( ) );
#1060 = DIRECTION ( 'NONE',  ( -0.9985542843760946141, 0.05375259206908577364, 0.000000000000000000 ) ) ;
#1061 = AXIS2_PLACEMENT_3D ( 'NONE', #354, #1874, #1440 ) ;
#1062 = CARTESIAN_POINT ( 'NONE',  ( 7.256856979931010088, 7.529811274375007635, 7.700000000000000178 ) ) ;
#1063 = VERTEX_POINT ( 'NONE', #1512 ) ;
#1064 = ORIENTED_EDGE ( 'NONE', *, *, #307, .F. ) ;
#1065 = STYLED_ITEM ( 'NONE', ( #830 ), #491 ) ;
#1066 = ORIENTED_EDGE ( 'NONE', *, *, #2249, .F. ) ;
#1067 = VECTOR ( 'NONE', #89, 1000.000000000000000 ) ;
#1068 = VECTOR ( 'NONE', #470, 1000.000000000000000 ) ;
#1069 = AXIS2_PLACEMENT_3D ( 'NONE', #1776, #1758, #2045 ) ;
#1070 = CARTESIAN_POINT ( 'NONE',  ( 1.749999999999999778, -6.000000000000000000, 3.850000000000000089 ) ) ;
#1071 = DIRECTION ( 'NONE',  ( 0.2732148821746286926, 0.9619530280415483636, 0.000000000000000000 ) ) ;
#1072 = COLOUR_RGB ( '',0.4980392156862745168, 0.4980392156862745168, 0.4980392156862745168 ) ;
#1073 = ORIENTED_EDGE ( 'NONE', *, *, #2615, .T. ) ;
#1074 = CARTESIAN_POINT ( 'NONE',  ( 18.50000000000000000, 13.09999999999999964, 7.700000000000000178 ) ) ;
#1075 = SURFACE_SIDE_STYLE ('',( #890 ) ) ;
#1076 = COLOUR_RGB ( '',0.4980392156862745168, 0.4980392156862745168, 0.4980392156862745168 ) ;
#1077 = CARTESIAN_POINT ( 'NONE',  ( 3.960850000000000204, 5.852079999999999949, 7.705000000000000071 ) ) ;
#1078 = ADVANCED_FACE ( 'NONE', ( #671 ), #1622, .T. ) ;
#1079 = EDGE_LOOP ( 'NONE', ( #2944, #939, #1041, #2232 ) ) ;
#1080 = VERTEX_POINT ( 'NONE', #2451 ) ;
#1081 = VECTOR ( 'NONE', #2952, 1000.000000000000000 ) ;
#1082 = VERTEX_POINT ( 'NONE', #2771 ) ;
#1083 = CARTESIAN_POINT ( 'NONE',  ( 0.4999999999999998890, 13.59999999999999964, 0.5000000000000004441 ) ) ;
#1084 = AXIS2_PLACEMENT_3D ( 'NONE', #1275, #1549, #807 ) ;
#1085 = CARTESIAN_POINT ( 'NONE',  ( 17.88333339499999752, 0.7500000000000000000, 7.083333395000000365 ) ) ;
#1086 = STYLED_ITEM ( 'NONE', ( #2058 ), #142 ) ;
#1087 = FILL_AREA_STYLE ('',( #98 ) ) ;
#1088 =( NAMED_UNIT ( * ) PLANE_ANGLE_UNIT ( ) SI_UNIT ( $, .RADIAN. ) );
#1089 = FACE_OUTER_BOUND ( 'NONE', #787, .T. ) ;
#1090 = PLANE ( 'NONE',  #1219 ) ;
#1091 = ORIENTED_EDGE ( 'NONE', *, *, #204, .F. ) ;
#1092 =( NAMED_UNIT ( * ) SI_UNIT ( $, .STERADIAN. ) SOLID_ANGLE_UNIT ( ) );
#1093 = DIRECTION ( 'NONE',  ( 0.000000000000000000, -1.000000000000000000, 0.000000000000000000 ) ) ;
#1094 = PRODUCT_DEFINITION ( 'UNKNOWN', '', #2865, #2683 ) ;
#1095 = LINE ( 'NONE', #648, #2711 ) ;
#1096 = ORIENTED_EDGE ( 'NONE', *, *, #333, .T. ) ;
#1097 = ORIENTED_EDGE ( 'NONE', *, *, #2580, .F. ) ;
#1098 = ORIENTED_EDGE ( 'NONE', *, *, #566, .F. ) ;
#1099 = ADVANCED_FACE ( 'NONE', ( #1124 ), #326, .T. ) ;
#1100 = DIRECTION ( 'NONE',  ( 0.2793947940878294123, 0.9601763114327593884, 0.000000000000000000 ) ) ;
#1101 = LINE ( 'NONE', #2824, #121 ) ;
#1102 = CARTESIAN_POINT ( 'NONE',  ( 12.18467319065931598, 5.852079999999936000, 7.705000000000000071 ) ) ;
#1103 = EDGE_CURVE ( 'NONE', #2678, #467, #1034, .T. ) ;
#1104 = CARTESIAN_POINT ( 'NONE',  ( 8.844489607891244276, 5.852079999999935112, 7.705000000000000071 ) ) ;
#1105 = LINE ( 'NONE', #2746, #2545 ) ;
#1106 = ORIENTED_EDGE ( 'NONE', *, *, #714, .T. ) ;
#1107 = APPLICATION_PROTOCOL_DEFINITION ( 'draft international standard', 'automotive_design', 1998, #1946 ) ;
#1108 = DIRECTION ( 'NONE',  ( 0.2760118818968580467, 0.9611542233438683525, 0.000000000000000000 ) ) ;
#1109 = DIRECTION ( 'NONE',  ( -0.000000000000000000, -1.000000000000000000, -0.000000000000000000 ) ) ;
#1110 =( LENGTH_UNIT ( ) NAMED_UNIT ( * ) SI_UNIT ( .MILLI., .METRE. ) );
#1111 = ORIENTED_EDGE ( 'NONE', *, *, #2025, .T. ) ;
#1112 = ORIENTED_EDGE ( 'NONE', *, *, #1321, .T. ) ;
#1113 = UNCERTAINTY_MEASURE_WITH_UNIT (LENGTH_MEASURE( 1.000000000000000082E-05 ), #1861, 'distance_accuracy_value', 'NONE');
#1114 = VECTOR ( 'NONE', #160, 1000.000000000000114 ) ;
#1115 = CARTESIAN_POINT ( 'NONE',  ( 8.519661943103439938, 7.924235418444622425, 7.700000000000000178 ) ) ;
#1116 = EDGE_CURVE ( 'NONE', #514, #2405, #1739, .T. ) ;
#1117 =( GEOMETRIC_REPRESENTATION_CONTEXT ( 3 ) GLOBAL_UNCERTAINTY_ASSIGNED_CONTEXT ( ( #2201 ) ) GLOBAL_UNIT_ASSIGNED_CONTEXT ( ( #1646, #1658, #2085 ) ) REPRESENTATION_CONTEXT ( 'NONE', 'WORKASPACE' ) );
#1118 = CARTESIAN_POINT ( 'NONE',  ( 11.21512356631426321, 7.924235418444622425, 7.705000000000000071 ) ) ;
#1119 =( NAMED_UNIT ( * ) PLANE_ANGLE_UNIT ( ) SI_UNIT ( $, .RADIAN. ) );
#1120 = VECTOR ( 'NONE', #864, 1000.000000000000000 ) ;
#1121 = EDGE_CURVE ( 'NONE', #1256, #1338, #2425, .T. ) ;
#1122 = SURFACE_STYLE_FILL_AREA ( #1154 ) ;
#1123 = FILL_AREA_STYLE_COLOUR ( '', #2798 ) ;
#1124 = FACE_OUTER_BOUND ( 'NONE', #45, .T. ) ;
#1125 = EDGE_CURVE ( 'NONE', #1547, #401, #2672, .T. ) ;
#1126 = VECTOR ( 'NONE', #2776, 1000.000000000000000 ) ;
#1127 =( LENGTH_UNIT ( ) NAMED_UNIT ( * ) SI_UNIT ( .MILLI., .METRE. ) );
#1128 =( NAMED_UNIT ( * ) PLANE_ANGLE_UNIT ( ) SI_UNIT ( $, .RADIAN. ) );
#1129 = LINE ( 'NONE', #1814, #3008 ) ;
#1130 = ORIENTED_EDGE ( 'NONE', *, *, #382, .F. ) ;
#1131 = ORIENTED_EDGE ( 'NONE', *, *, #2325, .F. ) ;
#1132 =( GEOMETRIC_REPRESENTATION_CONTEXT ( 3 ) GLOBAL_UNCERTAINTY_ASSIGNED_CONTEXT ( ( #2346 ) ) GLOBAL_UNIT_ASSIGNED_CONTEXT ( ( #974, #1950, #1428 ) ) REPRESENTATION_CONTEXT ( 'NONE', 'WORKASPACE' ) );
#1133 = ORIENTED_EDGE ( 'NONE', *, *, #417, .T. ) ;
#1134 = CARTESIAN_POINT ( 'NONE',  ( 12.63916099769774704, 7.527070511402368602, 7.700000000000000178 ) ) ;
#1135 = FILL_AREA_STYLE ('',( #2332 ) ) ;
#1136 = CIRCLE ( 'NONE', #2463, 0.4250000000000000444 ) ;
#1137 = AXIS2_PLACEMENT_3D ( 'NONE', #1510, #115, #2221 ) ;
#1138 = CARTESIAN_POINT ( 'NONE',  ( 9.402119625592375129, 7.924235418444622425, 7.705000000000000071 ) ) ;
#1139 = DIRECTION ( 'NONE',  ( 0.000000000000000000, 0.000000000000000000, 1.000000000000000000 ) ) ;
#1140 = LINE ( 'NONE', #2143, #2501 ) ;
#1141 = CARTESIAN_POINT ( 'NONE',  ( 0.4999999999999998890, 13.59999999999999964, 7.200000000000000178 ) ) ;
#1142 = FILL_AREA_STYLE_COLOUR ( '', #2957 ) ;
#1143 = ADVANCED_FACE ( 'NONE', ( #2879 ), #59, .F. ) ;
#1144 = FILL_AREA_STYLE ('',( #2775 ) ) ;
#1145 =( NAMED_UNIT ( * ) PLANE_ANGLE_UNIT ( ) SI_UNIT ( $, .RADIAN. ) );
#1146 = DIRECTION ( 'NONE',  ( -0.2762517575166417161, -0.9610853065513833560, 0.000000000000000000 ) ) ;
#1147 = VERTEX_POINT ( 'NONE', #2010 ) ;
#1148 = CARTESIAN_POINT ( 'NONE',  ( 10.05664773880616991, 7.924235418444622425, 7.700000000000000178 ) ) ;
#1149 = DIRECTION ( 'NONE',  ( 1.000000000000000000, 0.000000000000000000, 0.000000000000000000 ) ) ;
#1150 =( NAMED_UNIT ( * ) SI_UNIT ( $, .STERADIAN. ) SOLID_ANGLE_UNIT ( ) );
#1151 = ORIENTED_EDGE ( 'NONE', *, *, #853, .F. ) ;
#1152 = DIRECTION ( 'NONE',  ( -0.000000000000000000, 0.000000000000000000, -1.000000000000000000 ) ) ;
#1153 = FACE_OUTER_BOUND ( 'NONE', #1358, .T. ) ;
#1154 = FILL_AREA_STYLE ('',( #2561 ) ) ;
#1155 = FACE_OUTER_BOUND ( 'NONE', #1785, .T. ) ;
#1156 = EDGE_CURVE ( 'NONE', #2476, #1193, #1498, .T. ) ;
#1157 = CARTESIAN_POINT ( 'NONE',  ( 11.32113753644195775, 6.246384432582272161, 7.700000000000000178 ) ) ;
#1158 = DIRECTION ( 'NONE',  ( -0.2745159998572630489, -0.9615825319869153454, 0.000000000000000000 ) ) ;
#1159 = ORIENTED_EDGE ( 'NONE', *, *, #527, .F. ) ;
#1160 = DIRECTION ( 'NONE',  ( -0.000000000000000000, -1.000000000000000000, -0.000000000000000000 ) ) ;
#1161 = LINE ( 'NONE', #664, #2692 ) ;
#1162 = LINE ( 'NONE', #2144, #2639 ) ;
#1163 = ORIENTED_EDGE ( 'NONE', *, *, #695, .F. ) ;
#1164 = ADVANCED_FACE ( 'NONE', ( #1700 ), #2438, .F. ) ;
#1165 = FACE_OUTER_BOUND ( 'NONE', #1051, .T. ) ;
#1166 = PLANE ( 'NONE',  #2959 ) ;
#1167 = CARTESIAN_POINT ( 'NONE',  ( 0.6166666049999998123, 0.7500000000000000000, 7.083333394999998589 ) ) ;
#1168 = VECTOR ( 'NONE', #2570, 1000.000000000000000 ) ;
#1169 = LINE ( 'NONE', #1337, #866 ) ;
#1170 = AXIS2_PLACEMENT_3D ( 'NONE', #437, #2007, #2682 ) ;
#1171 = DIRECTION ( 'NONE',  ( 0.3725077383643967122, -0.9280290862137037244, 0.000000000000000000 ) ) ;
#1172 = EDGE_LOOP ( 'NONE', ( #2790, #2051, #1569, #2932, #2984, #1487, #2, #1488 ) ) ;
#1173 = STYLED_ITEM ( 'NONE', ( #2676 ), #1804 ) ;
#1174 = EDGE_LOOP ( 'NONE', ( #1976, #275, #1460, #1191, #2052, #591, #2387, #358 ) ) ;
#1175 = PRESENTATION_STYLE_ASSIGNMENT (( #2318 ) ) ;
#1176 =( GEOMETRIC_REPRESENTATION_CONTEXT ( 3 ) GLOBAL_UNCERTAINTY_ASSIGNED_CONTEXT ( ( #1113 ) ) GLOBAL_UNIT_ASSIGNED_CONTEXT ( ( #1861, #1620, #1893 ) ) REPRESENTATION_CONTEXT ( 'NONE', 'WORKASPACE' ) );
#1177 = CARTESIAN_POINT ( 'NONE',  ( 8.037363267667190669, 6.246308825333078296, 7.700000000000000178 ) ) ;
#1178 = ADVANCED_FACE ( 'NONE', ( #1049 ), #1255, .F. ) ;
#1179 = UNCERTAINTY_MEASURE_WITH_UNIT (LENGTH_MEASURE( 1.000000000000000082E-05 ), #1351, 'distance_accuracy_value', 'NONE');
#1180 = VERTEX_POINT ( 'NONE', #2488 ) ;
#1181 = VECTOR ( 'NONE', #2505, 1000.000000000000000 ) ;
#1182 = ORIENTED_EDGE ( 'NONE', *, *, #469, .F. ) ;
#1183 = LINE ( 'NONE', #885, #2821 ) ;
#1184 = FACE_OUTER_BOUND ( 'NONE', #1817, .T. ) ;
#1185 = VECTOR ( 'NONE', #2061, 1000.000000000000000 ) ;
#1186 = COLOUR_RGB ( '',0.7921568627450980005, 0.8196078431372548767, 0.9333333333333333481 ) ;
#1187 = LINE ( 'NONE', #959, #1022 ) ;
#1188 = CARTESIAN_POINT ( 'NONE',  ( 18.50000000000000000, 0.000000000000000000, 0.000000000000000000 ) ) ;
#1189 = DIRECTION ( 'NONE',  ( 0.000000000000000000, 0.000000000000000000, -1.000000000000000000 ) ) ;
#1190 = CARTESIAN_POINT ( 'NONE',  ( 5.773716640295499580, 7.924235418444622425, 7.705000000000000071 ) ) ;
#1191 = ORIENTED_EDGE ( 'NONE', *, *, #1216, .T. ) ;
#1192 = CARTESIAN_POINT ( 'NONE',  ( 14.54159073302496274, 7.924235418444622425, 7.705000000000000071 ) ) ;
#1193 = VERTEX_POINT ( 'NONE', #1074 ) ;
#1194 = EDGE_CURVE ( 'NONE', #1986, #845, #322, .T. ) ;
#1195 = SURFACE_STYLE_FILL_AREA ( #826 ) ;
#1196 =( LENGTH_UNIT ( ) NAMED_UNIT ( * ) SI_UNIT ( .MILLI., .METRE. ) );
#1197 = EDGE_CURVE ( 'NONE', #2008, #2522, #304, .T. ) ;
#1198 =( NAMED_UNIT ( * ) PLANE_ANGLE_UNIT ( ) SI_UNIT ( $, .RADIAN. ) );
#1199 = CARTESIAN_POINT ( 'NONE',  ( 8.312976912160237930, 7.924235418444622425, 7.700000000000000178 ) ) ;
#1200 =( NAMED_UNIT ( * ) SI_UNIT ( $, .STERADIAN. ) SOLID_ANGLE_UNIT ( ) );
#1201 = EDGE_LOOP ( 'NONE', ( #2057, #164, #1350, #2986 ) ) ;
#1202 = CARTESIAN_POINT ( 'NONE',  ( 17.88333339499999752, 0.7500000000000000000, 0.6166666050000000343 ) ) ;
#1203 = LINE ( 'NONE', #1218, #3042 ) ;
#1204 = ORIENTED_EDGE ( 'NONE', *, *, #2420, .T. ) ;
#1205 = PLANE ( 'NONE',  #1030 ) ;
#1206 = CARTESIAN_POINT ( 'NONE',  ( 9.843154327425178707, 5.852079999999935112, 7.705000000000000071 ) ) ;
#1207 = ORIENTED_EDGE ( 'NONE', *, *, #2257, .T. ) ;
#1208 = VECTOR ( 'NONE', #669, 1000.000000000000000 ) ;
#1209 = PLANE ( 'NONE',  #1877 ) ;
#1210 = EDGE_CURVE ( 'NONE', #1396, #2237, #1748, .T. ) ;
#1211 = FACE_OUTER_BOUND ( 'NONE', #1015, .T. ) ;
#1212 = VECTOR ( 'NONE', #2796, 999.9999999999998863 ) ;
#1213 = CARTESIAN_POINT ( 'NONE',  ( 0.000000000000000000, 13.09999999999999964, 0.000000000000000000 ) ) ;
#1214 = VECTOR ( 'NONE', #2778, 1000.000000000000000 ) ;
#1215 = DIRECTION ( 'NONE',  ( -0.000000000000000000, -0.000000000000000000, -1.000000000000000000 ) ) ;
#1216 = EDGE_CURVE ( 'NONE', #1294, #282, #2699, .T. ) ;
#1217 = EDGE_LOOP ( 'NONE', ( #340, #943, #2762, #2316 ) ) ;
#1218 = CARTESIAN_POINT ( 'NONE',  ( 7.256856979931010088, 7.529811274375007635, 7.705000000000000071 ) ) ;
#1219 = AXIS2_PLACEMENT_3D ( 'NONE', #1250, #259, #994 ) ;
#1220 = ORIENTED_EDGE ( 'NONE', *, *, #1307, .T. ) ;
#1221 = AXIS2_PLACEMENT_3D ( 'NONE', #2370, #270, #1244 ) ;
#1222 = FACE_OUTER_BOUND ( 'NONE', #2550, .T. ) ;
#1223 = DIRECTION ( 'NONE',  ( -0.000000000000000000, -0.000000000000000000, -1.000000000000000000 ) ) ;
#1224 =( NAMED_UNIT ( * ) PLANE_ANGLE_UNIT ( ) SI_UNIT ( $, .RADIAN. ) );
#1225 =( GEOMETRIC_REPRESENTATION_CONTEXT ( 3 ) GLOBAL_UNCERTAINTY_ASSIGNED_CONTEXT ( ( #2478 ) ) GLOBAL_UNIT_ASSIGNED_CONTEXT ( ( #1845, #2576, #418 ) ) REPRESENTATION_CONTEXT ( 'NONE', 'WORKASPACE' ) );
#1226 = AXIS2_PLACEMENT_3D ( 'NONE', #3034, #1334, #1823 ) ;
#1227 = DIRECTION ( 'NONE',  ( -1.000000000000000000, -0.000000000000000000, -0.000000000000000000 ) ) ;
#1228 = STYLED_ITEM ( 'NONE', ( #774 ), #2644 ) ;
#1229 = DIRECTION ( 'NONE',  ( -1.000000000000000000, 0.000000000000000000, 0.000000000000000000 ) ) ;
#1230 = ADVANCED_FACE ( 'NONE', ( #1262 ), #2033, .F. ) ;
#1231 = CARTESIAN_POINT ( 'NONE',  ( 0.000000000000000000, 0.000000000000000000, 7.700000000000000178 ) ) ;
#1232 = LINE ( 'NONE', #1459, #2659 ) ;
#1233 = SURFACE_SIDE_STYLE ('',( #776 ) ) ;
#1234 = VERTEX_POINT ( 'NONE', #2680 ) ;
#1235 = EDGE_CURVE ( 'NONE', #2585, #1603, #2965, .T. ) ;
#1236 = LINE ( 'NONE', #1481, #1462 ) ;
#1237 = CYLINDRICAL_SURFACE ( 'NONE', #1915, 0.5000000000000004441 ) ;
#1238 = ORIENTED_EDGE ( 'NONE', *, *, #1125, .T. ) ;
#1239 = SURFACE_STYLE_USAGE ( .BOTH. , #705 ) ;
#1240 = ORIENTED_EDGE ( 'NONE', *, *, #1246, .F. ) ;
#1241 = FACE_OUTER_BOUND ( 'NONE', #1433, .T. ) ;
#1242 = CARTESIAN_POINT ( 'NONE',  ( 12.46668824934210562, 7.144321387523858924, 7.700000000000000178 ) ) ;
#1243 = VERTEX_POINT ( 'NONE', #1797 ) ;
#1244 = DIRECTION ( 'NONE',  ( 0.000000000000000000, 0.000000000000000000, -1.000000000000000000 ) ) ;
#1245 = LINE ( 'NONE', #2192, #1980 ) ;
#1246 = EDGE_CURVE ( 'NONE', #2437, #1730, #2720, .T. ) ;
#1247 = FILL_AREA_STYLE_COLOUR ( '', #2391 ) ;
#1248 = SURFACE_STYLE_USAGE ( .BOTH. , #1233 ) ;
#1249 = VERTEX_POINT ( 'NONE', #1157 ) ;
#1250 = CARTESIAN_POINT ( 'NONE',  ( -0.2249145928931925442, -0.8548134582023201311, 7.699999999999998401 ) ) ;
#1251 = CARTESIAN_POINT ( 'NONE',  ( 9.322430453529284122, 6.443860963577187739, 7.705000000000000071 ) ) ;
#1252 = EDGE_CURVE ( 'NONE', #1675, #1274, #2123, .T. ) ;
#1253 = ORIENTED_EDGE ( 'NONE', *, *, #935, .F. ) ;
#1254 = ORIENTED_EDGE ( 'NONE', *, *, #931, .F. ) ;
#1255 = PLANE ( 'NONE',  #674 ) ;
#1256 = VERTEX_POINT ( 'NONE', #27 ) ;
#1257 = CARTESIAN_POINT ( 'NONE',  ( 12.29655932587097666, 6.246384432582272161, 7.705000000000000071 ) ) ;
#1258 = ORIENTED_EDGE ( 'NONE', *, *, #1036, .F. ) ;
#1259 = LINE ( 'NONE', #1199, #2953 ) ;
#1260 = CARTESIAN_POINT ( 'NONE',  ( 8.034099554527626807, 7.144390694176951051, 7.705000000000000071 ) ) ;
#1261 = EDGE_LOOP ( 'NONE', ( #138, #3017 ) ) ;
#1262 = FACE_OUTER_BOUND ( 'NONE', #1403, .T. ) ;
#1263 = LINE ( 'NONE', #248, #2026 ) ;
#1264 = EDGE_LOOP ( 'NONE', ( #46, #557, #406, #741 ) ) ;
#1265 = MECHANICAL_DESIGN_GEOMETRIC_PRESENTATION_REPRESENTATION (  '', ( #1517 ), #969 ) ;
#1266 = EDGE_CURVE ( 'NONE', #2038, #175, #1924, .T. ) ;
#1267 = ORIENTED_EDGE ( 'NONE', *, *, #2257, .F. ) ;
#1268 = AXIS2_PLACEMENT_3D ( 'NONE', #1231, #2416, #2649 ) ;
#1269 = ADVANCED_FACE ( 'NONE', ( #529 ), #1659, .T. ) ;
#1270 = CARTESIAN_POINT ( 'NONE',  ( 6.888674853712253743, 6.246308825333078296, 7.700000000000000178 ) ) ;
#1271 =( GEOMETRIC_REPRESENTATION_CONTEXT ( 3 ) GLOBAL_UNCERTAINTY_ASSIGNED_CONTEXT ( ( #3004 ) ) GLOBAL_UNIT_ASSIGNED_CONTEXT ( ( #2176, #2851, #492 ) ) REPRESENTATION_CONTEXT ( 'NONE', 'WORKASPACE' ) );
#1272 = LINE ( 'NONE', #3019, #2122 ) ;
#1273 = VECTOR ( 'NONE', #2632, 1000.000000000000000 ) ;
#1274 = VERTEX_POINT ( 'NONE', #1990 ) ;
#1275 = CARTESIAN_POINT ( 'NONE',  ( 16.75000000000000000, 0.7499999999999997780, 3.850000000000000089 ) ) ;
#1276 = FILL_AREA_STYLE ('',( #2490 ) ) ;
#1277 = ORIENTED_EDGE ( 'NONE', *, *, #382, .T. ) ;
#1278 = CYLINDRICAL_SURFACE ( 'NONE', #916, 0.4250000000000000444 ) ;
#1279 = ORIENTED_EDGE ( 'NONE', *, *, #2182, .T. ) ;
#1280 =( NAMED_UNIT ( * ) PLANE_ANGLE_UNIT ( ) SI_UNIT ( $, .RADIAN. ) );
#1281 = ORIENTED_EDGE ( 'NONE', *, *, #365, .F. ) ;
#1282 = EDGE_CURVE ( 'NONE', #2087, #1547, #306, .T. ) ;
#1283 = PLANE ( 'NONE',  #1933 ) ;
#1284 = CARTESIAN_POINT ( 'NONE',  ( 8.034099554527626807, 7.144390694176951051, 7.700000000000000178 ) ) ;
#1285 = CARTESIAN_POINT ( 'NONE',  ( 9.250000000000000000, 0.4689280000000005666, 0.000000000000000000 ) ) ;
#1286 = VERTEX_POINT ( 'NONE', #780 ) ;
#1287 = FACE_OUTER_BOUND ( 'NONE', #907, .T. ) ;
#1288 = PRESENTATION_STYLE_ASSIGNMENT (( #2700 ) ) ;
#1289 = CARTESIAN_POINT ( 'NONE',  ( 5.146365447422166284, 7.924235418444622425, 7.700000000000000178 ) ) ;
#1290 = EDGE_LOOP ( 'NONE', ( #2993, #2802, #1839, #244 ) ) ;
#1291 = CARTESIAN_POINT ( 'NONE',  ( 8.418203306722089607, 5.852079999999935112, 7.700000000000000178 ) ) ;
#1292 = VERTEX_POINT ( 'NONE', #1717 ) ;
#1293 = UNCERTAINTY_MEASURE_WITH_UNIT (LENGTH_MEASURE( 1.000000000000000082E-05 ), #254, 'distance_accuracy_value', 'NONE');
#1294 = VERTEX_POINT ( 'NONE', #2669 ) ;
#1295 = LINE ( 'NONE', #1557, #415 ) ;
#1296 = LINE ( 'NONE', #1757, #2170 ) ;
#1297 = EDGE_CURVE ( 'NONE', #2223, #1256, #2656, .T. ) ;
#1298 = CARTESIAN_POINT ( 'NONE',  ( 11.68958428804255867, 7.529741967723015961, 7.705000000000000071 ) ) ;
#1299 = FACE_OUTER_BOUND ( 'NONE', #577, .T. ) ;
#1300 = FACE_OUTER_BOUND ( 'NONE', #1418, .T. ) ;
#1301 = ADVANCED_FACE ( 'NONE', ( #2404 ), #2636, .F. ) ;
#1302 = DIRECTION ( 'NONE',  ( -1.000000000000000000, -1.185729251540992573E-16, 0.000000000000000000 ) ) ;
#1303 = ORIENTED_EDGE ( 'NONE', *, *, #2839, .F. ) ;
#1304 = DIRECTION ( 'NONE',  ( -0.000000000000000000, -0.000000000000000000, -1.000000000000000000 ) ) ;
#1305 = LINE ( 'NONE', #2951, #1020 ) ;
#1306 = MECHANICAL_DESIGN_GEOMETRIC_PRESENTATION_REPRESENTATION (  '', ( #563 ), #1357 ) ;
#1307 = EDGE_CURVE ( 'NONE', #7, #1738, #3048, .T. ) ;
#1308 = LINE ( 'NONE', #1353, #2909 ) ;
#1309 = VERTEX_POINT ( 'NONE', #475 ) ;
#1310 = ORIENTED_EDGE ( 'NONE', *, *, #2539, .T. ) ;
#1311 = MECHANICAL_DESIGN_GEOMETRIC_PRESENTATION_REPRESENTATION (  '', ( #1065 ), #170 ) ;
#1312 = LINE ( 'NONE', #619, #2113 ) ;
#1313 = VECTOR ( 'NONE', #260, 1000.000000000000114 ) ;
#1314 = AXIS2_PLACEMENT_3D ( 'NONE', #510, #70, #277 ) ;
#1315 = DIRECTION ( 'NONE',  ( -0.000000000000000000, -0.000000000000000000, -1.000000000000000000 ) ) ;
#1316 = PRESENTATION_LAYER_ASSIGNMENT (  '', '', ( #378 ) ) ;
#1317 = DIRECTION ( 'NONE',  ( -0.2746459304916892830, -0.9615454294334481178, 0.000000000000000000 ) ) ;
#1318 = CARTESIAN_POINT ( 'NONE',  ( 16.75000000000000000, -6.000000000000000000, 3.425000000000000266 ) ) ;
#1319 = CARTESIAN_POINT ( 'NONE',  ( 0.000000000000000000, 13.59999999999999964, 0.5000000000000004441 ) ) ;
#1320 = ORIENTED_EDGE ( 'NONE', *, *, #2627, .T. ) ;
#1321 = EDGE_CURVE ( 'NONE', #736, #1355, #558, .T. ) ;
#1322 = DIRECTION ( 'NONE',  ( 0.2762437428917223770, 0.9610876102172850599, 0.000000000000000000 ) ) ;
#1323 = VECTOR ( 'NONE', #370, 1000.000000000000000 ) ;
#1324 = DIRECTION ( 'NONE',  ( -0.2755520632520602198, -0.9612861490927311348, 0.000000000000000000 ) ) ;
#1325 = CARTESIAN_POINT ( 'NONE',  ( 15.25000000000000000, 1.990051048614449362E-16, 0.000000000000000000 ) ) ;
#1326 = ORIENTED_EDGE ( 'NONE', *, *, #1329, .T. ) ;
#1327 = ORIENTED_EDGE ( 'NONE', *, *, #2875, .F. ) ;
#1328 = MECHANICAL_DESIGN_GEOMETRIC_PRESENTATION_REPRESENTATION (  '', ( #2411 ), #1531 ) ;
#1329 = EDGE_CURVE ( 'NONE', #2585, #2008, #208, .T. ) ;
#1330 = CARTESIAN_POINT ( 'NONE',  ( 6.455643669591910161, 7.924235418444622425, 7.705000000000000071 ) ) ;
#1331 = DIRECTION ( 'NONE',  ( -0.000000000000000000, -0.000000000000000000, 1.000000000000000000 ) ) ;
#1332 = PRESENTATION_LAYER_ASSIGNMENT (  '', '', ( #2270 ) ) ;
#1333 = UNCERTAINTY_MEASURE_WITH_UNIT (LENGTH_MEASURE( 1.000000000000000082E-05 ), #2431, 'distance_accuracy_value', 'NONE');
#1334 = DIRECTION ( 'NONE',  ( 0.004650693823678667821, 0.9999891854650021505, -0.000000000000000000 ) ) ;
#1335 = LINE ( 'NONE', #388, #123 ) ;
#1336 = CARTESIAN_POINT ( 'NONE',  ( 8.418203306722089607, 5.852079999999935112, 7.705000000000000071 ) ) ;
#1337 = CARTESIAN_POINT ( 'NONE',  ( 9.250000000000000000, 0.4689280000000005666, 0.000000000000000000 ) ) ;
#1338 = VERTEX_POINT ( 'NONE', #2882 ) ;
#1339 = LINE ( 'NONE', #613, #515 ) ;
#1340 = CARTESIAN_POINT ( 'NONE',  ( 0.6166666049999998123, 0.7500000000000000000, 7.083333394999998589 ) ) ;
#1341 = EDGE_CURVE ( 'NONE', #1356, #2392, #435, .T. ) ;
#1342 = ORIENTED_EDGE ( 'NONE', *, *, #1053, .T. ) ;
#1343 = EDGE_LOOP ( 'NONE', ( #345, #18, #2424, #832 ) ) ;
#1344 = VERTEX_POINT ( 'NONE', #2322 ) ;
#1345 = EDGE_CURVE ( 'NONE', #1249, #1274, #1485, .T. ) ;
#1346 = EDGE_CURVE ( 'NONE', #2437, #292, #145, .T. ) ;
#1347 = CARTESIAN_POINT ( 'NONE',  ( 10.36972105026527124, 5.852079999999935112, 7.700000000000000178 ) ) ;
#1348 = CARTESIAN_POINT ( 'NONE',  ( 17.99999999999999645, 13.59999999999999964, 7.200000000000000178 ) ) ;
#1349 = CARTESIAN_POINT ( 'NONE',  ( 9.402119625592375129, 7.924235418444622425, 7.705000000000000071 ) ) ;
#1350 = ORIENTED_EDGE ( 'NONE', *, *, #2875, .T. ) ;
#1351 =( LENGTH_UNIT ( ) NAMED_UNIT ( * ) SI_UNIT ( .MILLI., .METRE. ) );
#1352 = SURFACE_SIDE_STYLE ('',( #216 ) ) ;
#1353 = CARTESIAN_POINT ( 'NONE',  ( 5.488299253503965858, 6.977204153019552102, 7.705000000000000071 ) ) ;
#1354 = ORIENTED_EDGE ( 'NONE', *, *, #1918, .F. ) ;
#1355 = VERTEX_POINT ( 'NONE', #2991 ) ;
#1356 = VERTEX_POINT ( 'NONE', #1544 ) ;
#1357 =( GEOMETRIC_REPRESENTATION_CONTEXT ( 3 ) GLOBAL_UNCERTAINTY_ASSIGNED_CONTEXT ( ( #1333 ) ) GLOBAL_UNIT_ASSIGNED_CONTEXT ( ( #2431, #1712, #2180 ) ) REPRESENTATION_CONTEXT ( 'NONE', 'WORKASPACE' ) );
#1358 = EDGE_LOOP ( 'NONE', ( #990, #2654, #1253, #2227 ) ) ;
#1359 = EDGE_CURVE ( 'NONE', #1234, #542, #1875, .T. ) ;
#1360 = DIRECTION ( 'NONE',  ( -1.000000000000000000, -1.185729251540992573E-16, -1.004666098601887175E-16 ) ) ;
#1361 =( NAMED_UNIT ( * ) SI_UNIT ( $, .STERADIAN. ) SOLID_ANGLE_UNIT ( ) );
#1362 = CARTESIAN_POINT ( 'NONE',  ( 15.25000000000000000, 1.990051048614449362E-16, 0.000000000000000000 ) ) ;
#1363 = ADVANCED_FACE ( 'NONE', ( #1211 ), #1090, .F. ) ;
#1364 = FACE_OUTER_BOUND ( 'NONE', #1201, .T. ) ;
#1365 = CARTESIAN_POINT ( 'NONE',  ( 12.29655932587097666, 6.246384432582272161, 7.700000000000000178 ) ) ;
#1366 = CARTESIAN_POINT ( 'NONE',  ( 17.88333339499999752, 0.7500000000000000000, 7.083333395000000365 ) ) ;
#1367 = VECTOR ( 'NONE', #2006, 1000.000000000000000 ) ;
#1368 =( LENGTH_UNIT ( ) NAMED_UNIT ( * ) SI_UNIT ( .MILLI., .METRE. ) );
#1369 = DIRECTION ( 'NONE',  ( 0.2746459304916893385, 0.9615454294334481178, 0.000000000000000000 ) ) ;
#1370 = COLOUR_RGB ( '',0.4980392156862745168, 0.4980392156862745168, 0.4980392156862745168 ) ;
#1371 = ORIENTED_EDGE ( 'NONE', *, *, #2182, .F. ) ;
#1372 =( GEOMETRIC_REPRESENTATION_CONTEXT ( 3 ) GLOBAL_UNCERTAINTY_ASSIGNED_CONTEXT ( ( #1930 ) ) GLOBAL_UNIT_ASSIGNED_CONTEXT ( ( #1196, #720, #1439 ) ) REPRESENTATION_CONTEXT ( 'NONE', 'WORKASPACE' ) );
#1373 = DIRECTION ( 'NONE',  ( -0.2764273280489764617, -0.9610348236706636182, 0.000000000000000000 ) ) ;
#1374 = LINE ( 'NONE', #2097, #2892 ) ;
#1375 = VECTOR ( 'NONE', #1109, 1000.000000000000000 ) ;
#1376 = EDGE_LOOP ( 'NONE', ( #637, #1303, #2112, #617 ) ) ;
#1377 = VECTOR ( 'NONE', #342, 1000.000000000000114 ) ;
#1378 = DIRECTION ( 'NONE',  ( -0.2732148821746285816, -0.9619530280415482526, 0.000000000000000000 ) ) ;
#1379 = CARTESIAN_POINT ( 'NONE',  ( 9.322430453529284122, 6.443860963577187739, 7.700000000000000178 ) ) ;
#1380 = CARTESIAN_POINT ( 'NONE',  ( 9.402119625592375129, 7.924235418444622425, 7.705000000000000071 ) ) ;
#1381 = EDGE_CURVE ( 'NONE', #546, #1752, #1959, .T. ) ;
#1382 = AXIS2_PLACEMENT_3D ( 'NONE', #858, #2546, #134 ) ;
#1383 = SURFACE_SIDE_STYLE ('',( #1122 ) ) ;
#1384 = LINE ( 'NONE', #1862, #2152 ) ;
#1385 = CARTESIAN_POINT ( 'NONE',  ( 7.256856979931010088, 7.529811274375007635, 7.700000000000000178 ) ) ;
#1386 = EDGE_CURVE ( 'NONE', #971, #2359, #2208, .T. ) ;
#1387 = ORIENTED_EDGE ( 'NONE', *, *, #697, .T. ) ;
#1388 = SURFACE_STYLE_FILL_AREA ( #427 ) ;
#1389 = CARTESIAN_POINT ( 'NONE',  ( 9.402119625592375129, 7.924235418444622425, 7.700000000000000178 ) ) ;
#1390 =( NAMED_UNIT ( * ) PLANE_ANGLE_UNIT ( ) SI_UNIT ( $, .RADIAN. ) );
#1391 = CARTESIAN_POINT ( 'NONE',  ( 8.947895129408749426, 7.696865502838267759, 7.705000000000000071 ) ) ;
#1392 = EDGE_LOOP ( 'NONE', ( #893, #1795, #2259, #2167, #1342, #95, #3001, #970, #274, #1220, #1073 ) ) ;
#1393 = ORIENTED_EDGE ( 'NONE', *, *, #2900, .T. ) ;
#1394 = FILL_AREA_STYLE ('',( #2809 ) ) ;
#1395 = DIRECTION ( 'NONE',  ( 0.9610664548999008350, -0.2763173343569615970, 0.000000000000000000 ) ) ;
#1396 = VERTEX_POINT ( 'NONE', #55 ) ;
#1397 = CARTESIAN_POINT ( 'NONE',  ( 18.50000000000000000, 13.09999999999999964, 0.000000000000000000 ) ) ;
#1398 = CARTESIAN_POINT ( 'NONE',  ( 13.85926046337341688, 7.524140730291446033, 7.705000000000000071 ) ) ;
#1399 = EDGE_CURVE ( 'NONE', #2185, #1538, #2421, .T. ) ;
#1400 = FACE_OUTER_BOUND ( 'NONE', #1172, .T. ) ;
#1401 = LINE ( 'NONE', #690, #1935 ) ;
#1402 = VERTEX_POINT ( 'NONE', #2634 ) ;
#1403 = EDGE_LOOP ( 'NONE', ( #2502, #31, #2365, #2218 ) ) ;
#1404 = LINE ( 'NONE', #1908, #589 ) ;
#1405 = FILL_AREA_STYLE ('',( #2823 ) ) ;
#1406 = ORIENTED_EDGE ( 'NONE', *, *, #2042, .F. ) ;
#1407 = DIRECTION ( 'NONE',  ( -0.000000000000000000, -0.000000000000000000, -1.000000000000000000 ) ) ;
#1408 = FACE_BOUND ( 'NONE', #2282, .T. ) ;
#1409 = MECHANICAL_DESIGN_GEOMETRIC_PRESENTATION_REPRESENTATION (  '', ( #2992 ), #1117 ) ;
#1410 = ORIENTED_EDGE ( 'NONE', *, *, #2001, .F. ) ;
#1411 = COLOUR_RGB ( '',0.8980392156862745390, 0.9215686274509803377, 0.9294117647058823817 ) ;
#1412 = PRESENTATION_LAYER_ASSIGNMENT (  '', '', ( #2803 ) ) ;
#1413 = ORIENTED_EDGE ( 'NONE', *, *, #2219, .F. ) ;
#1414 = COLOUR_RGB ( '',0.4980392156862745168, 0.4980392156862745168, 0.4980392156862745168 ) ;
#1415 = CARTESIAN_POINT ( 'NONE',  ( 8.034099554527626807, 7.144390694176951051, 7.700000000000000178 ) ) ;
#1416 = PLANE ( 'NONE',  #1028 ) ;
#1417 = EDGE_CURVE ( 'NONE', #2740, #894, #2373, .T. ) ;
#1418 = EDGE_LOOP ( 'NONE', ( #446, #2275, #1948, #2670 ) ) ;
#1419 = LINE ( 'NONE', #1134, #385 ) ;
#1420 = VECTOR ( 'NONE', #1703, 1000.000000000000000 ) ;
#1421 = SURFACE_STYLE_USAGE ( .BOTH. , #1929 ) ;
#1422 = UNCERTAINTY_MEASURE_WITH_UNIT (LENGTH_MEASURE( 1.000000000000000082E-05 ), #2429, 'distance_accuracy_value', 'NONE');
#1423 = EDGE_CURVE ( 'NONE', #1180, #2506, #2667, .T. ) ;
#1424 = CARTESIAN_POINT ( 'NONE',  ( 1.749999999999999778, -6.000000000000000000, 3.850000000000000089 ) ) ;
#1425 = ORIENTED_EDGE ( 'NONE', *, *, #2242, .T. ) ;
#1426 = STYLED_ITEM ( 'NONE', ( #363 ), #2030 ) ;
#1427 = FACE_OUTER_BOUND ( 'NONE', #1772, .T. ) ;
#1428 =( NAMED_UNIT ( * ) SI_UNIT ( $, .STERADIAN. ) SOLID_ANGLE_UNIT ( ) );
#1429 = COLOUR_RGB ( '',0.4980392156862745168, 0.4980392156862745168, 0.4980392156862745168 ) ;
#1430 = VECTOR ( 'NONE', #240, 1000.000000000000000 ) ;
#1431 = DIRECTION ( 'NONE',  ( -1.000000000000000000, 0.000000000000000000, 0.000000000000000000 ) ) ;
#1432 = LINE ( 'NONE', #938, #2216 ) ;
#1433 = EDGE_LOOP ( 'NONE', ( #1536, #2461, #359, #288, #2453, #486, #630, #1320 ) ) ;
#1434 = DIRECTION ( 'NONE',  ( -1.000000000000000000, 0.000000000000000000, 0.000000000000000000 ) ) ;
#1435 = LINE ( 'NONE', #2374, #364 ) ;
#1436 = SURFACE_STYLE_USAGE ( .BOTH. , #513 ) ;
#1437 = ORIENTED_EDGE ( 'NONE', *, *, #150, .F. ) ;
#1438 = EDGE_CURVE ( 'NONE', #1752, #824, #1926, .T. ) ;
#1439 =( NAMED_UNIT ( * ) SI_UNIT ( $, .STERADIAN. ) SOLID_ANGLE_UNIT ( ) );
#1440 = DIRECTION ( 'NONE',  ( 0.000000000000000000, 0.000000000000000000, -1.000000000000000000 ) ) ;
#1441 = EDGE_CURVE ( 'NONE', #122, #1547, #1263, .T. ) ;
#1442 = FILL_AREA_STYLE ('',( #1003 ) ) ;
#1443 = ORIENTED_EDGE ( 'NONE', *, *, #1417, .T. ) ;
#1444 = CARTESIAN_POINT ( 'NONE',  ( 0.000000000000000000, 0.000000000000000000, 7.700000000000000178 ) ) ;
#1445 = ORIENTED_EDGE ( 'NONE', *, *, #1197, .F. ) ;
#1446 =( NAMED_UNIT ( * ) PLANE_ANGLE_UNIT ( ) SI_UNIT ( $, .RADIAN. ) );
#1447 = CARTESIAN_POINT ( 'NONE',  ( 14.54159073302496274, 7.924235418444622425, 7.705000000000000071 ) ) ;
#1448 = ORIENTED_EDGE ( 'NONE', *, *, #682, .T. ) ;
#1449 =( LENGTH_UNIT ( ) NAMED_UNIT ( * ) SI_UNIT ( .MILLI., .METRE. ) );
#1450 = ORIENTED_EDGE ( 'NONE', *, *, #594, .T. ) ;
#1451 = PRESENTATION_STYLE_ASSIGNMENT (( #2151 ) ) ;
#1452 = FACE_OUTER_BOUND ( 'NONE', #1597, .T. ) ;
#1453 = ORIENTED_EDGE ( 'NONE', *, *, #1642, .F. ) ;
#1454 = EDGE_CURVE ( 'NONE', #1396, #781, #87, .T. ) ;
#1455 = VECTOR ( 'NONE', #2562, 1000.000000000000114 ) ;
#1456 = PRESENTATION_STYLE_ASSIGNMENT (( #1664 ) ) ;
#1457 = VECTOR ( 'NONE', #2484, 1000.000000000000114 ) ;
#1458 = LINE ( 'NONE', #2205, #3002 ) ;
#1459 = CARTESIAN_POINT ( 'NONE',  ( 5.146365447422166284, 7.924235418444622425, 7.705000000000000071 ) ) ;
#1460 = ORIENTED_EDGE ( 'NONE', *, *, #909, .T. ) ;
#1461 = ORIENTED_EDGE ( 'NONE', *, *, #1747, .T. ) ;
#1462 = VECTOR ( 'NONE', #2402, 1000.000000000000000 ) ;
#1463 = MECHANICAL_DESIGN_GEOMETRIC_PRESENTATION_REPRESENTATION (  '', ( #921 ), #1522 ) ;
#1464 = ORIENTED_EDGE ( 'NONE', *, *, #587, .F. ) ;
#1465 = PRESENTATION_STYLE_ASSIGNMENT (( #1436 ) ) ;
#1466 = ORIENTED_EDGE ( 'NONE', *, *, #1116, .T. ) ;
#1467 = PLANE ( 'NONE',  #2154 ) ;
#1468 = PRESENTATION_STYLE_ASSIGNMENT (( #1753 ) ) ;
#1469 = ORIENTED_EDGE ( 'NONE', *, *, #2291, .T. ) ;
#1470 = VECTOR ( 'NONE', #623, 1000.000000000000114 ) ;
#1471 = CARTESIAN_POINT ( 'NONE',  ( 0.4999999999999998890, 13.09999999999999964, 7.700000000000000178 ) ) ;
#1472 = ADVANCED_FACE ( 'NONE', ( #2859 ), #1988, .F. ) ;
#1473 = VECTOR ( 'NONE', #117, 1000.000000000000114 ) ;
#1474 = DIRECTION ( 'NONE',  ( 0.000000000000000000, 0.000000000000000000, 1.000000000000000000 ) ) ;
#1475 =( GEOMETRIC_REPRESENTATION_CONTEXT ( 3 ) GLOBAL_UNCERTAINTY_ASSIGNED_CONTEXT ( ( #1736 ) ) GLOBAL_UNIT_ASSIGNED_CONTEXT ( ( #579, #2617, #1059 ) ) REPRESENTATION_CONTEXT ( 'NONE', 'WORKASPACE' ) );
#1476 = ADVANCED_FACE ( 'NONE', ( #1715 ), #1943, .F. ) ;
#1477 = DIRECTION ( 'NONE',  ( 0.7385882273176024304, 0.6741568292822089914, 0.000000000000000000 ) ) ;
#1478 = ORIENTED_EDGE ( 'NONE', *, *, #665, .T. ) ;
#1479 = EDGE_LOOP ( 'NONE', ( #1238, #2638, #2925, #1811 ) ) ;
#1480 = PRESENTATION_LAYER_ASSIGNMENT (  '', '', ( #1086 ) ) ;
#1481 = CARTESIAN_POINT ( 'NONE',  ( 15.25000000000000000, 1.990051048614449362E-16, 0.000000000000000000 ) ) ;
#1482 = SURFACE_SIDE_STYLE ('',( #1750 ) ) ;
#1483 = EDGE_CURVE ( 'NONE', #2779, #2897, #1236, .T. ) ;
#1484 = ORIENTED_EDGE ( 'NONE', *, *, #73, .F. ) ;
#1485 = LINE ( 'NONE', #989, #1575 ) ;
#1486 = CARTESIAN_POINT ( 'NONE',  ( 5.954670000681733022, 5.852079999999936000, 7.700000000000000178 ) ) ;
#1487 = ORIENTED_EDGE ( 'NONE', *, *, #805, .F. ) ;
#1488 = ORIENTED_EDGE ( 'NONE', *, *, #851, .F. ) ;
#1489 = DIRECTION ( 'NONE',  ( -0.000000000000000000, -0.000000000000000000, -1.000000000000000000 ) ) ;
#1490 = ORIENTED_EDGE ( 'NONE', *, *, #2132, .F. ) ;
#1491 = CARTESIAN_POINT ( 'NONE',  ( 8.049365917641033263, 5.852079999999935112, 7.700000000000000178 ) ) ;
#1492 = LINE ( 'NONE', #1006, #934 ) ;
#1493 = VERTEX_POINT ( 'NONE', #2908 ) ;
#1494 = EDGE_CURVE ( 'NONE', #2878, #2432, #290, .T. ) ;
#1495 = CARTESIAN_POINT ( 'NONE',  ( 6.185855018147796258, 5.852079999999934223, 7.705000000000000071 ) ) ;
#1496 = LINE ( 'NONE', #2184, #423 ) ;
#1497 = ORIENTED_EDGE ( 'NONE', *, *, #373, .T. ) ;
#1498 = LINE ( 'NONE', #2458, #626 ) ;
#1499 = ORIENTED_EDGE ( 'NONE', *, *, #665, .F. ) ;
#1500 = LINE ( 'NONE', #2442, #581 ) ;
#1501 = SURFACE_SIDE_STYLE ('',( #267 ) ) ;
#1502 = PRODUCT_DEFINITION_SHAPE ( 'NONE', 'NONE',  #1094 ) ;
#1503 = ORIENTED_EDGE ( 'NONE', *, *, #931, .T. ) ;
#1504 = CARTESIAN_POINT ( 'NONE',  ( 1.749999999999999778, 0.7500000000000000000, 4.275000000000000355 ) ) ;
#1505 = LINE ( 'NONE', #2918, #2399 ) ;
#1506 = VECTOR ( 'NONE', #642, 1000.000000000000000 ) ;
#1507 = SURFACE_SIDE_STYLE ('',( #2870 ) ) ;
#1508 = ORIENTED_EDGE ( 'NONE', *, *, #1266, .F. ) ;
#1509 = VECTOR ( 'NONE', #405, 1000.000000000000000 ) ;
#1510 = CARTESIAN_POINT ( 'NONE',  ( 14.42659749408573688, 7.524095690271837888, 7.705000000000000071 ) ) ;
#1511 = CARTESIAN_POINT ( 'NONE',  ( 3.960850000000000204, 5.852079999999999949, 7.705000000000000071 ) ) ;
#1512 = CARTESIAN_POINT ( 'NONE',  ( 10.37546720159486036, 7.705749355218820540, 7.705000000000000071 ) ) ;
#1513 = EDGE_CURVE ( 'NONE', #50, #1644, #1822, .T. ) ;
#1514 = CIRCLE ( 'NONE', #568, 0.4250000000000000444 ) ;
#1515 = ORIENTED_EDGE ( 'NONE', *, *, #1692, .T. ) ;
#1516 = ORIENTED_EDGE ( 'NONE', *, *, #1983, .T. ) ;
#1517 = STYLED_ITEM ( 'NONE', ( #1686 ), #1269 ) ;
#1518 = DIRECTION ( 'NONE',  ( -0.9237839814038766306, -0.3829140317376762415, 0.000000000000000000 ) ) ;
#1519 = UNCERTAINTY_MEASURE_WITH_UNIT (LENGTH_MEASURE( 1.000000000000000082E-05 ), #1449, 'distance_accuracy_value', 'NONE');
#1520 =( BOUNDED_CURVE ( )  B_SPLINE_CURVE ( 3, ( #2527, #2544, #399, #1348 ),
 .UNSPECIFIED., .F., .T. ) 
 B_SPLINE_CURVE_WITH_KNOTS ( ( 4, 4 ),
 ( 3.141592653589793116, 4.712388980384689674 ),
 .UNSPECIFIED. ) 
 CURVE ( )  GEOMETRIC_REPRESENTATION_ITEM ( )  RATIONAL_B_SPLINE_CURVE ( ( 1.000000000000000000, 0.8047378541243649375, 0.8047378541243649375, 1.000000000000000000 ) ) 
 REPRESENTATION_ITEM ( '' )  );
#1521 = ORIENTED_EDGE ( 'NONE', *, *, #253, .T. ) ;
#1522 =( GEOMETRIC_REPRESENTATION_CONTEXT ( 3 ) GLOBAL_UNCERTAINTY_ASSIGNED_CONTEXT ( ( #2687 ) ) GLOBAL_UNIT_ASSIGNED_CONTEXT ( ( #2663, #2840, #2382 ) ) REPRESENTATION_CONTEXT ( 'NONE', 'WORKASPACE' ) );
#1523 = CARTESIAN_POINT ( 'NONE',  ( 13.37866295117204096, 5.852079999999936000, 7.705000000000000071 ) ) ;
#1524 = MECHANICAL_DESIGN_GEOMETRIC_PRESENTATION_REPRESENTATION (  '', ( #378 ), #1826 ) ;
#1525 = VECTOR ( 'NONE', #2675, 1000.000000000000000 ) ;
#1526 = SURFACE_STYLE_USAGE ( .BOTH. , #2000 ) ;
#1527 = FILL_AREA_STYLE_COLOUR ( '', #834 ) ;
#1528 = VECTOR ( 'NONE', #2983, 1000.000000000000114 ) ;
#1529 = DIRECTION ( 'NONE',  ( 0.2746459304916893385, 0.9615454294334481178, 0.000000000000000000 ) ) ;
#1530 = EDGE_LOOP ( 'NONE', ( #947, #1832, #1899, #1204 ) ) ;
#1531 =( GEOMETRIC_REPRESENTATION_CONTEXT ( 3 ) GLOBAL_UNCERTAINTY_ASSIGNED_CONTEXT ( ( #762 ) ) GLOBAL_UNIT_ASSIGNED_CONTEXT ( ( #1897, #205, #2804 ) ) REPRESENTATION_CONTEXT ( 'NONE', 'WORKASPACE' ) );
#1532 = FACE_OUTER_BOUND ( 'NONE', #1786, .T. ) ;
#1533 = LINE ( 'NONE', #2735, #1181 ) ;
#1534 =( GEOMETRIC_REPRESENTATION_CONTEXT ( 3 ) GLOBAL_UNCERTAINTY_ASSIGNED_CONTEXT ( ( #1179 ) ) GLOBAL_UNIT_ASSIGNED_CONTEXT ( ( #1351, #2786, #1092 ) ) REPRESENTATION_CONTEXT ( 'NONE', 'WORKASPACE' ) );
#1535 = ORIENTED_EDGE ( 'NONE', *, *, #2708, .F. ) ;
#1536 = ORIENTED_EDGE ( 'NONE', *, *, #1677, .T. ) ;
#1537 = CARTESIAN_POINT ( 'NONE',  ( 6.782137931756158977, 7.924235418444622425, 7.705000000000000071 ) ) ;
#1538 = VERTEX_POINT ( 'NONE', #356 ) ;
#1539 = DIRECTION ( 'NONE',  ( 0.000000000000000000, 1.000000000000000000, 0.000000000000000000 ) ) ;
#1540 = EDGE_CURVE ( 'NONE', #651, #113, #1339, .T. ) ;
#1541 = FACE_OUTER_BOUND ( 'NONE', #371, .T. ) ;
#1542 =( NAMED_UNIT ( * ) PLANE_ANGLE_UNIT ( ) SI_UNIT ( $, .RADIAN. ) );
#1543 =( NAMED_UNIT ( * ) SI_UNIT ( $, .STERADIAN. ) SOLID_ANGLE_UNIT ( ) );
#1544 = CARTESIAN_POINT ( 'NONE',  ( 6.455643669591910161, 7.924235418444622425, 7.705000000000000071 ) ) ;
#1545 = DIRECTION ( 'NONE',  ( -0.000000000000000000, -0.000000000000000000, -1.000000000000000000 ) ) ;
#1546 = PLANE ( 'NONE',  #1061 ) ;
#1547 = VERTEX_POINT ( 'NONE', #2934 ) ;
#1548 = CARTESIAN_POINT ( 'NONE',  ( 4.550076233209272125, 5.852079999999935112, 7.705000000000000071 ) ) ;
#1549 = DIRECTION ( 'NONE',  ( 0.000000000000000000, -1.000000000000000000, 0.000000000000000000 ) ) ;
#1550 = DIRECTION ( 'NONE',  ( -0.000000000000000000, -0.000000000000000000, -1.000000000000000000 ) ) ;
#1551 = DIRECTION ( 'NONE',  ( 1.000000000000000000, 0.000000000000000000, 0.000000000000000000 ) ) ;
#1552 = SURFACE_STYLE_FILL_AREA ( #789 ) ;
#1553 = ORIENTED_EDGE ( 'NONE', *, *, #2340, .T. ) ;
#1554 = ORIENTED_EDGE ( 'NONE', *, *, #204, .T. ) ;
#1555 = ORIENTED_EDGE ( 'NONE', *, *, #2954, .F. ) ;
#1556 = CARTESIAN_POINT ( 'NONE',  ( 12.75340356066616643, 7.924235418444622425, 7.705000000000000071 ) ) ;
#1557 = CARTESIAN_POINT ( 'NONE',  ( 17.88333339499999752, 0.000000000000000000, 0.6166666050000000343 ) ) ;
#1558 = CARTESIAN_POINT ( 'NONE',  ( 13.85926046337341688, 7.524140730291446033, 7.705000000000000071 ) ) ;
#1559 = ADVANCED_FACE ( 'NONE', ( #147 ), #2272, .F. ) ;
#1560 = DIRECTION ( 'NONE',  ( -0.000000000000000000, 1.000000000000000000, -0.000000000000000000 ) ) ;
#1561 = CARTESIAN_POINT ( 'NONE',  ( 0.4999999999999998890, 13.59999999999999964, 7.700000000000000178 ) ) ;
#1562 = ADVANCED_FACE ( 'NONE', ( #2021 ), #2752, .F. ) ;
#1563 = ORIENTED_EDGE ( 'NONE', *, *, #2517, .F. ) ;
#1564 = CARTESIAN_POINT ( 'NONE',  ( 17.88333339499999752, 0.000000000000000000, 7.083333395000000365 ) ) ;
#1565 = APPLICATION_PROTOCOL_DEFINITION ( 'draft international standard', 'automotive_design', 1998, #3018 ) ;
#1566 =( LENGTH_UNIT ( ) NAMED_UNIT ( * ) SI_UNIT ( .MILLI., .METRE. ) );
#1567 = AXIS2_PLACEMENT_3D ( 'NONE', #923, #621, #75 ) ;
#1568 = CARTESIAN_POINT ( 'NONE',  ( 3.250000000000000444, 1.990051048614449362E-16, 7.700000000000000178 ) ) ;
#1569 = ORIENTED_EDGE ( 'NONE', *, *, #3025, .F. ) ;
#1570 = EDGE_LOOP ( 'NONE', ( #1563, #929, #653, #2193 ) ) ;
#1571 = COLOUR_RGB ( '',0.4980392156862745168, 0.4980392156862745168, 0.4980392156862745168 ) ;
#1572 = ORIENTED_EDGE ( 'NONE', *, *, #790, .F. ) ;
#1573 = VECTOR ( 'NONE', #2189, 1000.000000000000000 ) ;
#1574 = LINE ( 'NONE', #1593, #2548 ) ;
#1575 = VECTOR ( 'NONE', #233, 1000.000000000000114 ) ;
#1576 = FACE_OUTER_BOUND ( 'NONE', #497, .T. ) ;
#1577 = MECHANICAL_DESIGN_GEOMETRIC_PRESENTATION_REPRESENTATION (  '', ( #1773 ), #428 ) ;
#1578 = LINE ( 'NONE', #2279, #913 ) ;
#1579 = ADVANCED_FACE ( 'NONE', ( #375 ), #2283, .F. ) ;
#1580 = PLANE ( 'NONE',  #1774 ) ;
#1581 = CARTESIAN_POINT ( 'NONE',  ( 10.37546720159486036, 7.705749355218820540, 7.700000000000000178 ) ) ;
#1582 =( GEOMETRIC_REPRESENTATION_CONTEXT ( 3 ) GLOBAL_UNCERTAINTY_ASSIGNED_CONTEXT ( ( #654 ) ) GLOBAL_UNIT_ASSIGNED_CONTEXT ( ( #2043, #1542, #2941 ) ) REPRESENTATION_CONTEXT ( 'NONE', 'WORKASPACE' ) );
#1583 = VERTEX_POINT ( 'NONE', #1511 ) ;
#1584 = EDGE_CURVE ( 'NONE', #2600, #2956, #580, .T. ) ;
#1585 = DIRECTION ( 'NONE',  ( 1.000000000000000000, 5.694109626320595965E-16, 0.000000000000000000 ) ) ;
#1586 = VECTOR ( 'NONE', #1146, 1000.000000000000000 ) ;
#1587 = CARTESIAN_POINT ( 'NONE',  ( 9.843154327425178707, 5.852079999999935112, 7.705000000000000071 ) ) ;
#1588 = CARTESIAN_POINT ( 'NONE',  ( 0.000000000000000000, 0.000000000000000000, 0.000000000000000000 ) ) ;
#1589 = ORIENTED_EDGE ( 'NONE', *, *, #982, .F. ) ;
#1590 = ORIENTED_EDGE ( 'NONE', *, *, #2215, .T. ) ;
#1591 = MECHANICAL_DESIGN_GEOMETRIC_PRESENTATION_REPRESENTATION (  '', ( #44 ), #2217 ) ;
#1592 = ORIENTED_EDGE ( 'NONE', *, *, #2274, .F. ) ;
#1593 = CARTESIAN_POINT ( 'NONE',  ( 0.6166666049999998123, 0.000000000000000000, 7.083333394999998589 ) ) ;
#1594 = CARTESIAN_POINT ( 'NONE',  ( 17.88333339499999752, 0.7500000000000000000, 7.083333395000000365 ) ) ;
#1595 = FACE_OUTER_BOUND ( 'NONE', #2916, .T. ) ;
#1596 = LINE ( 'NONE', #2590, #2938 ) ;
#1597 = EDGE_LOOP ( 'NONE', ( #2224, #2401, #844, #1425 ) ) ;
#1598 = SHAPE_DEFINITION_REPRESENTATION ( #1502, #142 ) ;
#1599 = DIRECTION ( 'NONE',  ( -1.000000000000000000, 0.000000000000000000, -0.000000000000000000 ) ) ;
#1600 = PLANE ( 'NONE',  #772 ) ;
#1601 = CARTESIAN_POINT ( 'NONE',  ( 6.888674853712253743, 6.246308825333078296, 7.705000000000000071 ) ) ;
#1602 = EDGE_CURVE ( 'NONE', #2643, #2678, #1305, .T. ) ;
#1603 = VERTEX_POINT ( 'NONE', #827 ) ;
#1604 = VERTEX_POINT ( 'NONE', #1045 ) ;
#1605 = EDGE_CURVE ( 'NONE', #1907, #514, #2982, .T. ) ;
#1606 = DIRECTION ( 'NONE',  ( 1.000000000000000000, 0.000000000000000000, 0.000000000000000000 ) ) ;
#1607 = LINE ( 'NONE', #1379, #2120 ) ;
#1608 = CARTESIAN_POINT ( 'NONE',  ( 3.960850000000000204, 5.852079999999999949, 7.700000000000000178 ) ) ;
#1609 = CARTESIAN_POINT ( 'NONE',  ( 0.000000000000000000, 0.000000000000000000, 0.000000000000000000 ) ) ;
#1610 = CARTESIAN_POINT ( 'NONE',  ( -0.2249145928931925442, -0.8548134582023201311, 7.704999999999998295 ) ) ;
#1611 = ORIENTED_EDGE ( 'NONE', *, *, #2228, .F. ) ;
#1612 = VECTOR ( 'NONE', #2577, 1000.000000000000000 ) ;
#1613 = FILL_AREA_STYLE_COLOUR ( '', #533 ) ;
#1614 = EDGE_CURVE ( 'NONE', #2522, #2956, #600, .T. ) ;
#1615 = FACE_OUTER_BOUND ( 'NONE', #1479, .T. ) ;
#1616 = VECTOR ( 'NONE', #1529, 1000.000000000000000 ) ;
#1617 = LINE ( 'NONE', #2320, #3059 ) ;
#1618 = EDGE_CURVE ( 'NONE', #445, #1249, #2450, .T. ) ;
#1619 = VECTOR ( 'NONE', #517, 1000.000000000000114 ) ;
#1620 =( NAMED_UNIT ( * ) PLANE_ANGLE_UNIT ( ) SI_UNIT ( $, .RADIAN. ) );
#1621 = LINE ( 'NONE', #1365, #1506 ) ;
#1622 = PLANE ( 'NONE',  #1170 ) ;
#1623 = VECTOR ( 'NONE', #2888, 1000.000000000000000 ) ;
#1624 = DIRECTION ( 'NONE',  ( 0.000000000000000000, 0.000000000000000000, -1.000000000000000000 ) ) ;
#1625 =( NAMED_UNIT ( * ) SI_UNIT ( $, .STERADIAN. ) SOLID_ANGLE_UNIT ( ) );
#1626 = LINE ( 'NONE', #1865, #2858 ) ;
#1627 = CARTESIAN_POINT ( 'NONE',  ( 15.25000000000000000, 1.990051048614449362E-16, 0.6166666049999998123 ) ) ;
#1628 = AXIS2_PLACEMENT_3D ( 'NONE', #2338, #641, #659 ) ;
#1629 = ORIENTED_EDGE ( 'NONE', *, *, #501, .F. ) ;
#1630 = STYLED_ITEM ( 'NONE', ( #251 ), #2186 ) ;
#1631 = DIRECTION ( 'NONE',  ( -0.4443210308329518243, -0.8958676361826801715, 0.000000000000000000 ) ) ;
#1632 = CARTESIAN_POINT ( 'NONE',  ( 10.05664773880616991, 7.924235418444622425, 7.705000000000000071 ) ) ;
#1633 = MECHANICAL_DESIGN_GEOMETRIC_PRESENTATION_REPRESENTATION (  '', ( #2564 ), #530 ) ;
#1634 = FILL_AREA_STYLE ('',( #302 ) ) ;
#1635 = ORIENTED_EDGE ( 'NONE', *, *, #165, .T. ) ;
#1636 = VECTOR ( 'NONE', #1631, 1000.000000000000227 ) ;
#1637 = DIRECTION ( 'NONE',  ( -0.2740217765954067186, -0.9617234872620596953, 0.000000000000000000 ) ) ;
#1638 = LINE ( 'NONE', #932, #140 ) ;
#1639 = ADVANCED_FACE ( 'NONE', ( #1532 ), #324, .F. ) ;
#1640 = DIRECTION ( 'NONE',  ( -0.7145695586382624365, -0.6995643972269591782, 0.000000000000000000 ) ) ;
#1641 = CARTESIAN_POINT ( 'NONE',  ( 6.888674853712253743, 6.246308825333078296, 7.700000000000000178 ) ) ;
#1642 = EDGE_CURVE ( 'NONE', #1853, #993, #918, .T. ) ;
#1643 = DIRECTION ( 'NONE',  ( -0.9615825319869153454, 0.2745159998572630489, 0.000000000000000000 ) ) ;
#1644 = VERTEX_POINT ( 'NONE', #698 ) ;
#1645 = DIRECTION ( 'NONE',  ( 0.000000000000000000, 0.000000000000000000, 1.000000000000000000 ) ) ;
#1646 =( LENGTH_UNIT ( ) NAMED_UNIT ( * ) SI_UNIT ( .MILLI., .METRE. ) );
#1647 = CARTESIAN_POINT ( 'NONE',  ( 5.146365447422166284, 7.924235418444622425, 7.705000000000000071 ) ) ;
#1648 = EDGE_LOOP ( 'NONE', ( #2330, #2586, #227, #1592, #1555, #1554, #455, #2948 ) ) ;
#1649 = DIRECTION ( 'NONE',  ( -0.7385882273176024304, 0.6741568292822089914, 0.000000000000000000 ) ) ;
#1650 = CARTESIAN_POINT ( 'NONE',  ( 12.29655932587097666, 6.246384432582272161, 7.700000000000000178 ) ) ;
#1651 = PLANE ( 'NONE',  #2509 ) ;
#1652 = ADVANCED_FACE ( 'NONE', ( #2326 ), #402, .T. ) ;
#1653 =( LENGTH_UNIT ( ) NAMED_UNIT ( * ) SI_UNIT ( .MILLI., .METRE. ) );
#1654 = ADVANCED_FACE ( 'NONE', ( #1400 ), #2532, .F. ) ;
#1655 = DIRECTION ( 'NONE',  ( -0.000000000000000000, -0.000000000000000000, -1.000000000000000000 ) ) ;
#1656 = ORIENTED_EDGE ( 'NONE', *, *, #2001, .T. ) ;
#1657 = CARTESIAN_POINT ( 'NONE',  ( 16.75000000000000000, -6.000000000000000000, 3.850000000000000089 ) ) ;
#1658 =( NAMED_UNIT ( * ) PLANE_ANGLE_UNIT ( ) SI_UNIT ( $, .RADIAN. ) );
#1659 = CYLINDRICAL_SURFACE ( 'NONE', #818, 0.5000000000000004441 ) ;
#1660 = ORIENTED_EDGE ( 'NONE', *, *, #99, .T. ) ;
#1661 = DIRECTION ( 'NONE',  ( 0.2793947940814923148, 0.9601763114346033579, 0.000000000000000000 ) ) ;
#1662 = LINE ( 'NONE', #2378, #432 ) ;
#1663 = AXIS2_PLACEMENT_3D ( 'NONE', #2483, #351, #157 ) ;
#1664 = SURFACE_STYLE_USAGE ( .BOTH. , #1954 ) ;
#1665 = VECTOR ( 'NONE', #281, 1000.000000000000114 ) ;
#1666 = ADVANCED_FACE ( 'NONE', ( #1708 ), #1731, .F. ) ;
#1667 = AXIS2_PLACEMENT_3D ( 'NONE', #2222, #1093, #2035 ) ;
#1668 = LINE ( 'NONE', #2579, #483 ) ;
#1669 = PRESENTATION_LAYER_ASSIGNMENT (  '', '', ( #2209 ) ) ;
#1670 = ORIENTED_EDGE ( 'NONE', *, *, #1036, .T. ) ;
#1671 = ADVANCED_FACE ( 'NONE', ( #284 ), #493, .F. ) ;
#1672 = LINE ( 'NONE', #487, #1430 ) ;
#1673 =( GEOMETRIC_REPRESENTATION_CONTEXT ( 3 ) GLOBAL_UNCERTAINTY_ASSIGNED_CONTEXT ( ( #1293 ) ) GLOBAL_UNIT_ASSIGNED_CONTEXT ( ( #254, #1198, #2646 ) ) REPRESENTATION_CONTEXT ( 'NONE', 'WORKASPACE' ) );
#1674 = CARTESIAN_POINT ( 'NONE',  ( 0.000000000000000000, 13.09999999999999964, 7.700000000000000178 ) ) ;
#1675 = VERTEX_POINT ( 'NONE', #484 ) ;
#1676 = MECHANICAL_DESIGN_GEOMETRIC_PRESENTATION_REPRESENTATION (  '', ( #1977 ), #2312 ) ;
#1677 = EDGE_CURVE ( 'NONE', #2835, #2927, #962, .T. ) ;
#1678 = DIRECTION ( 'NONE',  ( -3.353202531363161949E-17, 0.000000000000000000, 1.000000000000000000 ) ) ;
#1679 = AXIS2_PLACEMENT_3D ( 'NONE', #2081, #424, #2315 ) ;
#1680 = CARTESIAN_POINT ( 'NONE',  ( 12.78838451534274867, 5.852079999999936000, 7.705000000000000071 ) ) ;
#1681 = PRESENTATION_STYLE_ASSIGNMENT (( #726 ) ) ;
#1682 = FILL_AREA_STYLE_COLOUR ( '', #1429 ) ;
#1683 = DIRECTION ( 'NONE',  ( 1.000000000000000000, 0.000000000000000000, 0.000000000000000000 ) ) ;
#1684 = CARTESIAN_POINT ( 'NONE',  ( 7.256856979931010088, 7.529811274375007635, 7.705000000000000071 ) ) ;
#1685 =( NAMED_UNIT ( * ) SI_UNIT ( $, .STERADIAN. ) SOLID_ANGLE_UNIT ( ) );
#1686 = PRESENTATION_STYLE_ASSIGNMENT (( #1421 ) ) ;
#1687 = EDGE_CURVE ( 'NONE', #1730, #2223, #1458, .T. ) ;
#1688 = VERTEX_POINT ( 'NONE', #1213 ) ;
#1689 = ORIENTED_EDGE ( 'NONE', *, *, #2810, .T. ) ;
#1690 = FILL_AREA_STYLE_COLOUR ( '', #1937 ) ;
#1691 = DIRECTION ( 'NONE',  ( -1.000000000000000000, 0.000000000000000000, -3.353202531363161949E-17 ) ) ;
#1692 = EDGE_CURVE ( 'NONE', #263, #824, #299, .T. ) ;
#1693 = ORIENTED_EDGE ( 'NONE', *, *, #935, .T. ) ;
#1694 = DIRECTION ( 'NONE',  ( 0.000000000000000000, 1.000000000000000000, 0.000000000000000000 ) ) ;
#1695 = CARTESIAN_POINT ( 'NONE',  ( 2.186926756363909430, -0.9703351078682698194, 0.6166666050000000343 ) ) ;
#1696 = PLANE ( 'NONE',  #965 ) ;
#1697 = ORIENTED_EDGE ( 'NONE', *, *, #2864, .T. ) ;
#1698 = EDGE_CURVE ( 'NONE', #1309, #729, #1259, .T. ) ;
#1699 = CARTESIAN_POINT ( 'NONE',  ( 11.21512356631426321, 7.924235418444622425, 7.700000000000000178 ) ) ;
#1700 = FACE_OUTER_BOUND ( 'NONE', #426, .T. ) ;
#1701 = VERTEX_POINT ( 'NONE', #2631 ) ;
#1702 = VECTOR ( 'NONE', #855, 1000.000000000000114 ) ;
#1703 = DIRECTION ( 'NONE',  ( -0.000000000000000000, -0.000000000000000000, -1.000000000000000000 ) ) ;
#1704 = VECTOR ( 'NONE', #2063, 1000.000000000000000 ) ;
#1705 = CARTESIAN_POINT ( 'NONE',  ( -0.2249145928931925442, -0.8548134582023201311, 7.699999999999998401 ) ) ;
#1706 = ADVANCED_FACE ( 'NONE', ( #245 ), #51, .F. ) ;
#1707 = ORIENTED_EDGE ( 'NONE', *, *, #2901, .F. ) ;
#1708 = FACE_OUTER_BOUND ( 'NONE', #2528, .T. ) ;
#1709 = VECTOR ( 'NONE', #1042, 1000.000000000000227 ) ;
#1710 = CARTESIAN_POINT ( 'NONE',  ( 12.78838451534274867, 5.852079999999936000, 7.705000000000000071 ) ) ;
#1711 = DIRECTION ( 'NONE',  ( 0.9999960426590096541, -0.002813301676021314705, 0.000000000000000000 ) ) ;
#1712 =( NAMED_UNIT ( * ) PLANE_ANGLE_UNIT ( ) SI_UNIT ( $, .RADIAN. ) );
#1713 = ORIENTED_EDGE ( 'NONE', *, *, #968, .F. ) ;
#1714 = CARTESIAN_POINT ( 'NONE',  ( 11.46814324129412022, 6.761320239463341153, 7.705000000000000071 ) ) ;
#1715 = FACE_OUTER_BOUND ( 'NONE', #2454, .T. ) ;
#1716 = CARTESIAN_POINT ( 'NONE',  ( 12.46668824934210562, 7.144321387523858924, 7.705000000000000071 ) ) ;
#1717 = CARTESIAN_POINT ( 'NONE',  ( 16.75000000000000000, -6.000000000000000000, 4.275000000000000355 ) ) ;
#1718 = VERTEX_POINT ( 'NONE', #1955 ) ;
#1719 = ORIENTED_EDGE ( 'NONE', *, *, #527, .T. ) ;
#1720 = AXIS2_PLACEMENT_3D ( 'NONE', #1070, #2029, #2243 ) ;
#1721 = CARTESIAN_POINT ( 'NONE',  ( 3.960850000000000204, 5.852079999999999949, 7.705000000000000071 ) ) ;
#1722 = CARTESIAN_POINT ( 'NONE',  ( 15.25000000000000000, 1.990051048614449362E-16, 0.000000000000000000 ) ) ;
#1723 = STYLED_ITEM ( 'NONE', ( #2130 ), #2160 ) ;
#1724 = VERTEX_POINT ( 'NONE', #2178 ) ;
#1725 = AXIS2_PLACEMENT_3D ( 'NONE', #1610, #951, #2371 ) ;
#1726 = LINE ( 'NONE', #737, #1420 ) ;
#1727 = EDGE_CURVE ( 'NONE', #2878, #71, #2191, .T. ) ;
#1728 = VECTOR ( 'NONE', #924, 1000.000000000000000 ) ;
#1729 = VERTEX_POINT ( 'NONE', #2854 ) ;
#1730 = VERTEX_POINT ( 'NONE', #2868 ) ;
#1731 = PLANE ( 'NONE',  #2162 ) ;
#1732 = CARTESIAN_POINT ( 'NONE',  ( 10.61909897749128184, 5.852079999999935112, 7.705000000000000071 ) ) ;
#1733 = ORIENTED_EDGE ( 'NONE', *, *, #2500, .F. ) ;
#1734 = DIRECTION ( 'NONE',  ( -0.000000000000000000, -0.000000000000000000, -1.000000000000000000 ) ) ;
#1735 = DIRECTION ( 'NONE',  ( 0.000000000000000000, 0.000000000000000000, -1.000000000000000000 ) ) ;
#1736 = UNCERTAINTY_MEASURE_WITH_UNIT (LENGTH_MEASURE( 1.000000000000000082E-05 ), #579, 'distance_accuracy_value', 'NONE');
#1737 = ORIENTED_EDGE ( 'NONE', *, *, #1156, .F. ) ;
#1738 = VERTEX_POINT ( 'NONE', #739 ) ;
#1739 = LINE ( 'NONE', #1951, #1619 ) ;
#1740 = EDGE_LOOP ( 'NONE', ( #2428, #518, #2131, #1719 ) ) ;
#1741 = CARTESIAN_POINT ( 'NONE',  ( -0.2249145928931925442, -0.8548134582023201311, 7.705000000000000071 ) ) ;
#1742 = ADVANCED_FACE ( 'NONE', ( #503 ), #2607, .F. ) ;
#1743 = DIRECTION ( 'NONE',  ( 0.000000000000000000, -1.000000000000000000, 0.000000000000000000 ) ) ;
#1744 = CARTESIAN_POINT ( 'NONE',  ( 10.61909897749128184, 5.852079999999935112, 7.700000000000000178 ) ) ;
#1745 = PLANE ( 'NONE',  #2174 ) ;
#1746 = ORIENTED_EDGE ( 'NONE', *, *, #1386, .F. ) ;
#1747 = EDGE_CURVE ( 'NONE', #2065, #1309, #2930, .T. ) ;
#1748 = LINE ( 'NONE', #2921, #2252 ) ;
#1749 = CARTESIAN_POINT ( 'NONE',  ( 9.250000000000000000, 0.4689280000000005666, 0.000000000000000000 ) ) ;
#1750 = SURFACE_STYLE_FILL_AREA ( #532 ) ;
#1751 = ORIENTED_EDGE ( 'NONE', *, *, #2228, .T. ) ;
#1752 = VERTEX_POINT ( 'NONE', #1336 ) ;
#1753 = SURFACE_STYLE_USAGE ( .BOTH. , #1993 ) ;
#1754 = DIRECTION ( 'NONE',  ( -0.000000000000000000, -0.000000000000000000, -1.000000000000000000 ) ) ;
#1755 = ORIENTED_EDGE ( 'NONE', *, *, #2703, .F. ) ;
#1756 = CARTESIAN_POINT ( 'NONE',  ( 8.200952163646057613, 7.529811274375007635, 7.700000000000000178 ) ) ;
#1757 = CARTESIAN_POINT ( 'NONE',  ( 11.46814324129412022, 6.761320239463341153, 7.700000000000000178 ) ) ;
#1758 = DIRECTION ( 'NONE',  ( -0.9601763114346034689, 0.2793947940814923703, 0.000000000000000000 ) ) ;
#1759 = SURFACE_STYLE_FILL_AREA ( #2696 ) ;
#1760 = LINE ( 'NONE', #2697, #1616 ) ;
#1761 = ORIENTED_EDGE ( 'NONE', *, *, #2703, .T. ) ;
#1762 = CARTESIAN_POINT ( 'NONE',  ( 13.37866295117204096, 5.852079999999936000, 7.705000000000000071 ) ) ;
#1763 = FILL_AREA_STYLE_COLOUR ( '', #1186 ) ;
#1764 = DIRECTION ( 'NONE',  ( -0.05375259206908577364, -0.9985542843760946141, 0.000000000000000000 ) ) ;
#1765 = DIRECTION ( 'NONE',  ( 0.7145695586382624365, 0.6995643972269591782, 0.000000000000000000 ) ) ;
#1766 = MECHANICAL_DESIGN_GEOMETRIC_PRESENTATION_REPRESENTATION (  '', ( #2803 ), #2899 ) ;
#1767 = EDGE_CURVE ( 'NONE', #542, #1986, #1505, .T. ) ;
#1768 = ORIENTED_EDGE ( 'NONE', *, *, #753, .F. ) ;
#1769 = ORIENTED_EDGE ( 'NONE', *, *, #1767, .F. ) ;
#1770 = VECTOR ( 'NONE', #305, 1000.000000000000000 ) ;
#1771 = UNCERTAINTY_MEASURE_WITH_UNIT (LENGTH_MEASURE( 1.000000000000000082E-05 ), #564, 'distance_accuracy_value', 'NONE');
#1772 = EDGE_LOOP ( 'NONE', ( #379, #1733, #397, #163 ) ) ;
#1773 = STYLED_ITEM ( 'NONE', ( #1878 ), #1639 ) ;
#1774 = AXIS2_PLACEMENT_3D ( 'NONE', #2694, #159, #2485 ) ;
#1775 = AXIS2_PLACEMENT_3D ( 'NONE', #2782, #2304, #3052 ) ;
#1776 = CARTESIAN_POINT ( 'NONE',  ( 11.57743352744045318, 7.144321387523858924, 7.705000000000000071 ) ) ;
#1777 = CARTESIAN_POINT ( 'NONE',  ( 14.42659749408573688, 7.524095690271837888, 7.700000000000000178 ) ) ;
#1778 = DIRECTION ( 'NONE',  ( 1.000000000000000000, 0.000000000000000000, 0.000000000000000000 ) ) ;
#1779 = EDGE_LOOP ( 'NONE', ( #2704, #2856, #1, #146 ) ) ;
#1780 = VECTOR ( 'NONE', #1373, 1000.000000000000000 ) ;
#1781 = DIRECTION ( 'NONE',  ( 0.000000000000000000, 0.000000000000000000, 1.000000000000000000 ) ) ;
#1782 =( NAMED_UNIT ( * ) PLANE_ANGLE_UNIT ( ) SI_UNIT ( $, .RADIAN. ) );
#1783 = FACE_OUTER_BOUND ( 'NONE', #1392, .T. ) ;
#1784 = ORIENTED_EDGE ( 'NONE', *, *, #686, .T. ) ;
#1785 = EDGE_LOOP ( 'NONE', ( #1689, #2833, #1098, #2582 ) ) ;
#1786 = EDGE_LOOP ( 'NONE', ( #1887, #1469, #2657, #490, #1611, #2269, #1996, #1033 ) ) ;
#1787 = ADVANCED_FACE ( 'NONE', ( #2963 ), #788, .F. ) ;
#1788 = DIRECTION ( 'NONE',  ( -0.2765379750249963298, -0.9610029908221277006, 0.000000000000000000 ) ) ;
#1789 = EDGE_CURVE ( 'NONE', #801, #355, #2117, .T. ) ;
#1790 = DIRECTION ( 'NONE',  ( 0.2740217765954066076, 0.9617234872620595842, 0.000000000000000000 ) ) ;
#1791 = CARTESIAN_POINT ( 'NONE',  ( 4.556351636983046127, 7.924235418444622425, 7.700000000000000178 ) ) ;
#1792 = CARTESIAN_POINT ( 'NONE',  ( 10.37546720159486036, 7.705749355218820540, 7.705000000000000071 ) ) ;
#1793 = PLANE ( 'NONE',  #2356 ) ;
#1794 = PRESENTATION_STYLE_ASSIGNMENT (( #338 ) ) ;
#1795 = ORIENTED_EDGE ( 'NONE', *, *, #2560, .T. ) ;
#1796 = LINE ( 'NONE', #321, #1709 ) ;
#1797 = CARTESIAN_POINT ( 'NONE',  ( 12.63916099769774704, 7.527070511402368602, 7.705000000000000071 ) ) ;
#1798 = CARTESIAN_POINT ( 'NONE',  ( 18.50000000000000000, 0.000000000000000000, 7.700000000000000178 ) ) ;
#1799 = CARTESIAN_POINT ( 'NONE',  ( 8.519661943103439938, 7.924235418444622425, 7.705000000000000071 ) ) ;
#1800 = ORIENTED_EDGE ( 'NONE', *, *, #1103, .F. ) ;
#1801 = ORIENTED_EDGE ( 'NONE', *, *, #226, .F. ) ;
#1802 = EDGE_LOOP ( 'NONE', ( #203, #784, #62, #462 ) ) ;
#1803 = DIRECTION ( 'NONE',  ( 0.2762517575166416051, 0.9610853065513833560, 0.000000000000000000 ) ) ;
#1804 = ADVANCED_FACE ( 'NONE', ( #352 ), #854, .T. ) ;
#1805 = DIRECTION ( 'NONE',  ( 0.000000000000000000, 0.000000000000000000, -1.000000000000000000 ) ) ;
#1806 = DIRECTION ( 'NONE',  ( 0.000000000000000000, 0.000000000000000000, 1.000000000000000000 ) ) ;
#1807 = DIRECTION ( 'NONE',  ( -0.000000000000000000, -0.000000000000000000, -1.000000000000000000 ) ) ;
#1808 = CARTESIAN_POINT ( 'NONE',  ( 8.418203306722089607, 5.852079999999935112, 7.700000000000000178 ) ) ;
#1809 = EDGE_CURVE ( 'NONE', #355, #801, #975, .T. ) ;
#1810 = LINE ( 'NONE', #1398, #1702 ) ;
#1811 = ORIENTED_EDGE ( 'NONE', *, *, #1441, .T. ) ;
#1812 = FILL_AREA_STYLE ('',( #859 ) ) ;
#1813 = VECTOR ( 'NONE', #915, 1000.000000000000000 ) ;
#1814 = CARTESIAN_POINT ( 'NONE',  ( 12.35727195110518650, 6.761320239463342041, 7.705000000000000071 ) ) ;
#1815 = DIRECTION ( 'NONE',  ( -0.6741568292822091024, -0.7385882273176025414, 0.000000000000000000 ) ) ;
#1816 = ORIENTED_EDGE ( 'NONE', *, *, #2539, .F. ) ;
#1817 = EDGE_LOOP ( 'NONE', ( #2198, #1535, #1991, #1968 ) ) ;
#1818 = AXIS2_PLACEMENT_3D ( 'NONE', #2597, #1149, #3020 ) ;
#1819 = VERTEX_POINT ( 'NONE', #2976 ) ;
#1820 = PRESENTATION_LAYER_ASSIGNMENT (  '', '', ( #2446 ) ) ;
#1821 = DIRECTION ( 'NONE',  ( -0.000000000000000000, -0.000000000000000000, -1.000000000000000000 ) ) ;
#1822 = CIRCLE ( 'NONE', #1667, 0.4250000000000000444 ) ;
#1823 = DIRECTION ( 'NONE',  ( -0.9999891854650021505, 0.004650693823678667821, 0.000000000000000000 ) ) ;
#1824 = PRESENTATION_LAYER_ASSIGNMENT (  '', '', ( #131 ) ) ;
#1825 = PLANE ( 'NONE',  #2642 ) ;
#1826 =( GEOMETRIC_REPRESENTATION_CONTEXT ( 3 ) GLOBAL_UNCERTAINTY_ASSIGNED_CONTEXT ( ( #590 ) ) GLOBAL_UNIT_ASSIGNED_CONTEXT ( ( #3035, #213, #3024 ) ) REPRESENTATION_CONTEXT ( 'NONE', 'WORKASPACE' ) );
#1827 = CARTESIAN_POINT ( 'NONE',  ( 12.35727195110518650, 6.761320239463342041, 7.700000000000000178 ) ) ;
#1828 = DIRECTION ( 'NONE',  ( -1.004666098601887052E-16, 0.000000000000000000, 1.000000000000000000 ) ) ;
#1829 = LINE ( 'NONE', #169, #1212 ) ;
#1830 = EDGE_CURVE ( 'NONE', #61, #2825, #2745, .T. ) ;
#1831 = VECTOR ( 'NONE', #1223, 1000.000000000000000 ) ;
#1832 = ORIENTED_EDGE ( 'NONE', *, *, #132, .F. ) ;
#1833 = DIRECTION ( 'NONE',  ( -5.694109626320596952E-16, 1.000000000000000000, 0.000000000000000000 ) ) ;
#1834 = CARTESIAN_POINT ( 'NONE',  ( 7.924683256288299837, 6.761320239467497828, 7.700000000000000178 ) ) ;
#1835 = CARTESIAN_POINT ( 'NONE',  ( 11.32113753644195775, 6.246384432582272161, 7.705000000000000071 ) ) ;
#1836 = VECTOR ( 'NONE', #1171, 1000.000000000000227 ) ;
#1837 = CARTESIAN_POINT ( 'NONE',  ( 4.872560074776447259, 6.977204153019537003, 7.700000000000000178 ) ) ;
#1838 = CARTESIAN_POINT ( 'NONE',  ( 0.000000000000000000, 13.59999999999999964, 7.200000000000000178 ) ) ;
#1839 = ORIENTED_EDGE ( 'NONE', *, *, #607, .T. ) ;
#1840 = ORIENTED_EDGE ( 'NONE', *, *, #2340, .F. ) ;
#1841 = STYLED_ITEM ( 'NONE', ( #794 ), #3023 ) ;
#1842 = LINE ( 'NONE', #2781, #979 ) ;
#1843 = CARTESIAN_POINT ( 'NONE',  ( 13.26912064084475595, 7.524140730296597468, 7.705000000000000071 ) ) ;
#1844 = LINE ( 'NONE', #2652, #1704 ) ;
#1845 =( LENGTH_UNIT ( ) NAMED_UNIT ( * ) SI_UNIT ( .MILLI., .METRE. ) );
#1846 = FACE_OUTER_BOUND ( 'NONE', #612, .T. ) ;
#1847 = ADVANCED_FACE ( 'NONE', ( #627 ), #1580, .F. ) ;
#1848 = CARTESIAN_POINT ( 'NONE',  ( 8.519661943103439938, 7.924235418444622425, 7.700000000000000178 ) ) ;
#1849 =( NAMED_UNIT ( * ) SI_UNIT ( $, .STERADIAN. ) SOLID_ANGLE_UNIT ( ) );
#1850 = VERTEX_POINT ( 'NONE', #1984 ) ;
#1851 = ORIENTED_EDGE ( 'NONE', *, *, #20, .T. ) ;
#1852 = EDGE_CURVE ( 'NONE', #467, #2146, #554, .T. ) ;
#1853 = VERTEX_POINT ( 'NONE', #1284 ) ;
#1854 = DIRECTION ( 'NONE',  ( 0.000000000000000000, 1.000000000000000000, 0.000000000000000000 ) ) ;
#1855 = SURFACE_STYLE_FILL_AREA ( #1135 ) ;
#1856 = DIRECTION ( 'NONE',  ( -0.000000000000000000, 1.000000000000000000, -0.000000000000000000 ) ) ;
#1857 = ADVANCED_FACE ( 'NONE', ( #1299 ), #1793, .F. ) ;
#1858 = CARTESIAN_POINT ( 'NONE',  ( 6.888674853712253743, 6.246308825333078296, 7.705000000000000071 ) ) ;
#1859 = DIRECTION ( 'NONE',  ( 3.353202531363161949E-17, 0.000000000000000000, -1.000000000000000000 ) ) ;
#1860 = LINE ( 'NONE', #2743, #2245 ) ;
#1861 =( LENGTH_UNIT ( ) NAMED_UNIT ( * ) SI_UNIT ( .MILLI., .METRE. ) );
#1862 = CARTESIAN_POINT ( 'NONE',  ( 12.29655932587097666, 6.246384432582272161, 7.705000000000000071 ) ) ;
#1863 = DIRECTION ( 'NONE',  ( -0.8843386665637680277, 0.4668459304955080436, 0.000000000000000000 ) ) ;
#1864 = SURFACE_STYLE_USAGE ( .BOTH. , #1075 ) ;
#1865 = CARTESIAN_POINT ( 'NONE',  ( 1.749999999999999778, -6.000000000000000000, 3.425000000000000266 ) ) ;
#1866 = ORIENTED_EDGE ( 'NONE', *, *, #1642, .T. ) ;
#1867 = LINE ( 'NONE', #2137, #1780 ) ;
#1868 = DIRECTION ( 'NONE',  ( 0.000000000000000000, -0.000000000000000000, 1.000000000000000000 ) ) ;
#1869 = ORIENTED_EDGE ( 'NONE', *, *, #1399, .F. ) ;
#1870 = VECTOR ( 'NONE', #1012, 1000.000000000000000 ) ;
#1871 = PLANE ( 'NONE',  #688 ) ;
#1872 = FACE_OUTER_BOUND ( 'NONE', #2566, .T. ) ;
#1873 = ADVANCED_FACE ( 'NONE', ( #2293 ), #1651, .F. ) ;
#1874 = DIRECTION ( 'NONE',  ( 0.000000000000000000, -1.000000000000000000, 0.000000000000000000 ) ) ;
#1875 = LINE ( 'NONE', #2234, #2999 ) ;
#1876 = CARTESIAN_POINT ( 'NONE',  ( 4.872560074776447259, 6.977204153019537003, 7.705000000000000071 ) ) ;
#1877 = AXIS2_PLACEMENT_3D ( 'NONE', #2838, #2393, #770 ) ;
#1878 = PRESENTATION_STYLE_ASSIGNMENT (( #2103 ) ) ;
#1879 = LINE ( 'NONE', #1848, #1586 ) ;
#1880 = DIRECTION ( 'NONE',  ( -0.000000000000000000, -0.000000000000000000, 1.000000000000000000 ) ) ;
#1881 = ORIENTED_EDGE ( 'NONE', *, *, #686, .F. ) ;
#1882 = PRESENTATION_LAYER_ASSIGNMENT (  '', '', ( #1630 ) ) ;
#1883 = SURFACE_SIDE_STYLE ('',( #1388 ) ) ;
#1884 = DIRECTION ( 'NONE',  ( 0.8958676361826801715, -0.4443210308329518798, 0.000000000000000000 ) ) ;
#1885 =( GEOMETRIC_REPRESENTATION_CONTEXT ( 3 ) GLOBAL_UNCERTAINTY_ASSIGNED_CONTEXT ( ( #1422 ) ) GLOBAL_UNIT_ASSIGNED_CONTEXT ( ( #2429, #300, #1200 ) ) REPRESENTATION_CONTEXT ( 'NONE', 'WORKASPACE' ) );
#1886 = DIRECTION ( 'NONE',  ( -0.000000000000000000, 1.000000000000000000, -0.000000000000000000 ) ) ;
#1887 = ORIENTED_EDGE ( 'NONE', *, *, #1156, .T. ) ;
#1888 = ADVANCED_FACE ( 'NONE', ( #869 ), #2784, .T. ) ;
#1889 = VECTOR ( 'NONE', #1407, 1000.000000000000000 ) ;
#1890 = FACE_OUTER_BOUND ( 'NONE', #2492, .T. ) ;
#1891 = PLANE ( 'NONE',  #234 ) ;
#1892 = ADVANCED_FACE ( 'NONE', ( #1364 ), #187, .T. ) ;
#1893 =( NAMED_UNIT ( * ) SI_UNIT ( $, .STERADIAN. ) SOLID_ANGLE_UNIT ( ) );
#1894 = DIRECTION ( 'NONE',  ( 1.000000000000000000, 0.000000000000000000, 0.000000000000000000 ) ) ;
#1895 = LINE ( 'NONE', #2788, #236 ) ;
#1896 = ORIENTED_EDGE ( 'NONE', *, *, #1602, .F. ) ;
#1897 =( LENGTH_UNIT ( ) NAMED_UNIT ( * ) SI_UNIT ( .MILLI., .METRE. ) );
#1898 = CARTESIAN_POINT ( 'NONE',  ( 16.31307324363609013, -0.9703351078682695974, 7.083333395000000365 ) ) ;
#1899 = ORIENTED_EDGE ( 'NONE', *, *, #543, .F. ) ;
#1900 = CARTESIAN_POINT ( 'NONE',  ( 4.872560074776447259, 6.977204153019537003, 7.705000000000000071 ) ) ;
#1901 = DIRECTION ( 'NONE',  ( -0.000000000000000000, -0.000000000000000000, 1.000000000000000000 ) ) ;
#1902 = ADVANCED_FACE ( 'NONE', ( #1241 ), #1209, .F. ) ;
#1903 = FACE_OUTER_BOUND ( 'NONE', #3032, .T. ) ;
#1904 = EDGE_CURVE ( 'NONE', #7, #2440, #1726, .T. ) ;
#1905 = SURFACE_STYLE_USAGE ( .BOTH. , #1352 ) ;
#1906 = LINE ( 'NONE', #2328, #2912 ) ;
#1907 = VERTEX_POINT ( 'NONE', #19 ) ;
#1908 = CARTESIAN_POINT ( 'NONE',  ( 12.46668824934210562, 7.144321387523858924, 7.700000000000000178 ) ) ;
#1909 = PLANE ( 'NONE',  #963 ) ;
#1910 = EDGE_LOOP ( 'NONE', ( #1866, #2406, #1816, #1972 ) ) ;
#1911 = DIRECTION ( 'NONE',  ( -0.9610876102172850599, 0.2762437428917223214, 0.000000000000000000 ) ) ;
#1912 = CLOSED_SHELL ( 'NONE', ( #1804, #1888, #1654, #1639, #1652, #1873, #1902, #2160, #349, #2644, #1857, #1742, #2186, #1559, #2648, #2124, #1178, #1476, #831, #652, #1099, #491, #8, #2829, #1269, #997, #394, #1892 ) ) ;
#1913 = VECTOR ( 'NONE', #1957, 1000.000000000000114 ) ;
#1914 = SURFACE_STYLE_FILL_AREA ( #2155 ) ;
#1915 = AXIS2_PLACEMENT_3D ( 'NONE', #2655, #731, #488 ) ;
#1916 = ORIENTED_EDGE ( 'NONE', *, *, #1345, .F. ) ;
#1917 = VECTOR ( 'NONE', #2623, 1000.000000000000000 ) ;
#1918 = EDGE_CURVE ( 'NONE', #910, #764, #1187, .T. ) ;
#1919 = CARTESIAN_POINT ( 'NONE',  ( 7.035415933177614711, 6.761320239467497828, 7.705000000000000071 ) ) ;
#1920 = SURFACE_STYLE_FILL_AREA ( #2677 ) ;
#1921 = AXIS2_PLACEMENT_3D ( 'NONE', #2995, #116, #2721 ) ;
#1922 = CARTESIAN_POINT ( 'NONE',  ( 12.35727195110518650, 6.761320239463342041, 7.705000000000000071 ) ) ;
#1923 = VERTEX_POINT ( 'NONE', #2620 ) ;
#1924 = LINE ( 'NONE', #25, #1017 ) ;
#1925 = EDGE_CURVE ( 'NONE', #119, #2087, #1938, .T. ) ;
#1926 = LINE ( 'NONE', #1031, #1770 ) ;
#1927 = MECHANICAL_DESIGN_GEOMETRIC_PRESENTATION_REPRESENTATION (  '', ( #2211 ), #1176 ) ;
#1928 = FACE_OUTER_BOUND ( 'NONE', #2299, .T. ) ;
#1929 = SURFACE_SIDE_STYLE ('',( #474 ) ) ;
#1930 = UNCERTAINTY_MEASURE_WITH_UNIT (LENGTH_MEASURE( 1.000000000000000082E-05 ), #1196, 'distance_accuracy_value', 'NONE');
#1931 = ORIENTED_EDGE ( 'NONE', *, *, #434, .T. ) ;
#1932 = ORIENTED_EDGE ( 'NONE', *, *, #1983, .F. ) ;
#1933 = AXIS2_PLACEMENT_3D ( 'NONE', #1741, #334, #2013 ) ;
#1934 = LINE ( 'NONE', #264, #2709 ) ;
#1935 = VECTOR ( 'NONE', #1655, 1000.000000000000000 ) ;
#1936 = ORIENTED_EDGE ( 'NONE', *, *, #1925, .T. ) ;
#1937 = COLOUR_RGB ( '',0.7921568627450980005, 0.8196078431372548767, 0.9333333333333333481 ) ;
#1938 = LINE ( 'NONE', #2630, #319 ) ;
#1939 = FILL_AREA_STYLE ('',( #83 ) ) ;
#1940 = LINE ( 'NONE', #1985, #2360 ) ;
#1941 = CARTESIAN_POINT ( 'NONE',  ( 5.324181106753429482, 5.852079999999936000, 7.705000000000000071 ) ) ;
#1942 = ADVANCED_FACE ( 'NONE', ( #502 ), #235, .F. ) ;
#1943 = PLANE ( 'NONE',  #2116 ) ;
#1944 = DIRECTION ( 'NONE',  ( 1.000000000000000000, 0.000000000000000000, 0.000000000000000000 ) ) ;
#1945 = CARTESIAN_POINT ( 'NONE',  ( 0.000000000000000000, 13.39289321881345352, 7.699999999999997513 ) ) ;
#1946 = APPLICATION_CONTEXT ( 'automotive_design' ) ;
#1947 = EDGE_CURVE ( 'NONE', #2926, #2050, #266, .T. ) ;
#1948 = ORIENTED_EDGE ( 'NONE', *, *, #611, .F. ) ;
#1949 = DIRECTION ( 'NONE',  ( -1.000000000000000000, 0.000000000000000000, 0.000000000000000000 ) ) ;
#1950 =( NAMED_UNIT ( * ) PLANE_ANGLE_UNIT ( ) SI_UNIT ( $, .RADIAN. ) );
#1951 = CARTESIAN_POINT ( 'NONE',  ( 12.18467319065931598, 5.852079999999936000, 7.705000000000000071 ) ) ;
#1952 = ORIENTED_EDGE ( 'NONE', *, *, #2768, .F. ) ;
#1953 = DIRECTION ( 'NONE',  ( 1.000000000000000000, -0.000000000000000000, -0.000000000000000000 ) ) ;
#1954 = SURFACE_SIDE_STYLE ('',( #1914 ) ) ;
#1955 = CARTESIAN_POINT ( 'NONE',  ( 8.034099554527626807, 7.144390694176951051, 7.705000000000000071 ) ) ;
#1956 = LINE ( 'NONE', #1260, #1273 ) ;
#1957 = DIRECTION ( 'NONE',  ( 0.2763139702539113007, 0.9610674221107073922, 0.000000000000000000 ) ) ;
#1958 = ORIENTED_EDGE ( 'NONE', *, *, #1687, .F. ) ;
#1959 = LINE ( 'NONE', #1495, #1917 ) ;
#1960 = ORIENTED_EDGE ( 'NONE', *, *, #2729, .T. ) ;
#1961 = ADVANCED_FACE ( 'NONE', ( #1903 ), #706, .F. ) ;
#1962 = DIRECTION ( 'NONE',  ( 1.000000000000000000, 0.000000000000000000, 0.000000000000000000 ) ) ;
#1963 = ORIENTED_EDGE ( 'NONE', *, *, #1483, .T. ) ;
#1964 = VECTOR ( 'NONE', #2301, 1000.000000000000000 ) ;
#1965 = ADVANCED_FACE ( 'NONE', ( #2027 ), #595, .F. ) ;
#1966 = PRESENTATION_STYLE_ASSIGNMENT (( #2604 ) ) ;
#1967 = AXIS2_PLACEMENT_3D ( 'NONE', #2158, #2040, #1803 ) ;
#1968 = ORIENTED_EDGE ( 'NONE', *, *, #2327, .T. ) ;
#1969 = DIRECTION ( 'NONE',  ( 0.7083077534943971187, -0.7059037656364501867, 0.000000000000000000 ) ) ;
#1970 = AXIS2_PLACEMENT_3D ( 'NONE', #2173, #2225, #2895 ) ;
#1971 = DIRECTION ( 'NONE',  ( 1.000000000000000000, -1.104435275910379373E-13, 0.000000000000000000 ) ) ;
#1972 = ORIENTED_EDGE ( 'NONE', *, *, #906, .T. ) ;
#1973 = VECTOR ( 'NONE', #825, 1000.000000000000000 ) ;
#1974 = DIRECTION ( 'NONE',  ( -0.000000000000000000, -0.000000000000000000, -1.000000000000000000 ) ) ;
#1975 = AXIS2_PLACEMENT_3D ( 'NONE', #978, #2397, #609 ) ;
#1976 = ORIENTED_EDGE ( 'NONE', *, *, #413, .F. ) ;
#1977 = STYLED_ITEM ( 'NONE', ( #2278 ), #2124 ) ;
#1978 = ORIENTED_EDGE ( 'NONE', *, *, #2457, .F. ) ;
#1979 = EDGE_CURVE ( 'NONE', #2725, #1338, #2240, .T. ) ;
#1980 = VECTOR ( 'NONE', #1971, 1000.000000000000000 ) ;
#1981 = SURFACE_STYLE_FILL_AREA ( #1087 ) ;
#1982 = VECTOR ( 'NONE', #1649, 1000.000000000000114 ) ;
#1983 = EDGE_CURVE ( 'NONE', #1147, #1730, #2974, .T. ) ;
#1984 = CARTESIAN_POINT ( 'NONE',  ( 6.782137931756158977, 7.924235418444622425, 7.705000000000000071 ) ) ;
#1985 = CARTESIAN_POINT ( 'NONE',  ( 16.75000000000000000, -6.000000000000000000, 4.275000000000000355 ) ) ;
#1986 = VERTEX_POINT ( 'NONE', #802 ) ;
#1987 = SURFACE_SIDE_STYLE ('',( #987 ) ) ;
#1988 = PLANE ( 'NONE',  #2756 ) ;
#1989 = FACE_OUTER_BOUND ( 'NONE', #1910, .T. ) ;
#1990 = CARTESIAN_POINT ( 'NONE',  ( 11.46814324129412022, 6.761320239463341153, 7.700000000000000178 ) ) ;
#1991 = ORIENTED_EDGE ( 'NONE', *, *, #2094, .F. ) ;
#1992 = VERTEX_POINT ( 'NONE', #124 ) ;
#1993 = SURFACE_SIDE_STYLE ('',( #783 ) ) ;
#1994 = UNCERTAINTY_MEASURE_WITH_UNIT (LENGTH_MEASURE( 1.000000000000000082E-05 ), #1653, 'distance_accuracy_value', 'NONE');
#1995 = CARTESIAN_POINT ( 'NONE',  ( 0.000000000000000000, 0.000000000000000000, 7.700000000000000178 ) ) ;
#1996 = ORIENTED_EDGE ( 'NONE', *, *, #241, .T. ) ;
#1997 = CARTESIAN_POINT ( 'NONE',  ( 10.36972105026527124, 5.852079999999935112, 7.700000000000000178 ) ) ;
#1998 = ADVANCED_FACE ( 'NONE', ( #2497 ), #1283, .F. ) ;
#1999 = ORIENTED_EDGE ( 'NONE', *, *, #1789, .T. ) ;
#2000 = SURFACE_SIDE_STYLE ('',( #2499 ) ) ;
#2001 = EDGE_CURVE ( 'NONE', #1603, #2600, #2465, .T. ) ;
#2002 =( NAMED_UNIT ( * ) PLANE_ANGLE_UNIT ( ) SI_UNIT ( $, .RADIAN. ) );
#2003 = LINE ( 'NONE', #823, #2940 ) ;
#2004 = ORIENTED_EDGE ( 'NONE', *, *, #543, .T. ) ;
#2005 = CARTESIAN_POINT ( 'NONE',  ( 6.455643669591910161, 7.924235418444622425, 7.705000000000000071 ) ) ;
#2006 = DIRECTION ( 'NONE',  ( -0.000000000000000000, -0.000000000000000000, -1.000000000000000000 ) ) ;
#2007 = DIRECTION ( 'NONE',  ( 0.000000000000000000, 0.000000000000000000, -1.000000000000000000 ) ) ;
#2008 = VERTEX_POINT ( 'NONE', #1523 ) ;
#2009 = EDGE_LOOP ( 'NONE', ( #2236, #1091, #1207, #747 ) ) ;
#2010 = CARTESIAN_POINT ( 'NONE',  ( 3.960850000000000204, 5.852079999999999949, 7.700000000000000178 ) ) ;
#2011 = DIRECTION ( 'NONE',  ( -0.2729786930694848568, -0.9620200793798828753, 0.000000000000000000 ) ) ;
#2012 = ORIENTED_EDGE ( 'NONE', *, *, #1904, .T. ) ;
#2013 = DIRECTION ( 'NONE',  ( -1.000000000000000000, 0.000000000000000000, 0.000000000000000000 ) ) ;
#2014 = SURFACE_STYLE_USAGE ( .BOTH. , #2730 ) ;
#2015 =( LENGTH_UNIT ( ) NAMED_UNIT ( * ) SI_UNIT ( .MILLI., .METRE. ) );
#2016 = STYLED_ITEM ( 'NONE', ( #3057 ), #652 ) ;
#2017 = ORIENTED_EDGE ( 'NONE', *, *, #1252, .F. ) ;
#2018 = EDGE_CURVE ( 'NONE', #973, #61, #2961, .T. ) ;
#2019 = VECTOR ( 'NONE', #154, 1000.000000000000114 ) ;
#2020 = LINE ( 'NONE', #499, #188 ) ;
#2021 = FACE_OUTER_BOUND ( 'NONE', #444, .T. ) ;
#2022 = DIRECTION ( 'NONE',  ( -0.7385882273176024304, -0.6741568292822089914, -0.000000000000000000 ) ) ;
#2023 = EDGE_LOOP ( 'NONE', ( #2444, #1840, #567, #408 ) ) ;
#2024 = ORIENTED_EDGE ( 'NONE', *, *, #73, .T. ) ;
#2025 = EDGE_CURVE ( 'NONE', #2956, #2678, #838, .T. ) ;
#2026 = VECTOR ( 'NONE', #1974, 1000.000000000000000 ) ;
#2027 = FACE_OUTER_BOUND ( 'NONE', #2163, .T. ) ;
#2028 = VECTOR ( 'NONE', #1859, 1000.000000000000000 ) ;
#2029 = DIRECTION ( 'NONE',  ( 0.000000000000000000, -1.000000000000000000, 0.000000000000000000 ) ) ;
#2030 = MANIFOLD_SOLID_BREP ( 'Body-Move/Copy1[3]', #961 ) ;
#2031 = ORIENTED_EDGE ( 'NONE', *, *, #2749, .T. ) ;
#2032 = AXIS2_PLACEMENT_3D ( 'NONE', #14, #2569, #1645 ) ;
#2033 = PLANE ( 'NONE',  #127 ) ;
#2034 =( LENGTH_UNIT ( ) NAMED_UNIT ( * ) SI_UNIT ( .MILLI., .METRE. ) );
#2035 = DIRECTION ( 'NONE',  ( 0.000000000000000000, 0.000000000000000000, -1.000000000000000000 ) ) ;
#2036 = DIRECTION ( 'NONE',  ( -0.000000000000000000, -0.000000000000000000, -1.000000000000000000 ) ) ;
#2037 = EDGE_CURVE ( 'NONE', #542, #2064, #2481, .T. ) ;
#2038 = VERTEX_POINT ( 'NONE', #2741 ) ;
#2039 = VERTEX_POINT ( 'NONE', #1997 ) ;
#2040 = DIRECTION ( 'NONE',  ( 0.9610853065513834670, -0.2762517575166416606, 0.000000000000000000 ) ) ;
#2041 = LINE ( 'NONE', #2277, #77 ) ;
#2042 = EDGE_CURVE ( 'NONE', #1274, #113, #1296, .T. ) ;
#2043 =( LENGTH_UNIT ( ) NAMED_UNIT ( * ) SI_UNIT ( .MILLI., .METRE. ) );
#2044 = EDGE_CURVE ( 'NONE', #221, #2432, #2928, .T. ) ;
#2045 = DIRECTION ( 'NONE',  ( -0.2793947940814923703, -0.9601763114346034689, 0.000000000000000000 ) ) ;
#2046 = ORIENTED_EDGE ( 'NONE', *, *, #2415, .T. ) ;
#2047 = CARTESIAN_POINT ( 'NONE',  ( 13.37866295117204096, 5.852079999999936000, 7.700000000000000178 ) ) ;
#2048 = CARTESIAN_POINT ( 'NONE',  ( 0.000000000000000000, 13.09999999999999964, 7.700000000000000178 ) ) ;
#2049 = CARTESIAN_POINT ( 'NONE',  ( 17.99999999999999645, 13.59999999999999964, 0.5000000000000004441 ) ) ;
#2050 = VERTEX_POINT ( 'NONE', #2728 ) ;
#2051 = ORIENTED_EDGE ( 'NONE', *, *, #2274, .T. ) ;
#2052 = ORIENTED_EDGE ( 'NONE', *, *, #2327, .F. ) ;
#2053 = EDGE_CURVE ( 'NONE', #1338, #2342, #1500, .T. ) ;
#2054 = PLANE ( 'NONE',  #3007 ) ;
#2055 = CARTESIAN_POINT ( 'NONE',  ( 1.749999999999999778, -6.000000000000000000, 3.850000000000000089 ) ) ;
#2056 = DIRECTION ( 'NONE',  ( -0.000000000000000000, -0.000000000000000000, -1.000000000000000000 ) ) ;
#2057 = ORIENTED_EDGE ( 'NONE', *, *, #464, .T. ) ;
#2058 = PRESENTATION_STYLE_ASSIGNMENT (( #1864 ) ) ;
#2059 = SURFACE_SIDE_STYLE ('',( #808 ) ) ;
#2060 = AXIS2_PLACEMENT_3D ( 'NONE', #2886, #1886, #2231 ) ;
#2061 = DIRECTION ( 'NONE',  ( -0.000000000000000000, -0.000000000000000000, -1.000000000000000000 ) ) ;
#2062 = CARTESIAN_POINT ( 'NONE',  ( 10.61909897749128184, 5.852079999999935112, 7.700000000000000178 ) ) ;
#2063 = DIRECTION ( 'NONE',  ( -1.000000000000000000, -1.185729251540992573E-16, 0.000000000000000000 ) ) ;
#2064 = VERTEX_POINT ( 'NONE', #431 ) ;
#2065 = VERTEX_POINT ( 'NONE', #2827 ) ;
#2066 = EDGE_LOOP ( 'NONE', ( #952, #1159, #964, #2127 ) ) ;
#2067 = VECTOR ( 'NONE', #810, 1000.000000000000000 ) ;
#2068 = ORIENTED_EDGE ( 'NONE', *, *, #769, .F. ) ;
#2069 = MECHANICAL_DESIGN_GEOMETRIC_PRESENTATION_REPRESENTATION (  '', ( #2446 ), #80 ) ;
#2070 = VECTOR ( 'NONE', #2412, 1000.000000000000227 ) ;
#2071 = CARTESIAN_POINT ( 'NONE',  ( 7.035415933177614711, 6.761320239467497828, 7.705000000000000071 ) ) ;
#2072 = DIRECTION ( 'NONE',  ( -0.7385882273176024304, -0.6741568292822089914, 0.000000000000000000 ) ) ;
#2073 = MECHANICAL_DESIGN_GEOMETRIC_PRESENTATION_REPRESENTATION (  '', ( #131 ), #2852 ) ;
#2074 = EDGE_CURVE ( 'NONE', #122, #1402, #156, .T. ) ;
#2075 = LINE ( 'NONE', #1347, #1913 ) ;
#2076 =( GEOMETRIC_REPRESENTATION_CONTEXT ( 3 ) GLOBAL_UNCERTAINTY_ASSIGNED_CONTEXT ( ( #2226 ) ) GLOBAL_UNIT_ASSIGNED_CONTEXT ( ( #839, #1088, #596 ) ) REPRESENTATION_CONTEXT ( 'NONE', 'WORKASPACE' ) );
#2077 = PLANE ( 'NONE',  #2388 ) ;
#2078 = ADVANCED_FACE ( 'NONE', ( #1576 ), #2054, .T. ) ;
#2079 = VECTOR ( 'NONE', #1807, 1000.000000000000000 ) ;
#2080 = VECTOR ( 'NONE', #892, 1000.000000000000000 ) ;
#2081 = CARTESIAN_POINT ( 'NONE',  ( 5.324181106753429482, 5.852079999999936000, 7.705000000000000071 ) ) ;
#2082 = ADVANCED_FACE ( 'NONE', ( #1153 ), #449, .F. ) ;
#2083 = ORIENTED_EDGE ( 'NONE', *, *, #1423, .F. ) ;
#2084 = PLANE ( 'NONE',  #2962 ) ;
#2085 =( NAMED_UNIT ( * ) SI_UNIT ( $, .STERADIAN. ) SOLID_ANGLE_UNIT ( ) );
#2086 = UNCERTAINTY_MEASURE_WITH_UNIT (LENGTH_MEASURE( 1.000000000000000082E-05 ), #422, 'distance_accuracy_value', 'NONE');
#2087 = VERTEX_POINT ( 'NONE', #182 ) ;
#2088 = CARTESIAN_POINT ( 'NONE',  ( 3.586907429118598597E-17, 13.39289321881344996, 5.779701605339383077E-16 ) ) ;
#2089 = DIRECTION ( 'NONE',  ( 0.2765379750249963298, 0.9610029908221278117, 0.000000000000000000 ) ) ;
#2090 =( NAMED_UNIT ( * ) SI_UNIT ( $, .STERADIAN. ) SOLID_ANGLE_UNIT ( ) );
#2091 = LINE ( 'NONE', #1744, #362 ) ;
#2092 = CARTESIAN_POINT ( 'NONE',  ( 11.46814324129412022, 6.761320239463341153, 7.705000000000000071 ) ) ;
#2093 = FACE_OUTER_BOUND ( 'NONE', #2758, .T. ) ;
#2094 = EDGE_CURVE ( 'NONE', #811, #1923, #2524, .T. ) ;
#2095 = DIRECTION ( 'NONE',  ( -0.000000000000000000, 1.000000000000000000, -0.000000000000000000 ) ) ;
#2096 = ORIENTED_EDGE ( 'NONE', *, *, #165, .F. ) ;
#2097 = CARTESIAN_POINT ( 'NONE',  ( 17.99999999999999645, 13.59999999999999964, 7.700000000000000178 ) ) ;
#2098 = ORIENTED_EDGE ( 'NONE', *, *, #2018, .F. ) ;
#2099 = CARTESIAN_POINT ( 'NONE',  ( 14.73625499999999811, 0.4689279999999999005, 0.6166666049999998123 ) ) ;
#2100 = PLANE ( 'NONE',  #1226 ) ;
#2101 = SURFACE_STYLE_FILL_AREA ( #2310 ) ;
#2102 = DIRECTION ( 'NONE',  ( -1.000000000000000000, -1.185729251540992573E-16, 0.000000000000000000 ) ) ;
#2103 = SURFACE_STYLE_USAGE ( .BOTH. , #2799 ) ;
#2104 = DIRECTION ( 'NONE',  ( -0.000000000000000000, 1.000000000000000000, -0.000000000000000000 ) ) ;
#2105 = ADVANCED_FACE ( 'NONE', ( #1872 ), #3022, .F. ) ;
#2106 = EDGE_LOOP ( 'NONE', ( #782, #2017, #1097, #2622 ) ) ;
#2107 = CLOSED_SHELL ( 'NONE', ( #708, #410, #1562, #96, #561, #1301, #2933, #896, #489, #1016, #38, #2774, #2880, #23, #2082, #786, #1230, #2313, #452, #1057, #1579, #1666, #1472, #1998, #1078 ) ) ;
#2108 = CARTESIAN_POINT ( 'NONE',  ( 1.749999999999999778, -6.000000000000000000, 4.275000000000000355 ) ) ;
#2109 = CARTESIAN_POINT ( 'NONE',  ( 14.54159073302496274, 7.924235418444622425, 7.700000000000000178 ) ) ;
#2110 = VECTOR ( 'NONE', #1008, 1000.000000000000227 ) ;
#2111 = ADVANCED_FACE ( 'NONE', ( #2321 ), #1891, .F. ) ;
#2112 = ORIENTED_EDGE ( 'NONE', *, *, #2749, .F. ) ;
#2113 = VECTOR ( 'NONE', #1331, 1000.000000000000000 ) ;
#2114 = CARTESIAN_POINT ( 'NONE',  ( 6.455643669591910161, 7.924235418444622425, 7.700000000000000178 ) ) ;
#2115 = ORIENTED_EDGE ( 'NONE', *, *, #2541, .F. ) ;
#2116 = AXIS2_PLACEMENT_3D ( 'NONE', #1749, #743, #2183 ) ;
#2117 = CIRCLE ( 'NONE', #372, 0.4250000000000000444 ) ;
#2118 =( LENGTH_UNIT ( ) NAMED_UNIT ( * ) SI_UNIT ( .MILLI., .METRE. ) );
#2119 = DIRECTION ( 'NONE',  ( -0.000000000000000000, 1.000000000000000000, -0.000000000000000000 ) ) ;
#2120 = VECTOR ( 'NONE', #2988, 1000.000000000000000 ) ;
#2121 = VERTEX_POINT ( 'NONE', #2764 ) ;
#2122 = VECTOR ( 'NONE', #1160, 1000.000000000000000 ) ;
#2123 = LINE ( 'NONE', #1714, #1068 ) ;
#2124 = ADVANCED_FACE ( 'NONE', ( #2573 ), #1166, .F. ) ;
#2125 = CYLINDRICAL_SURFACE ( 'NONE', #1818, 0.5000000000000000000 ) ;
#2126 = PRESENTATION_LAYER_ASSIGNMENT (  '', '', ( #2411 ) ) ;
#2127 = ORIENTED_EDGE ( 'NONE', *, *, #2500, .T. ) ;
#2128 = CARTESIAN_POINT ( 'NONE',  ( 0.4999999999999998890, 13.59999999999999964, 0.5000000000000004441 ) ) ;
#2129 = EDGE_CURVE ( 'NONE', #71, #3050, #1638, .T. ) ;
#2130 = PRESENTATION_STYLE_ASSIGNMENT (( #1239 ) ) ;
#2131 = ORIENTED_EDGE ( 'NONE', *, *, #1053, .F. ) ;
#2132 = EDGE_CURVE ( 'NONE', #1286, #390, #1607, .T. ) ;
#2133 = CARTESIAN_POINT ( 'NONE',  ( 7.035415933177614711, 6.761320239467497828, 7.700000000000000178 ) ) ;
#2134 = FILL_AREA_STYLE ('',( #3058 ) ) ;
#2135 = CARTESIAN_POINT ( 'NONE',  ( 11.68958428804255867, 7.529741967723015961, 7.705000000000000071 ) ) ;
#2136 = ORIENTED_EDGE ( 'NONE', *, *, #814, .T. ) ;
#2137 = CARTESIAN_POINT ( 'NONE',  ( 11.21512356631426321, 7.924235418444622425, 7.705000000000000071 ) ) ;
#2138 = CARTESIAN_POINT ( 'NONE',  ( 1.749999999999999778, -6.000000000000000000, 3.425000000000000266 ) ) ;
#2139 =( LENGTH_UNIT ( ) NAMED_UNIT ( * ) SI_UNIT ( .MILLI., .METRE. ) );
#2140 = UNCERTAINTY_MEASURE_WITH_UNIT (LENGTH_MEASURE( 1.000000000000000082E-05 ), #2015, 'distance_accuracy_value', 'NONE');
#2141 = ORIENTED_EDGE ( 'NONE', *, *, #1297, .F. ) ;
#2142 = PLANE ( 'NONE',  #2459 ) ;
#2143 = CARTESIAN_POINT ( 'NONE',  ( 17.88333339499999752, 0.000000000000000000, 7.083333395000000365 ) ) ;
#2144 = CARTESIAN_POINT ( 'NONE',  ( 7.144706219326467433, 7.144390694176951051, 7.705000000000000071 ) ) ;
#2145 = ADVANCED_FACE ( 'NONE', ( #198 ), #2100, .F. ) ;
#2146 = VERTEX_POINT ( 'NONE', #1699 ) ;
#2147 = VERTEX_POINT ( 'NONE', #1650 ) ;
#2148 = CARTESIAN_POINT ( 'NONE',  ( 10.36972105026527124, 5.852079999999935112, 7.705000000000000071 ) ) ;
#2149 = DIRECTION ( 'NONE',  ( 1.000000000000000000, 0.000000000000000000, 0.000000000000000000 ) ) ;
#2150 = ORIENTED_EDGE ( 'NONE', *, *, #909, .F. ) ;
#2151 = SURFACE_STYLE_USAGE ( .BOTH. , #599 ) ;
#2152 = VECTOR ( 'NONE', #628, 1000.000000000000000 ) ;
#2153 = ORIENTED_EDGE ( 'NONE', *, *, #53, .T. ) ;
#2154 = AXIS2_PLACEMENT_3D ( 'NONE', #1732, #1833, #645 ) ;
#2155 = FILL_AREA_STYLE ('',( #1142 ) ) ;
#2156 = EDGE_CURVE ( 'NONE', #1986, #956, #1934, .T. ) ;
#2157 = MECHANICAL_DESIGN_GEOMETRIC_PRESENTATION_REPRESENTATION (  '', ( #2248 ), #125 ) ;
#2158 = CARTESIAN_POINT ( 'NONE',  ( 8.519661943103439938, 7.924235418444622425, 7.705000000000000071 ) ) ;
#2159 = COLOUR_RGB ( '',0.4980392156862745168, 0.4980392156862745168, 0.4980392156862745168 ) ;
#2160 = ADVANCED_FACE ( 'NONE', ( #2389, #48, #1408 ), #2142, .T. ) ;
#2161 = CARTESIAN_POINT ( 'NONE',  ( 12.29655932587097666, 6.246384432582272161, 7.705000000000000071 ) ) ;
#2162 = AXIS2_PLACEMENT_3D ( 'NONE', #524, #1694, #1474 ) ;
#2163 = EDGE_LOOP ( 'NONE', ( #1111, #1896, #2791, #944 ) ) ;
#2164 = DIRECTION ( 'NONE',  ( -0.000000000000000000, -0.000000000000000000, -1.000000000000000000 ) ) ;
#2165 = EDGE_CURVE ( 'NONE', #207, #175, #500, .T. ) ;
#2166 = CARTESIAN_POINT ( 'NONE',  ( 5.324181106753429482, 5.852079999999936000, 7.700000000000000178 ) ) ;
#2167 = ORIENTED_EDGE ( 'NONE', *, *, #2480, .T. ) ;
#2168 =( NAMED_UNIT ( * ) PLANE_ANGLE_UNIT ( ) SI_UNIT ( $, .RADIAN. ) );
#2169 = VERTEX_POINT ( 'NONE', #2408 ) ;
#2170 = VECTOR ( 'NONE', #2427, 1000.000000000000000 ) ;
#2171 = FILL_AREA_STYLE ('',( #1690 ) ) ;
#2172 = SURFACE_STYLE_FILL_AREA ( #280 ) ;
#2173 = CARTESIAN_POINT ( 'NONE',  ( 12.35727195110518650, 6.761320239463342041, 7.705000000000000071 ) ) ;
#2174 = AXIS2_PLACEMENT_3D ( 'NONE', #1444, #504, #2398 ) ;
#2175 = AXIS2_PLACEMENT_3D ( 'NONE', #2366, #3005, #1378 ) ;
#2176 =( LENGTH_UNIT ( ) NAMED_UNIT ( * ) SI_UNIT ( .MILLI., .METRE. ) );
#2177 = DIRECTION ( 'NONE',  ( 1.000000000000000000, 0.000000000000000000, 0.000000000000000000 ) ) ;
#2178 = CARTESIAN_POINT ( 'NONE',  ( 5.146365447422166284, 7.924235418444622425, 7.700000000000000178 ) ) ;
#2179 = CARTESIAN_POINT ( 'NONE',  ( 0.000000000000000000, 0.000000000000000000, 7.700000000000000178 ) ) ;
#2180 =( NAMED_UNIT ( * ) SI_UNIT ( $, .STERADIAN. ) SOLID_ANGLE_UNIT ( ) );
#2181 = ORIENTED_EDGE ( 'NONE', *, *, #2025, .F. ) ;
#2182 = EDGE_CURVE ( 'NONE', #1355, #1193, #1662, .T. ) ;
#2183 = DIRECTION ( 'NONE',  ( -1.000000000000000000, -1.185729251540992573E-16, 0.000000000000000000 ) ) ;
#2184 = CARTESIAN_POINT ( 'NONE',  ( 13.37866295117204096, 5.852079999999936000, 7.705000000000000071 ) ) ;
#2185 = VERTEX_POINT ( 'NONE', #958 ) ;
#2186 = ADVANCED_FACE ( 'NONE', ( #1184 ), #750, .F. ) ;
#2187 = DIRECTION ( 'NONE',  ( -0.4443210308329518243, -0.8958676361826801715, 0.000000000000000000 ) ) ;
#2188 = ORIENTED_EDGE ( 'NONE', *, *, #1698, .T. ) ;
#2189 = DIRECTION ( 'NONE',  ( 1.000000000000000000, 0.000000000000000000, 0.000000000000000000 ) ) ;
#2190 = CARTESIAN_POINT ( 'NONE',  ( 0.000000000000000000, 0.000000000000000000, 7.700000000000000178 ) ) ;
#2191 = LINE ( 'NONE', #1919, #820 ) ;
#2192 = CARTESIAN_POINT ( 'NONE',  ( 4.550076233209272125, 5.852079999999935112, 7.705000000000000071 ) ) ;
#2193 = ORIENTED_EDGE ( 'NONE', *, *, #3011, .T. ) ;
#2194 = DIRECTION ( 'NONE',  ( -0.000000000000000000, -0.000000000000000000, -1.000000000000000000 ) ) ;
#2195 = LINE ( 'NONE', #1032, #1870 ) ;
#2196 = DIRECTION ( 'NONE',  ( -1.000000000000000000, 0.000000000000000000, 0.000000000000000000 ) ) ;
#2197 = EDGE_CURVE ( 'NONE', #1356, #2926, #735, .T. ) ;
#2198 = ORIENTED_EDGE ( 'NONE', *, *, #150, .T. ) ;
#2199 =( NAMED_UNIT ( * ) SI_UNIT ( $, .STERADIAN. ) SOLID_ANGLE_UNIT ( ) );
#2200 = EDGE_CURVE ( 'NONE', #879, #571, #357, .T. ) ;
#2201 = UNCERTAINTY_MEASURE_WITH_UNIT (LENGTH_MEASURE( 1.000000000000000082E-05 ), #1646, 'distance_accuracy_value', 'NONE');
#2202 = ORIENTED_EDGE ( 'NONE', *, *, #1235, .F. ) ;
#2203 = AXIS2_PLACEMENT_3D ( 'NONE', #2246, #2967, #2581 ) ;
#2204 = DIRECTION ( 'NONE',  ( 0.000000000000000000, 0.000000000000000000, -1.000000000000000000 ) ) ;
#2205 = CARTESIAN_POINT ( 'NONE',  ( 4.872560074776447259, 6.977204153019537003, 7.700000000000000178 ) ) ;
#2206 = SURFACE_STYLE_USAGE ( .BOTH. , #2904 ) ;
#2207 = STYLED_ITEM ( 'NONE', ( #1288 ), #1559 ) ;
#2208 = LINE ( 'NONE', #28, #1623 ) ;
#2209 = STYLED_ITEM ( 'NONE', ( #3027 ), #1654 ) ;
#2210 = ORIENTED_EDGE ( 'NONE', *, *, #1513, .T. ) ;
#2211 = STYLED_ITEM ( 'NONE', ( #902 ), #1873 ) ;
#2212 = ADVANCED_FACE ( 'NONE', ( #2520 ), #1600, .F. ) ;
#2213 = PRESENTATION_LAYER_ASSIGNMENT (  '', '', ( #1426 ) ) ;
#2214 = ORIENTED_EDGE ( 'NONE', *, *, #2420, .F. ) ;
#2215 = EDGE_CURVE ( 'NONE', #2440, #1724, #393, .T. ) ;
#2216 = VECTOR ( 'NONE', #699, 1000.000000000000000 ) ;
#2217 =( GEOMETRIC_REPRESENTATION_CONTEXT ( 3 ) GLOBAL_UNCERTAINTY_ASSIGNED_CONTEXT ( ( #796 ) ) GLOBAL_UNIT_ASSIGNED_CONTEXT ( ( #559, #1782, #2449 ) ) REPRESENTATION_CONTEXT ( 'NONE', 'WORKASPACE' ) );
#2218 = ORIENTED_EDGE ( 'NONE', *, *, #1438, .T. ) ;
#2219 = EDGE_CURVE ( 'NONE', #1294, #2121, #1533, .T. ) ;
#2220 = EDGE_LOOP ( 'NONE', ( #196, #2214, #636, #2046 ) ) ;
#2221 = DIRECTION ( 'NONE',  ( -0.2762033010290175228, -0.9610992334304890861, 0.000000000000000000 ) ) ;
#2222 = CARTESIAN_POINT ( 'NONE',  ( 16.75000000000000000, 0.7499999999999997780, 3.850000000000000089 ) ) ;
#2223 = VERTEX_POINT ( 'NONE', #1837 ) ;
#2224 = ORIENTED_EDGE ( 'NONE', *, *, #539, .T. ) ;
#2225 = DIRECTION ( 'NONE',  ( -0.9615323037684287977, 0.2746918797667270984, 0.000000000000000000 ) ) ;
#2226 = UNCERTAINTY_MEASURE_WITH_UNIT (LENGTH_MEASURE( 1.000000000000000082E-05 ), #839, 'distance_accuracy_value', 'NONE');
#2227 = ORIENTED_EDGE ( 'NONE', *, *, #960, .T. ) ;
#2228 = EDGE_CURVE ( 'NONE', #2359, #2121, #614, .T. ) ;
#2229 = FILL_AREA_STYLE_COLOUR ( '', #85 ) ;
#2230 = CARTESIAN_POINT ( 'NONE',  ( 5.954670000681733022, 5.852079999999936000, 7.705000000000000071 ) ) ;
#2231 = DIRECTION ( 'NONE',  ( 0.000000000000000000, 0.000000000000000000, 1.000000000000000000 ) ) ;
#2232 = ORIENTED_EDGE ( 'NONE', *, *, #1423, .T. ) ;
#2233 = LINE ( 'NONE', #1721, #1473 ) ;
#2234 = CARTESIAN_POINT ( 'NONE',  ( 10.36972105026527124, 5.852079999999935112, 7.705000000000000071 ) ) ;
#2235 = ORIENTED_EDGE ( 'NONE', *, *, #78, .F. ) ;
#2236 = ORIENTED_EDGE ( 'NONE', *, *, #607, .F. ) ;
#2237 = VERTEX_POINT ( 'NONE', #2966 ) ;
#2238 = EDGE_LOOP ( 'NONE', ( #1277, #105, #2936, #2571 ) ) ;
#2239 = DIRECTION ( 'NONE',  ( 0.000000000000000000, 0.000000000000000000, 1.000000000000000000 ) ) ;
#2240 = LINE ( 'NONE', #852, #2358 ) ;
#2241 = STYLED_ITEM ( 'NONE', ( #2691 ), #349 ) ;
#2242 = EDGE_CURVE ( 'NONE', #841, #2342, #1308, .T. ) ;
#2243 = DIRECTION ( 'NONE',  ( 0.000000000000000000, 0.000000000000000000, -1.000000000000000000 ) ) ;
#2244 = CARTESIAN_POINT ( 'NONE',  ( 9.396907711110600303, 5.852079999999935112, 7.705000000000000071 ) ) ;
#2245 = VECTOR ( 'NONE', #640, 1000.000000000000000 ) ;
#2246 = CARTESIAN_POINT ( 'NONE',  ( 1.749999999999999778, 0.7500000000000000000, 3.850000000000000089 ) ) ;
#2247 = ORIENTED_EDGE ( 'NONE', *, *, #1618, .F. ) ;
#2248 = STYLED_ITEM ( 'NONE', ( #2668 ), #997 ) ;
#2249 = EDGE_CURVE ( 'NONE', #1493, #1234, #2473, .T. ) ;
#2250 = DIRECTION ( 'NONE',  ( 0.9611542233438684635, -0.2760118818968581023, 0.000000000000000000 ) ) ;
#2251 = LINE ( 'NONE', #2777, #775 ) ;
#2252 = VECTOR ( 'NONE', #1781, 1000.000000000000000 ) ;
#2253 = ORIENTED_EDGE ( 'NONE', *, *, #2973, .F. ) ;
#2254 = FACE_OUTER_BOUND ( 'NONE', #1802, .T. ) ;
#2255 = ORIENTED_EDGE ( 'NONE', *, *, #226, .T. ) ;
#2256 = EDGE_LOOP ( 'NONE', ( #2553, #2738, #384, #1133 ) ) ;
#2257 = EDGE_CURVE ( 'NONE', #804, #2927, #2251, .T. ) ;
#2258 = VECTOR ( 'NONE', #11, 1000.000000000000000 ) ;
#2259 = ORIENTED_EDGE ( 'NONE', *, *, #1346, .T. ) ;
#2260 = VECTOR ( 'NONE', #1227, 1000.000000000000000 ) ;
#2261 = CARTESIAN_POINT ( 'NONE',  ( 1.749999999999999778, 0.7500000000000000000, 3.850000000000000089 ) ) ;
#2262 = SURFACE_STYLE_USAGE ( .BOTH. , #314 ) ;
#2263 = COLOUR_RGB ( '',0.4980392156862745168, 0.4980392156862745168, 0.4980392156862745168 ) ;
#2264 = AXIS2_PLACEMENT_3D ( 'NONE', #1285, #840, #1302 ) ;
#2265 = DIRECTION ( 'NONE',  ( 0.000000000000000000, 0.000000000000000000, 1.000000000000000000 ) ) ;
#2266 = DIRECTION ( 'NONE',  ( -0.9615454294334481178, 0.2746459304916892830, 0.000000000000000000 ) ) ;
#2267 = AXIS2_PLACEMENT_3D ( 'NONE', #2230, #2731, #597 ) ;
#2268 = SURFACE_STYLE_USAGE ( .BOTH. , #1507 ) ;
#2269 = ORIENTED_EDGE ( 'NONE', *, *, #728, .F. ) ;
#2270 = STYLED_ITEM ( 'NONE', ( #103 ), #2943 ) ;
#2271 =( NAMED_UNIT ( * ) PLANE_ANGLE_UNIT ( ) SI_UNIT ( $, .RADIAN. ) );
#2272 = PLANE ( 'NONE',  #1921 ) ;
#2273 = DIRECTION ( 'NONE',  ( 0.2755520632520602198, 0.9612861490927312458, 0.000000000000000000 ) ) ;
#2274 = EDGE_CURVE ( 'NONE', #666, #81, #1095, .T. ) ;
#2275 = ORIENTED_EDGE ( 'NONE', *, *, #906, .F. ) ;
#2276 = ORIENTED_EDGE ( 'NONE', *, *, #241, .F. ) ;
#2277 = CARTESIAN_POINT ( 'NONE',  ( 7.144706219326467433, 7.144390694176951051, 7.705000000000000071 ) ) ;
#2278 = PRESENTATION_STYLE_ASSIGNMENT (( #2335 ) ) ;
#2279 = CARTESIAN_POINT ( 'NONE',  ( 8.200952163646057613, 7.529811274375007635, 7.700000000000000178 ) ) ;
#2280 = CARTESIAN_POINT ( 'NONE',  ( 0.6166666049999998123, 0.000000000000000000, 7.083333394999998589 ) ) ;
#2281 = SURFACE_STYLE_FILL_AREA ( #809 ) ;
#2282 = EDGE_LOOP ( 'NONE', ( #2939, #584 ) ) ;
#2283 = PLANE ( 'NONE',  #2702 ) ;
#2284 = LINE ( 'NONE', #2533, #638 ) ;
#2285 = SURFACE_SIDE_STYLE ('',( #1552 ) ) ;
#2286 = EDGE_LOOP ( 'NONE', ( #2024, #754, #2410, #2475 ) ) ;
#2287 = ORIENTED_EDGE ( 'NONE', *, *, #2560, .F. ) ;
#2288 = EDGE_CURVE ( 'NONE', #2146, #495, #2284, .T. ) ;
#2289 = UNCERTAINTY_MEASURE_WITH_UNIT (LENGTH_MEASURE( 1.000000000000000082E-05 ), #2118, 'distance_accuracy_value', 'NONE');
#2290 = DIRECTION ( 'NONE',  ( -0.000000000000000000, -1.000000000000000000, -0.000000000000000000 ) ) ;
#2291 = EDGE_CURVE ( 'NONE', #1193, #496, #2701, .T. ) ;
#2292 = SURFACE_SIDE_STYLE ('',( #684 ) ) ;
#2293 = FACE_OUTER_BOUND ( 'NONE', #1174, .T. ) ;
#2294 = CARTESIAN_POINT ( 'NONE',  ( 3.250000000000000444, 1.990051048614449362E-16, 0.000000000000000000 ) ) ;
#2295 = FILL_AREA_STYLE_COLOUR ( '', #2695 ) ;
#2296 = EDGE_LOOP ( 'NONE', ( #1064, #459, #320, #2494, #691, #2698, #2907, #507, #2141, #1958, #1932 ) ) ;
#2297 = AXIS2_PLACEMENT_3D ( 'NONE', #1102, #1050, #2011 ) ;
#2298 = PLANE ( 'NONE',  #2818 ) ;
#2299 = EDGE_LOOP ( 'NONE', ( #108, #732, #136, #752 ) ) ;
#2300 = VECTOR ( 'NONE', #2542, 1000.000000000000000 ) ;
#2301 = DIRECTION ( 'NONE',  ( -1.000000000000000000, 0.000000000000000000, 0.000000000000000000 ) ) ;
#2302 = AXIS2_PLACEMENT_3D ( 'NONE', #785, #551, #97 ) ;
#2303 = CARTESIAN_POINT ( 'NONE',  ( 15.25000000000000000, 1.990051048614449362E-16, 7.700000000000000178 ) ) ;
#2304 = DIRECTION ( 'NONE',  ( 0.000000000000000000, -1.000000000000000000, 0.000000000000000000 ) ) ;
#2305 = CARTESIAN_POINT ( 'NONE',  ( 1.749999999999999778, -6.000000000000000000, 4.275000000000000355 ) ) ;
#2306 = VECTOR ( 'NONE', #1585, 1000.000000000000000 ) ;
#2307 = EDGE_CURVE ( 'NONE', #1701, #207, #829, .T. ) ;
#2308 = FACE_OUTER_BOUND ( 'NONE', #2911, .T. ) ;
#2309 = PRESENTATION_LAYER_ASSIGNMENT (  '', '', ( #480 ) ) ;
#2310 = FILL_AREA_STYLE ('',( #687 ) ) ;
#2311 = CARTESIAN_POINT ( 'NONE',  ( 0.000000000000000000, 0.000000000000000000, 7.700000000000000178 ) ) ;
#2312 =( GEOMETRIC_REPRESENTATION_CONTEXT ( 3 ) GLOBAL_UNCERTAINTY_ASSIGNED_CONTEXT ( ( #6 ) ) GLOBAL_UNIT_ASSIGNED_CONTEXT ( ( #639, #1119, #1361 ) ) REPRESENTATION_CONTEXT ( 'NONE', 'WORKASPACE' ) );
#2313 = ADVANCED_FACE ( 'NONE', ( #2491 ), #2298, .F. ) ;
#2314 = VECTOR ( 'NONE', #2650, 1000.000000000000114 ) ;
#2315 = DIRECTION ( 'NONE',  ( -0.3725077383643967122, 0.9280290862137037244, 0.000000000000000000 ) ) ;
#2316 = ORIENTED_EDGE ( 'NONE', *, *, #1194, .T. ) ;
#2317 = VECTOR ( 'NONE', #2845, 1000.000000000000000 ) ;
#2318 = SURFACE_STYLE_USAGE ( .BOTH. , #1883 ) ;
#2319 = CARTESIAN_POINT ( 'NONE',  ( 11.32113753644195775, 6.246384432582272161, 7.705000000000000071 ) ) ;
#2320 = CARTESIAN_POINT ( 'NONE',  ( 4.893068544174322021, 7.040588234581946381, 7.700000000000000178 ) ) ;
#2321 = FACE_OUTER_BOUND ( 'NONE', #2759, .T. ) ;
#2322 = CARTESIAN_POINT ( 'NONE',  ( 11.21512356631426321, 7.924235418444622425, 7.705000000000000071 ) ) ;
#2323 = LINE ( 'NONE', #1792, #2748 ) ;
#2324 = DIRECTION ( 'NONE',  ( -1.000000000000000000, 1.104435275910379625E-13, 0.000000000000000000 ) ) ;
#2325 = EDGE_CURVE ( 'NONE', #651, #973, #1129, .T. ) ;
#2326 = FACE_OUTER_BOUND ( 'NONE', #1648, .T. ) ;
#2327 = EDGE_CURVE ( 'NONE', #811, #282, #633, .T. ) ;
#2328 = CARTESIAN_POINT ( 'NONE',  ( 7.924683256288299837, 6.761320239467497828, 7.700000000000000178 ) ) ;
#2329 = ORIENTED_EDGE ( 'NONE', *, *, #646, .T. ) ;
#2330 = ORIENTED_EDGE ( 'NONE', *, *, #748, .F. ) ;
#2331 = DIRECTION ( 'NONE',  ( 0.9999891854650020395, -0.004650693823678666954, 0.000000000000000000 ) ) ;
#2332 = FILL_AREA_STYLE_COLOUR ( '', #1007 ) ;
#2333 = EDGE_LOOP ( 'NONE', ( #1009, #1751, #1413, #2150 ) ) ;
#2334 = SURFACE_STYLE_FILL_AREA ( #1394 ) ;
#2335 = SURFACE_STYLE_USAGE ( .BOTH. , #2292 ) ;
#2336 = LINE ( 'NONE', #1206, #1208 ) ;
#2337 = ORIENTED_EDGE ( 'NONE', *, *, #42, .F. ) ;
#2338 = CARTESIAN_POINT ( 'NONE',  ( 1.749999999999999778, -6.000000000000000000, 3.850000000000000089 ) ) ;
#2339 = CARTESIAN_POINT ( 'NONE',  ( 7.924683256288299837, 6.761320239467497828, 7.705000000000000071 ) ) ;
#2340 = EDGE_CURVE ( 'NONE', #1583, #1147, #766, .T. ) ;
#2341 = LINE ( 'NONE', #3014, #2080 ) ;
#2342 = VERTEX_POINT ( 'NONE', #2894 ) ;
#2343 = VECTOR ( 'NONE', #472, 1000.000000000000000 ) ;
#2344 = PLANE ( 'NONE',  #2032 ) ;
#2345 = LINE ( 'NONE', #1898, #710 ) ;
#2346 = UNCERTAINTY_MEASURE_WITH_UNIT (LENGTH_MEASURE( 1.000000000000000082E-05 ), #974, 'distance_accuracy_value', 'NONE');
#2347 = AXIS2_PLACEMENT_3D ( 'NONE', #1325, #1815, #2754 ) ;
#2348 = ORIENTED_EDGE ( 'NONE', *, *, #926, .T. ) ;
#2349 = EDGE_CURVE ( 'NONE', #910, #1583, #2233, .T. ) ;
#2350 = VECTOR ( 'NONE', #1944, 1000.000000000000000 ) ;
#2351 = DIRECTION ( 'NONE',  ( -0.2755265765475026218, -0.9612934544747576693, 0.000000000000000000 ) ) ;
#2352 = SURFACE_SIDE_STYLE ('',( #2172 ) ) ;
#2353 = ORIENTED_EDGE ( 'NONE', *, *, #2165, .T. ) ;
#2354 = VECTOR ( 'NONE', #2194, 1000.000000000000000 ) ;
#2355 = DIRECTION ( 'NONE',  ( -0.3829140317376762415, 0.9237839814038766306, 0.000000000000000000 ) ) ;
#2356 = AXIS2_PLACEMENT_3D ( 'NONE', #3055, #2526, #2815 ) ;
#2357 = CARTESIAN_POINT ( 'NONE',  ( 13.26912064084475595, 7.524140730296597468, 7.700000000000000178 ) ) ;
#2358 = VECTOR ( 'NONE', #1315, 1000.000000000000000 ) ;
#2359 = VERTEX_POINT ( 'NONE', #582 ) ;
#2360 = VECTOR ( 'NONE', #1026, 1000.000000000000000 ) ;
#2361 = FACE_OUTER_BOUND ( 'NONE', #1261, .T. ) ;
#2362 = DIRECTION ( 'NONE',  ( 0.000000000000000000, 1.000000000000000000, 0.000000000000000000 ) ) ;
#2363 = EDGE_CURVE ( 'NONE', #2506, #894, #344, .T. ) ;
#2364 = VECTOR ( 'NONE', #667, 1000.000000000000000 ) ;
#2365 = ORIENTED_EDGE ( 'NONE', *, *, #697, .F. ) ;
#2366 = CARTESIAN_POINT ( 'NONE',  ( 8.200952163646057613, 7.529811274375007635, 7.705000000000000071 ) ) ;
#2367 = CARTESIAN_POINT ( 'NONE',  ( 7.144706219326467433, 7.144390694176951051, 7.705000000000000071 ) ) ;
#2368 = SURFACE_SIDE_STYLE ('',( #49 ) ) ;
#2369 = ORIENTED_EDGE ( 'NONE', *, *, #2541, .T. ) ;
#2370 = CARTESIAN_POINT ( 'NONE',  ( 12.46668824934210562, 7.144321387523858924, 7.705000000000000071 ) ) ;
#2371 = DIRECTION ( 'NONE',  ( -1.000000000000000000, 0.000000000000000000, 0.000000000000000000 ) ) ;
#2372 = ORIENTED_EDGE ( 'NONE', *, *, #1024, .T. ) ;
#2373 = LINE ( 'NONE', #983, #2354 ) ;
#2374 = CARTESIAN_POINT ( 'NONE',  ( 10.96548101203375403, 7.924235418444622425, 7.700000000000000178 ) ) ;
#2375 = EDGE_LOOP ( 'NONE', ( #171, #1931, #798, #2658 ) ) ;
#2376 = ADVANCED_FACE ( 'NONE', ( #1783 ), #2722, .F. ) ;
#2377 = DIRECTION ( 'NONE',  ( 0.7145695586382624365, 0.6995643972269591782, 0.000000000000000000 ) ) ;
#2378 = CARTESIAN_POINT ( 'NONE',  ( 18.50000000000000000, 13.09999999999999964, 7.700000000000000178 ) ) ;
#2379 = PLANE ( 'NONE',  #2595 ) ;
#2380 = EDGE_CURVE ( 'NONE', #3050, #1853, #1906, .T. ) ;
#2381 = ADVANCED_FACE ( 'NONE', ( #3028 ), #660, .F. ) ;
#2382 =( NAMED_UNIT ( * ) SI_UNIT ( $, .STERADIAN. ) SOLID_ANGLE_UNIT ( ) );
#2383 = DIRECTION ( 'NONE',  ( 0.9999960426590096541, -0.002813301676021314705, 0.000000000000000000 ) ) ;
#2384 = ORIENTED_EDGE ( 'NONE', *, *, #1399, .T. ) ;
#2385 = FILL_AREA_STYLE ('',( #966 ) ) ;
#2386 = ORIENTED_EDGE ( 'NONE', *, *, #413, .T. ) ;
#2387 = ORIENTED_EDGE ( 'NONE', *, *, #139, .T. ) ;
#2388 = AXIS2_PLACEMENT_3D ( 'NONE', #2190, #2362, #1868 ) ;
#2389 = FACE_BOUND ( 'NONE', #1047, .T. ) ;
#2390 = DIRECTION ( 'NONE',  ( 1.000000000000000000, 0.000000000000000000, 0.000000000000000000 ) ) ;
#2391 = COLOUR_RGB ( '',0.8980392156862745390, 0.9215686274509803377, 0.9294117647058823817 ) ;
#2392 = VERTEX_POINT ( 'NONE', #1190 ) ;
#2393 = DIRECTION ( 'NONE',  ( 0.000000000000000000, 0.000000000000000000, -1.000000000000000000 ) ) ;
#2394 = PRESENTATION_LAYER_ASSIGNMENT (  '', '', ( #717 ) ) ;
#2395 = COLOUR_RGB ( '',0.4980392156862745168, 0.4980392156862745168, 0.4980392156862745168 ) ;
#2396 = CARTESIAN_POINT ( 'NONE',  ( 0.6166666050000000343, 0.000000000000000000, 0.6166666050000000343 ) ) ;
#2397 = DIRECTION ( 'NONE',  ( 0.000000000000000000, -1.000000000000000000, 0.000000000000000000 ) ) ;
#2398 = DIRECTION ( 'NONE',  ( 0.000000000000000000, 0.000000000000000000, -1.000000000000000000 ) ) ;
#2399 = VECTOR ( 'NONE', #367, 1000.000000000000000 ) ;
#2400 = CYLINDRICAL_SURFACE ( 'NONE', #2060, 0.4250000000000000444 ) ;
#2401 = ORIENTED_EDGE ( 'NONE', *, *, #2197, .F. ) ;
#2402 = DIRECTION ( 'NONE',  ( -0.000000000000000000, -0.000000000000000000, 1.000000000000000000 ) ) ;
#2403 = MECHANICAL_DESIGN_GEOMETRIC_PRESENTATION_REPRESENTATION (  '', ( #232 ), #1673 ) ;
#2404 = FACE_OUTER_BOUND ( 'NONE', #1530, .T. ) ;
#2405 = VERTEX_POINT ( 'NONE', #2801 ) ;
#2406 = ORIENTED_EDGE ( 'NONE', *, *, #200, .F. ) ;
#2407 = PRESENTATION_LAYER_ASSIGNMENT (  '', '', ( #1723 ) ) ;
#2408 = CARTESIAN_POINT ( 'NONE',  ( 12.63916099769774704, 7.527070511402368602, 7.700000000000000178 ) ) ;
#2409 = PRESENTATION_LAYER_ASSIGNMENT (  '', '', ( #1228 ) ) ;
#2410 = ORIENTED_EDGE ( 'NONE', *, *, #1727, .F. ) ;
#2411 = STYLED_ITEM ( 'NONE', ( #1175 ), #2829 ) ;
#2412 = DIRECTION ( 'NONE',  ( 0.2755265765475026218, 0.9612934544747576693, 0.000000000000000000 ) ) ;
#2413 = CARTESIAN_POINT ( 'NONE',  ( 3.960850000000000204, 5.852079999999999949, 7.705000000000000071 ) ) ;
#2414 = VECTOR ( 'NONE', #3026, 1000.000000000000227 ) ;
#2415 = EDGE_CURVE ( 'NONE', #879, #153, #1668, .T. ) ;
#2416 = DIRECTION ( 'NONE',  ( 0.000000000000000000, 1.000000000000000000, 0.000000000000000000 ) ) ;
#2417 = LINE ( 'NONE', #755, #2611 ) ;
#2418 = ORIENTED_EDGE ( 'NONE', *, *, #3046, .F. ) ;
#2419 = ORIENTED_EDGE ( 'NONE', *, *, #2814, .F. ) ;
#2420 = EDGE_CURVE ( 'NONE', #571, #458, #2341, .T. ) ;
#2421 = LINE ( 'NONE', #560, #570 ) ;
#2422 = LINE ( 'NONE', #1251, #1067 ) ;
#2423 = ORIENTED_EDGE ( 'NONE', *, *, #417, .F. ) ;
#2424 = ORIENTED_EDGE ( 'NONE', *, *, #837, .T. ) ;
#2425 = LINE ( 'NONE', #1486, #313 ) ;
#2426 = VERTEX_POINT ( 'NONE', #454 ) ;
#2427 = DIRECTION ( 'NONE',  ( 1.000000000000000000, 1.002616505299178603E-15, 0.000000000000000000 ) ) ;
#2428 = ORIENTED_EDGE ( 'NONE', *, *, #1121, .T. ) ;
#2429 =( LENGTH_UNIT ( ) NAMED_UNIT ( * ) SI_UNIT ( .MILLI., .METRE. ) );
#2430 = ADVANCED_FACE ( 'NONE', ( #2549 ), #1416, .F. ) ;
#2431 =( LENGTH_UNIT ( ) NAMED_UNIT ( * ) SI_UNIT ( .MILLI., .METRE. ) );
#2432 = VERTEX_POINT ( 'NONE', #218 ) ;
#2433 = SURFACE_SIDE_STYLE ('',( #67 ) ) ;
#2434 =( LENGTH_UNIT ( ) NAMED_UNIT ( * ) SI_UNIT ( .MILLI., .METRE. ) );
#2435 = DIRECTION ( 'NONE',  ( -0.05596501978069369498, -0.9984327301130239141, 0.000000000000000000 ) ) ;
#2436 = EDGE_CURVE ( 'NONE', #153, #458, #1879, .T. ) ;
#2437 = VERTEX_POINT ( 'NONE', #2608 ) ;
#2438 = PLANE ( 'NONE',  #1013 ) ;
#2439 = EDGE_CURVE ( 'NONE', #2705, #1292, #1136, .T. ) ;
#2440 = VERTEX_POINT ( 'NONE', #2819 ) ;
#2441 = AXIS2_PLACEMENT_3D ( 'NONE', #1705, #335, #1229 ) ;
#2442 = CARTESIAN_POINT ( 'NONE',  ( 5.488299253503965858, 6.977204153019552102, 7.700000000000000178 ) ) ;
#2443 = PRESENTATION_LAYER_ASSIGNMENT (  '', '', ( #1065 ) ) ;
#2444 = ORIENTED_EDGE ( 'NONE', *, *, #307, .T. ) ;
#2445 = DIRECTION ( 'NONE',  ( -1.000000000000000000, 0.000000000000000000, 0.000000000000000000 ) ) ;
#2446 = STYLED_ITEM ( 'NONE', ( #1468 ), #1178 ) ;
#2447 = ORIENTED_EDGE ( 'NONE', *, *, #1830, .F. ) ;
#2448 = MECHANICAL_DESIGN_GEOMETRIC_PRESENTATION_REPRESENTATION (  '', ( #717 ), #369 ) ;
#2449 =( NAMED_UNIT ( * ) SI_UNIT ( $, .STERADIAN. ) SOLID_ANGLE_UNIT ( ) );
#2450 = LINE ( 'NONE', #1835, #1126 ) ;
#2451 = CARTESIAN_POINT ( 'NONE',  ( 17.88333339499999752, 0.000000000000000000, 7.083333395000000365 ) ) ;
#2452 = MECHANICAL_DESIGN_GEOMETRIC_PRESENTATION_REPRESENTATION (  '', ( #2209 ), #873 ) ;
#2453 = ORIENTED_EDGE ( 'NONE', *, *, #889, .F. ) ;
#2454 = EDGE_LOOP ( 'NONE', ( #1707, #644, #151, #1746 ) ) ;
#2455 = COLOUR_RGB ( '',0.8980392156862745390, 0.9215686274509803377, 0.9294117647058823817 ) ;
#2456 = ORIENTED_EDGE ( 'NONE', *, *, #1210, .F. ) ;
#2457 = EDGE_CURVE ( 'NONE', #738, #2426, #1401, .T. ) ;
#2458 = CARTESIAN_POINT ( 'NONE',  ( 18.50000000000000000, 0.000000000000000000, 7.700000000000000178 ) ) ;
#2459 = AXIS2_PLACEMENT_3D ( 'NONE', #946, #2641, #231 ) ;
#2460 = FACE_OUTER_BOUND ( 'NONE', #2256, .T. ) ;
#2461 = ORIENTED_EDGE ( 'NONE', *, *, #2917, .F. ) ;
#2462 = FACE_OUTER_BOUND ( 'NONE', #2286, .T. ) ;
#2463 = AXIS2_PLACEMENT_3D ( 'NONE', #439, #2104, #919 ) ;
#2464 = EDGE_CURVE ( 'NONE', #2426, #1603, #675, .T. ) ;
#2465 = LINE ( 'NONE', #2690, #523 ) ;
#2466 =( LENGTH_UNIT ( ) NAMED_UNIT ( * ) SI_UNIT ( .MILLI., .METRE. ) );
#2467 = COLOUR_RGB ( '',0.7921568627450980005, 0.8196078431372548767, 0.9333333333333333481 ) ;
#2468 =( GEOMETRIC_REPRESENTATION_CONTEXT ( 3 ) GLOBAL_UNCERTAINTY_ASSIGNED_CONTEXT ( ( #583 ) ) GLOBAL_UNIT_ASSIGNED_CONTEXT ( ( #1127, #2271, #2518 ) ) REPRESENTATION_CONTEXT ( 'NONE', 'WORKASPACE' ) );
#2469 = SURFACE_SIDE_STYLE ('',( #1759 ) ) ;
#2470 = CARTESIAN_POINT ( 'NONE',  ( 16.75000000000000000, -6.000000000000000000, 3.850000000000000089 ) ) ;
#2471 = ORIENTED_EDGE ( 'NONE', *, *, #629, .T. ) ;
#2472 = CARTESIAN_POINT ( 'NONE',  ( 9.322430453529284122, 6.443860963577187739, 7.705000000000000071 ) ) ;
#2473 = LINE ( 'NONE', #1587, #933 ) ;
#2474 = ORIENTED_EDGE ( 'NONE', *, *, #611, .T. ) ;
#2475 = ORIENTED_EDGE ( 'NONE', *, *, #1494, .T. ) ;
#2476 = VERTEX_POINT ( 'NONE', #2842 ) ;
#2477 = FACE_OUTER_BOUND ( 'NONE', #1376, .T. ) ;
#2478 = UNCERTAINTY_MEASURE_WITH_UNIT (LENGTH_MEASURE( 1.000000000000000082E-05 ), #1845, 'distance_accuracy_value', 'NONE');
#2479 = ORIENTED_EDGE ( 'NONE', *, *, #1494, .F. ) ;
#2480 = EDGE_CURVE ( 'NONE', #292, #2487, #905, .T. ) ;
#2481 = LINE ( 'NONE', #348, #2079 ) ;
#2482 = EDGE_CURVE ( 'NONE', #355, #534, #1626, .T. ) ;
#2483 = CARTESIAN_POINT ( 'NONE',  ( 10.96548101203375403, 7.924235418444622425, 7.705000000000000071 ) ) ;
#2484 = DIRECTION ( 'NONE',  ( 0.2746918797667269874, 0.9615323037684286867, 0.000000000000000000 ) ) ;
#2485 = DIRECTION ( 'NONE',  ( -1.000000000000000000, -1.002616505299178800E-15, 0.000000000000000000 ) ) ;
#2486 = PLANE ( 'NONE',  #2264 ) ;
#2487 = VERTEX_POINT ( 'NONE', #2565 ) ;
#2488 = CARTESIAN_POINT ( 'NONE',  ( 7.256856979931010088, 7.529811274375007635, 7.705000000000000071 ) ) ;
#2489 = LINE ( 'NONE', #647, #2414 ) ;
#2490 = FILL_AREA_STYLE_COLOUR ( '', #36 ) ;
#2491 = FACE_OUTER_BOUND ( 'NONE', #604, .T. ) ;
#2492 = EDGE_LOOP ( 'NONE', ( #2619, #2479, #1629, #13 ) ) ;
#2493 = ORIENTED_EDGE ( 'NONE', *, *, #1307, .F. ) ;
#2494 = ORIENTED_EDGE ( 'NONE', *, *, #2937, .F. ) ;
#2495 = DIRECTION ( 'NONE',  ( 0.000000000000000000, -1.000000000000000000, 0.000000000000000000 ) ) ;
#2496 = LINE ( 'NONE', #2689, #1573 ) ;
#2497 = FACE_OUTER_BOUND ( 'NONE', #2872, .T. ) ;
#2498 = VECTOR ( 'NONE', #2290, 1000.000000000000000 ) ;
#2499 = SURFACE_STYLE_FILL_AREA ( #1038 ) ;
#2500 = EDGE_CURVE ( 'NONE', #292, #2223, #1432, .T. ) ;
#2501 = VECTOR ( 'NONE', #211, 1000.000000000000000 ) ;
#2502 = ORIENTED_EDGE ( 'NONE', *, *, #769, .T. ) ;
#2503 = VECTOR ( 'NONE', #2390, 1000.000000000000000 ) ;
#2504 = DIRECTION ( 'NONE',  ( -0.000000000000000000, -0.000000000000000000, -1.000000000000000000 ) ) ;
#2505 = DIRECTION ( 'NONE',  ( -0.000000000000000000, -0.000000000000000000, 1.000000000000000000 ) ) ;
#2506 = VERTEX_POINT ( 'NONE', #1385 ) ;
#2507 = ORIENTED_EDGE ( 'NONE', *, *, #960, .F. ) ;
#2508 = COLOUR_RGB ( '',0.8980392156862745390, 0.9215686274509803377, 0.9294117647058823817 ) ;
#2509 = AXIS2_PLACEMENT_3D ( 'NONE', #1594, #1828, #2830 ) ;
#2510 = DIRECTION ( 'NONE',  ( 1.000000000000000000, 0.000000000000000000, 0.000000000000000000 ) ) ;
#2511 = VECTOR ( 'NONE', #2273, 1000.000000000000114 ) ;
#2512 = DIRECTION ( 'NONE',  ( 0.000000000000000000, 1.000000000000000000, 0.000000000000000000 ) ) ;
#2513 = VECTOR ( 'NONE', #485, 1000.000000000000000 ) ;
#2514 = CARTESIAN_POINT ( 'NONE',  ( 1.749999999999999778, -6.000000000000000000, 3.850000000000000089 ) ) ;
#2515 = VECTOR ( 'NONE', #1661, 1000.000000000000114 ) ;
#2516 = ORIENTED_EDGE ( 'NONE', *, *, #2242, .F. ) ;
#2517 = EDGE_CURVE ( 'NONE', #2705, #50, #1895, .T. ) ;
#2518 =( NAMED_UNIT ( * ) SI_UNIT ( $, .STERADIAN. ) SOLID_ANGLE_UNIT ( ) );
#2519 = DIRECTION ( 'NONE',  ( -0.000000000000000000, -0.000000000000000000, -1.000000000000000000 ) ) ;
#2520 = FACE_OUTER_BOUND ( 'NONE', #1002, .T. ) ;
#2521 = VERTEX_POINT ( 'NONE', #2593 ) ;
#2522 = VERTEX_POINT ( 'NONE', #466 ) ;
#2523 = ADVANCED_FACE ( 'NONE', ( #237 ), #246, .F. ) ;
#2524 = LINE ( 'NONE', #166, #2028 ) ;
#2525 = DIRECTION ( 'NONE',  ( -0.000000000000000000, -0.000000000000000000, -1.000000000000000000 ) ) ;
#2526 = DIRECTION ( 'NONE',  ( -1.000000000000000000, 0.000000000000000000, 0.000000000000000000 ) ) ;
#2527 = CARTESIAN_POINT ( 'NONE',  ( 18.50000000000000000, 13.09999999999999964, 7.700000000000000178 ) ) ;
#2528 = EDGE_LOOP ( 'NONE', ( #1393, #161, #1066, #176 ) ) ;
#2529 = PLANE ( 'NONE',  #1967 ) ;
#2530 = LINE ( 'NONE', #2396, #1120 ) ;
#2531 = LINE ( 'NONE', #1798, #730 ) ;
#2532 = PLANE ( 'NONE',  #1268 ) ;
#2533 = CARTESIAN_POINT ( 'NONE',  ( 11.21512356631426321, 7.924235418444622425, 7.700000000000000178 ) ) ;
#2534 = DIRECTION ( 'NONE',  ( 0.2740217765954066076, 0.9617234872620595842, 0.000000000000000000 ) ) ;
#2535 = EDGE_CURVE ( 'NONE', #1907, #495, #202, .T. ) ;
#2536 = ORIENTED_EDGE ( 'NONE', *, *, #311, .T. ) ;
#2537 = ORIENTED_EDGE ( 'NONE', *, *, #2436, .F. ) ;
#2538 = ORIENTED_EDGE ( 'NONE', *, *, #3011, .F. ) ;
#2539 = EDGE_CURVE ( 'NONE', #1718, #1604, #1956, .T. ) ;
#2540 = CARTESIAN_POINT ( 'NONE',  ( -0.2249145928931925442, -0.8548134582023201311, 7.704999999999998295 ) ) ;
#2541 = EDGE_CURVE ( 'NONE', #2405, #445, #2869, .T. ) ;
#2542 = DIRECTION ( 'NONE',  ( -0.000000000000000000, -0.000000000000000000, -1.000000000000000000 ) ) ;
#2543 = SURFACE_STYLE_USAGE ( .BOTH. , #914 ) ;
#2544 = CARTESIAN_POINT ( 'NONE',  ( 18.49999999999999289, 13.39289321881345352, 7.699999999999997513 ) ) ;
#2545 = VECTOR ( 'NONE', #2056, 1000.000000000000000 ) ;
#2546 = DIRECTION ( 'NONE',  ( 0.000000000000000000, 0.000000000000000000, 1.000000000000000000 ) ) ;
#2547 = FILL_AREA_STYLE_COLOUR ( '', #768 ) ;
#2548 = VECTOR ( 'NONE', #849, 1000.000000000000000 ) ;
#2549 = FACE_OUTER_BOUND ( 'NONE', #3015, .T. ) ;
#2550 = EDGE_LOOP ( 'NONE', ( #850, #661, #1445, #2750 ) ) ;
#2551 = LINE ( 'NONE', #715, #2772 ) ;
#2552 = CARTESIAN_POINT ( 'NONE',  ( 8.844489607891244276, 5.852079999999935112, 7.705000000000000071 ) ) ;
#2553 = ORIENTED_EDGE ( 'NONE', *, *, #2609, .T. ) ;
#2554 = VECTOR ( 'NONE', #298, 1000.000000000000000 ) ;
#2555 = EDGE_CURVE ( 'NONE', #1738, #1724, #1232, .T. ) ;
#2556 = CARTESIAN_POINT ( 'NONE',  ( 3.763745000000000118, 0.4689279999999999005, 0.6166666049999998123 ) ) ;
#2557 = DIRECTION ( 'NONE',  ( -0.6741568292822091024, 0.7385882273176025414, 0.000000000000000000 ) ) ;
#2558 = VECTOR ( 'NONE', #1005, 1000.000000000000000 ) ;
#2559 = FACE_OUTER_BOUND ( 'NONE', #238, .T. ) ;
#2560 = EDGE_CURVE ( 'NONE', #1583, #2437, #1245, .T. ) ;
#2561 = FILL_AREA_STYLE_COLOUR ( '', #1370 ) ;
#2562 = DIRECTION ( 'NONE',  ( -0.2765379750249963298, -0.9610029908221277006, 0.000000000000000000 ) ) ;
#2563 = SURFACE_SIDE_STYLE ('',( #2817 ) ) ;
#2564 = STYLED_ITEM ( 'NONE', ( #1794 ), #2648 ) ;
#2565 = CARTESIAN_POINT ( 'NONE',  ( 5.324181106753429482, 5.852079999999936000, 7.705000000000000071 ) ) ;
#2566 = EDGE_LOOP ( 'NONE', ( #506, #792, #635, #3049 ) ) ;
#2567 = VERTEX_POINT ( 'NONE', #2855 ) ;
#2568 = VECTOR ( 'NONE', #2377, 1000.000000000000114 ) ;
#2569 = DIRECTION ( 'NONE',  ( 0.000000000000000000, 1.000000000000000000, 0.000000000000000000 ) ) ;
#2570 = DIRECTION ( 'NONE',  ( -0.000000000000000000, -0.000000000000000000, -1.000000000000000000 ) ) ;
#2571 = ORIENTED_EDGE ( 'NONE', *, *, #2679, .T. ) ;
#2572 = CARTESIAN_POINT ( 'NONE',  ( 17.88333339499999752, 0.4689280000000015658, 7.083333395000000365 ) ) ;
#2573 = FACE_OUTER_BOUND ( 'NONE', #1290, .T. ) ;
#2574 = EDGE_CURVE ( 'NONE', #496, #118, #555, .T. ) ;
#2575 = LINE ( 'NONE', #1397, #32 ) ;
#2576 =( NAMED_UNIT ( * ) PLANE_ANGLE_UNIT ( ) SI_UNIT ( $, .RADIAN. ) );
#2577 = DIRECTION ( 'NONE',  ( 1.000000000000000000, 1.002616505299178603E-15, 0.000000000000000000 ) ) ;
#2578 = EDGE_CURVE ( 'NONE', #1292, #1644, #1940, .T. ) ;
#2579 = CARTESIAN_POINT ( 'NONE',  ( 8.519661943103439938, 7.924235418444622425, 7.705000000000000071 ) ) ;
#2580 = EDGE_CURVE ( 'NONE', #445, #1675, #2417, .T. ) ;
#2581 = DIRECTION ( 'NONE',  ( 0.000000000000000000, 0.000000000000000000, -1.000000000000000000 ) ) ;
#2582 = ORIENTED_EDGE ( 'NONE', *, *, #790, .T. ) ;
#2583 = ORIENTED_EDGE ( 'NONE', *, *, #2713, .F. ) ;
#2584 = FACE_OUTER_BOUND ( 'NONE', #562, .T. ) ;
#2585 = VERTEX_POINT ( 'NONE', #1710 ) ;
#2586 = ORIENTED_EDGE ( 'NONE', *, *, #847, .T. ) ;
#2587 = DIRECTION ( 'NONE',  ( -0.9617234872620596953, 0.2740217765954067186, 0.000000000000000000 ) ) ;
#2588 = FILL_AREA_STYLE_COLOUR ( '', #2263 ) ;
#2589 = PRESENTATION_STYLE_ASSIGNMENT (( #2543 ) ) ;
#2590 = CARTESIAN_POINT ( 'NONE',  ( 5.488299253503965858, 6.977204153019552102, 7.705000000000000071 ) ) ;
#2591 = EDGE_CURVE ( 'NONE', #1234, #2039, #1492, .T. ) ;
#2592 = FILL_AREA_STYLE ('',( #2547 ) ) ;
#2593 = CARTESIAN_POINT ( 'NONE',  ( 0.000000000000000000, 0.000000000000000000, 0.000000000000000000 ) ) ;
#2594 = ORIENTED_EDGE ( 'NONE', *, *, #1602, .T. ) ;
#2595 = AXIS2_PLACEMENT_3D ( 'NONE', #2367, #450, #252 ) ;
#2596 = LINE ( 'NONE', #2108, #2317 ) ;
#2597 = CARTESIAN_POINT ( 'NONE',  ( 0.000000000000000000, 13.09999999999999964, 0.5000000000000004441 ) ) ;
#2598 = CARTESIAN_POINT ( 'NONE',  ( 17.99999999999999645, 13.09999999999999964, 7.700000000000000178 ) ) ;
#2599 = CIRCLE ( 'NONE', #258, 0.4250000000000000444 ) ;
#2600 = VERTEX_POINT ( 'NONE', #84 ) ;
#2601 = AXIS2_PLACEMENT_3D ( 'NONE', #1722, #988, #549 ) ;
#2602 = CARTESIAN_POINT ( 'NONE',  ( 0.2071067811865474340, 13.59999999999999787, 0.2071067811865479058 ) ) ;
#2603 = CARTESIAN_POINT ( 'NONE',  ( 0.6166666049999998123, 0.7500000000000000000, 7.083333394999998589 ) ) ;
#2604 = SURFACE_STYLE_USAGE ( .BOTH. , #2368 ) ;
#2605 = AXIS2_PLACEMENT_3D ( 'NONE', #3038, #2787, #950 ) ;
#2606 = MECHANICAL_DESIGN_GEOMETRIC_PRESENTATION_REPRESENTATION (  '', ( #721 ), #1271 ) ;
#2607 = PLANE ( 'NONE',  #1975 ) ;
#2608 = CARTESIAN_POINT ( 'NONE',  ( 4.550076233209272125, 5.852079999999935112, 7.705000000000000071 ) ) ;
#2609 = EDGE_CURVE ( 'NONE', #2688, #2147, #52, .T. ) ;
#2610 = ORIENTED_EDGE ( 'NONE', *, *, #2591, .T. ) ;
#2611 = VECTOR ( 'NONE', #64, 1000.000000000000114 ) ;
#2612 = CARTESIAN_POINT ( 'NONE',  ( 5.954670000681733022, 5.852079999999936000, 7.705000000000000071 ) ) ;
#2613 = CARTESIAN_POINT ( 'NONE',  ( 4.556351636983046127, 7.924235418444622425, 7.700000000000000178 ) ) ;
#2614 = MECHANICAL_DESIGN_GEOMETRIC_PRESENTATION_REPRESENTATION (  '', ( #1841 ), #3 ) ;
#2615 = EDGE_CURVE ( 'NONE', #1738, #910, #980, .T. ) ;
#2616 = ORIENTED_EDGE ( 'NONE', *, *, #1125, .F. ) ;
#2617 =( NAMED_UNIT ( * ) PLANE_ANGLE_UNIT ( ) SI_UNIT ( $, .RADIAN. ) );
#2618 = EDGE_CURVE ( 'NONE', #1538, #2169, #740, .T. ) ;
#2619 = ORIENTED_EDGE ( 'NONE', *, *, #2044, .T. ) ;
#2620 = CARTESIAN_POINT ( 'NONE',  ( 0.6166666050000000343, 0.7500000000000000000, 0.6166666050000000343 ) ) ;
#2621 = CARTESIAN_POINT ( 'NONE',  ( 0.6166666050000000343, 0.4689279999999995119, 0.6166666050000000343 ) ) ;
#2622 = ORIENTED_EDGE ( 'NONE', *, *, #1618, .T. ) ;
#2623 = DIRECTION ( 'NONE',  ( 1.000000000000000000, 4.783739767952858963E-16, 0.000000000000000000 ) ) ;
#2624 = UNCERTAINTY_MEASURE_WITH_UNIT (LENGTH_MEASURE( 1.000000000000000082E-05 ), #2034, 'distance_accuracy_value', 'NONE');
#2625 = ORIENTED_EDGE ( 'NONE', *, *, #1321, .F. ) ;
#2626 = CARTESIAN_POINT ( 'NONE',  ( 13.85926046337341688, 7.524140730291446033, 7.700000000000000178 ) ) ;
#2627 = EDGE_CURVE ( 'NONE', #175, #2835, #525, .T. ) ;
#2628 = CARTESIAN_POINT ( 'NONE',  ( 6.455643669591910161, 7.924235418444622425, 7.705000000000000071 ) ) ;
#2629 = ORIENTED_EDGE ( 'NONE', *, *, #1513, .F. ) ;
#2630 = CARTESIAN_POINT ( 'NONE',  ( 8.947895129408749426, 7.696865502838267759, 7.705000000000000071 ) ) ;
#2631 = CARTESIAN_POINT ( 'NONE',  ( 3.763745000000000118, 0.4689279999999999005, 0.000000000000000000 ) ) ;
#2632 = DIRECTION ( 'NONE',  ( -1.000000000000000000, 0.000000000000000000, 0.000000000000000000 ) ) ;
#2633 = ORIENTED_EDGE ( 'NONE', *, *, #1282, .F. ) ;
#2634 = CARTESIAN_POINT ( 'NONE',  ( 9.396907711110600303, 5.852079999999935112, 7.705000000000000071 ) ) ;
#2635 = CARTESIAN_POINT ( 'NONE',  ( 7.144706219326467433, 7.144390694176951051, 7.700000000000000178 ) ) ;
#2636 = PLANE ( 'NONE',  #1314 ) ;
#2637 = ORIENTED_EDGE ( 'NONE', *, *, #2517, .T. ) ;
#2638 = ORIENTED_EDGE ( 'NONE', *, *, #2679, .F. ) ;
#2639 = VECTOR ( 'NONE', #1754, 1000.000000000000000 ) ;
#2640 = FACE_OUTER_BOUND ( 'NONE', #603, .T. ) ;
#2641 = DIRECTION ( 'NONE',  ( 0.000000000000000000, -1.000000000000000000, 0.000000000000000000 ) ) ;
#2642 = AXIS2_PLACEMENT_3D ( 'NONE', #2055, #2767, #3009 ) ;
#2643 = VERTEX_POINT ( 'NONE', #494 ) ;
#2644 = ADVANCED_FACE ( 'NONE', ( #285 ), #1745, .F. ) ;
#2645 = AXIS2_PLACEMENT_3D ( 'NONE', #1556, #2495, #291 ) ;
#2646 =( NAMED_UNIT ( * ) SI_UNIT ( $, .STERADIAN. ) SOLID_ANGLE_UNIT ( ) );
#2647 = VECTOR ( 'NONE', #102, 1000.000000000000000 ) ;
#2648 = ADVANCED_FACE ( 'NONE', ( #575 ), #2486, .F. ) ;
#2649 = DIRECTION ( 'NONE',  ( 0.000000000000000000, -0.000000000000000000, 1.000000000000000000 ) ) ;
#2650 = DIRECTION ( 'NONE',  ( 0.2729786930694848013, 0.9620200793798827643, 0.000000000000000000 ) ) ;
#2651 = AXIS2_PLACEMENT_3D ( 'NONE', #1558, #295, #608 ) ;
#2652 = CARTESIAN_POINT ( 'NONE',  ( 9.250000000000000000, 0.4689280000000005666, 7.700000000000000178 ) ) ;
#2653 = CARTESIAN_POINT ( 'NONE',  ( 4.893068544174322021, 7.040588234581946381, 7.705000000000000071 ) ) ;
#2654 = ORIENTED_EDGE ( 'NONE', *, *, #53, .F. ) ;
#2655 = CARTESIAN_POINT ( 'NONE',  ( 0.000000000000000000, 13.09999999999999964, 7.200000000000000178 ) ) ;
#2656 = LINE ( 'NONE', #2166, #35 ) ;
#2657 = ORIENTED_EDGE ( 'NONE', *, *, #2574, .T. ) ;
#2658 = ORIENTED_EDGE ( 'NONE', *, *, #289, .F. ) ;
#2659 = VECTOR ( 'NONE', #22, 1000.000000000000000 ) ;
#2660 = CIRCLE ( 'NONE', #1084, 0.4250000000000000444 ) ;
#2661 = ORIENTED_EDGE ( 'NONE', *, *, #1235, .T. ) ;
#2662 = ADVANCED_FACE ( 'NONE', ( #1039 ), #112, .F. ) ;
#2663 =( LENGTH_UNIT ( ) NAMED_UNIT ( * ) SI_UNIT ( .MILLI., .METRE. ) );
#2664 = FILL_AREA_STYLE_COLOUR ( '', #1571 ) ;
#2665 = EDGE_CURVE ( 'NONE', #922, #2567, #1055, .T. ) ;
#2666 = EDGE_LOOP ( 'NONE', ( #2843, #2337, #2891, #1106 ) ) ;
#2667 = LINE ( 'NONE', #1684, #3045 ) ;
#2668 = PRESENTATION_STYLE_ASSIGNMENT (( #2860 ) ) ;
#2669 = CARTESIAN_POINT ( 'NONE',  ( 3.250000000000000444, 1.990051048614449362E-16, 7.083333394999996813 ) ) ;
#2670 = ORIENTED_EDGE ( 'NONE', *, *, #2129, .T. ) ;
#2671 = ORIENTED_EDGE ( 'NONE', *, *, #271, .T. ) ;
#2672 = LINE ( 'NONE', #751, #2503 ) ;
#2673 = CARTESIAN_POINT ( 'NONE',  ( 12.35727195110518650, 6.761320239463342041, 7.700000000000000178 ) ) ;
#2674 = ORIENTED_EDGE ( 'NONE', *, *, #498, .T. ) ;
#2675 = DIRECTION ( 'NONE',  ( -1.000000000000000000, 0.000000000000000000, 0.000000000000000000 ) ) ;
#2676 = PRESENTATION_STYLE_ASSIGNMENT (( #2014 ) ) ;
#2677 = FILL_AREA_STYLE ('',( #1682 ) ) ;
#2678 = VERTEX_POINT ( 'NONE', #1777 ) ;
#2679 = EDGE_CURVE ( 'NONE', #1402, #401, #353, .T. ) ;
#2680 = CARTESIAN_POINT ( 'NONE',  ( 10.36972105026527124, 5.852079999999935112, 7.705000000000000071 ) ) ;
#2681 = DIRECTION ( 'NONE',  ( -0.000000000000000000, -0.000000000000000000, -1.000000000000000000 ) ) ;
#2682 = DIRECTION ( 'NONE',  ( -1.000000000000000000, 0.000000000000000000, 0.000000000000000000 ) ) ;
#2683 = PRODUCT_DEFINITION_CONTEXT ( 'detailed design', #3018, 'design' ) ;
#2684 = ORIENTED_EDGE ( 'NONE', *, *, #2037, .T. ) ;
#2685 = FILL_AREA_STYLE_COLOUR ( '', #1411 ) ;
#2686 = ORIENTED_EDGE ( 'NONE', *, *, #2094, .T. ) ;
#2687 = UNCERTAINTY_MEASURE_WITH_UNIT (LENGTH_MEASURE( 1.000000000000000082E-05 ), #2663, 'distance_accuracy_value', 'NONE');
#2688 = VERTEX_POINT ( 'NONE', #2946 ) ;
#2689 = CARTESIAN_POINT ( 'NONE',  ( 0.6166666050000000343, 0.7500000000000000000, 0.6166666050000000343 ) ) ;
#2690 = CARTESIAN_POINT ( 'NONE',  ( 12.78838451534274867, 5.852079999999936000, 7.700000000000000178 ) ) ;
#2691 = PRESENTATION_STYLE_ASSIGNMENT (( #3003 ) ) ;
#2692 = VECTOR ( 'NONE', #2793, 1000.000000000000000 ) ;
#2693 = ORIENTED_EDGE ( 'NONE', *, *, #2665, .T. ) ;
#2694 = CARTESIAN_POINT ( 'NONE',  ( 11.46814324129412022, 6.761320239463341153, 7.705000000000000071 ) ) ;
#2695 = COLOUR_RGB ( '',0.4980392156862745168, 0.4980392156862745168, 0.4980392156862745168 ) ;
#2696 = FILL_AREA_STYLE ('',( #1527 ) ) ;
#2697 = CARTESIAN_POINT ( 'NONE',  ( 7.924683256288299837, 6.761320239467497828, 7.705000000000000071 ) ) ;
#2698 = ORIENTED_EDGE ( 'NONE', *, *, #539, .F. ) ;
#2699 = LINE ( 'NONE', #1564, #2850 ) ;
#2700 = SURFACE_STYLE_USAGE ( .BOTH. , #2059 ) ;
#2701 = LINE ( 'NONE', #2048, #725 ) ;
#2702 = AXIS2_PLACEMENT_3D ( 'NONE', #104, #2250, #1108 ) ;
#2703 = EDGE_CURVE ( 'NONE', #2740, #2065, #2718, .T. ) ;
#2704 = ORIENTED_EDGE ( 'NONE', *, *, #2042, .T. ) ;
#2705 = VERTEX_POINT ( 'NONE', #1318 ) ;
#2706 = AXIS2_PLACEMENT_3D ( 'NONE', #100, #1560, #2265 ) ;
#2707 =( LENGTH_UNIT ( ) NAMED_UNIT ( * ) SI_UNIT ( .MILLI., .METRE. ) );
#2708 = EDGE_CURVE ( 'NONE', #1923, #2038, #1272, .T. ) ;
#2709 = VECTOR ( 'NONE', #2187, 1000.000000000000227 ) ;
#2710 = ORIENTED_EDGE ( 'NONE', *, *, #2074, .T. ) ;
#2711 = VECTOR ( 'NONE', #1551, 1000.000000000000000 ) ;
#2712 = CARTESIAN_POINT ( 'NONE',  ( 12.46668824934210562, 7.144321387523858924, 7.705000000000000071 ) ) ;
#2713 = EDGE_CURVE ( 'NONE', #57, #2825, #1404, .T. ) ;
#2714 = DIRECTION ( 'NONE',  ( 0.000000000000000000, 0.000000000000000000, -1.000000000000000000 ) ) ;
#2715 = AXIS2_PLACEMENT_3D ( 'NONE', #1858, #2587, #1637 ) ;
#2716 = DIRECTION ( 'NONE',  ( 0.000000000000000000, 0.000000000000000000, -1.000000000000000000 ) ) ;
#2717 = DIRECTION ( 'NONE',  ( 1.000000000000000000, 5.694109626320595965E-16, 0.000000000000000000 ) ) ;
#2718 = LINE ( 'NONE', #128, #383 ) ;
#2719 = ORIENTED_EDGE ( 'NONE', *, *, #2727, .F. ) ;
#2720 = LINE ( 'NONE', #1548, #2949 ) ;
#2721 = DIRECTION ( 'NONE',  ( 0.000000000000000000, 0.000000000000000000, -1.000000000000000000 ) ) ;
#2722 = PLANE ( 'NONE',  #1725 ) ;
#2723 = CARTESIAN_POINT ( 'NONE',  ( 13.26912064084475595, 7.524140730296597468, 7.705000000000000071 ) ) ;
#2724 = ORIENTED_EDGE ( 'NONE', *, *, #1359, .T. ) ;
#2725 = VERTEX_POINT ( 'NONE', #2612 ) ;
#2726 = PLANE ( 'NONE',  #2645 ) ;
#2727 = EDGE_CURVE ( 'NONE', #1344, #1907, #1867, .T. ) ;
#2728 = CARTESIAN_POINT ( 'NONE',  ( 5.773716640295499580, 7.924235418444622425, 7.700000000000000178 ) ) ;
#2729 = EDGE_CURVE ( 'NONE', #1243, #738, #2551, .T. ) ;
#2730 = SURFACE_SIDE_STYLE ('',( #1054 ) ) ;
#2731 = DIRECTION ( 'NONE',  ( 0.000000000000000000, 1.000000000000000000, 0.000000000000000000 ) ) ;
#2732 = ORIENTED_EDGE ( 'NONE', *, *, #1194, .F. ) ;
#2733 = DIRECTION ( 'NONE',  ( -0.9611638845408967402, 0.2759782365590697784, 0.000000000000000000 ) ) ;
#2734 = PRODUCT_CONTEXT ( 'NONE', #1946, 'mechanical' ) ;
#2735 = CARTESIAN_POINT ( 'NONE',  ( 3.250000000000000444, 1.990051048614449362E-16, 0.000000000000000000 ) ) ;
#2736 = ORIENTED_EDGE ( 'NONE', *, *, #853, .T. ) ;
#2737 = EDGE_LOOP ( 'NONE', ( #2625, #1281, #757, #1371 ) ) ;
#2738 = ORIENTED_EDGE ( 'NONE', *, *, #253, .F. ) ;
#2739 = PLANE ( 'NONE',  #2297 ) ;
#2740 = VERTEX_POINT ( 'NONE', #940 ) ;
#2741 = CARTESIAN_POINT ( 'NONE',  ( 0.6166666050000000343, 0.000000000000000000, 0.6166666049999998123 ) ) ;
#2742 = EDGE_CURVE ( 'NONE', #801, #54, #2596, .T. ) ;
#2743 = CARTESIAN_POINT ( 'NONE',  ( 9.396907711110600303, 5.852079999999935112, 7.705000000000000071 ) ) ;
#2744 = PRESENTATION_LAYER_ASSIGNMENT (  '', '', ( #2992 ) ) ;
#2745 = LINE ( 'NONE', #143, #2813 ) ;
#2746 = CARTESIAN_POINT ( 'NONE',  ( 9.322430453529284122, 6.443860963577187739, 7.705000000000000071 ) ) ;
#2747 = CARTESIAN_POINT ( 'NONE',  ( 1.749999999999999778, 0.7500000000000000000, 3.425000000000000266 ) ) ;
#2748 = VECTOR ( 'NONE', #2525, 1000.000000000000000 ) ;
#2749 = EDGE_CURVE ( 'NONE', #1023, #1344, #5, .T. ) ;
#2750 = ORIENTED_EDGE ( 'NONE', *, *, #982, .T. ) ;
#2751 = COLOUR_RGB ( '',0.4980392156862745168, 0.4980392156862745168, 0.4980392156862745168 ) ;
#2752 = PLANE ( 'NONE',  #573 ) ;
#2753 = DIRECTION ( 'NONE',  ( 0.2746918797667269874, 0.9615323037684286867, 0.000000000000000000 ) ) ;
#2754 = DIRECTION ( 'NONE',  ( 0.7385882273176024304, -0.6741568292822089914, 0.000000000000000000 ) ) ;
#2755 = LINE ( 'NONE', #1588, #2067 ) ;
#2756 = AXIS2_PLACEMENT_3D ( 'NONE', #2148, #2873, #759 ) ;
#2757 = EDGE_LOOP ( 'NONE', ( #308, #1499, #1131, #812 ) ) ;
#2758 = EDGE_LOOP ( 'NONE', ( #2188, #2507, #2955, #1461 ) ) ;
#2759 = EDGE_LOOP ( 'NONE', ( #456, #2202, #2876, #2887 ) ) ;
#2760 = UNCERTAINTY_MEASURE_WITH_UNIT (LENGTH_MEASURE( 1.000000000000000082E-05 ), #2139, 'distance_accuracy_value', 'NONE');
#2761 = LINE ( 'NONE', #1085, #2498 ) ;
#2762 = ORIENTED_EDGE ( 'NONE', *, *, #2156, .F. ) ;
#2763 = AXIS2_PLACEMENT_3D ( 'NONE', #1471, #724, #482 ) ;
#2764 = CARTESIAN_POINT ( 'NONE',  ( 3.250000000000000444, 1.990051048614449362E-16, 7.700000000000000178 ) ) ;
#2765 = VECTOR ( 'NONE', #516, 1000.000000000000000 ) ;
#2766 = VECTOR ( 'NONE', #39, 1000.000000000000000 ) ;
#2767 = DIRECTION ( 'NONE',  ( 0.000000000000000000, -1.000000000000000000, 0.000000000000000000 ) ) ;
#2768 = EDGE_CURVE ( 'NONE', #845, #1286, #897, .T. ) ;
#2769 = SURFACE_STYLE_USAGE ( .BOTH. , #1383 ) ;
#2770 = CARTESIAN_POINT ( 'NONE',  ( 6.782137931756158977, 7.924235418444622425, 7.700000000000000178 ) ) ;
#2771 = CARTESIAN_POINT ( 'NONE',  ( 9.843154327425178707, 5.852079999999935112, 7.700000000000000178 ) ) ;
#2772 = VECTOR ( 'NONE', #2331, 1000.000000000000227 ) ;
#2773 = ORIENTED_EDGE ( 'NONE', *, *, #3030, .F. ) ;
#2774 = ADVANCED_FACE ( 'NONE', ( #457 ), #2344, .F. ) ;
#2775 = FILL_AREA_STYLE_COLOUR ( '', #144 ) ;
#2776 = DIRECTION ( 'NONE',  ( -0.000000000000000000, -0.000000000000000000, -1.000000000000000000 ) ) ;
#2777 = CARTESIAN_POINT ( 'NONE',  ( 14.73625499999999811, 0.4689279999999999005, 0.000000000000000000 ) ) ;
#2778 = DIRECTION ( 'NONE',  ( 1.000000000000000000, -0.000000000000000000, -0.000000000000000000 ) ) ;
#2779 = VERTEX_POINT ( 'NONE', #442 ) ;
#2780 = ORIENTED_EDGE ( 'NONE', *, *, #1103, .T. ) ;
#2781 = CARTESIAN_POINT ( 'NONE',  ( 9.843154327425178707, 5.852079999999935112, 7.700000000000000178 ) ) ;
#2782 = CARTESIAN_POINT ( 'NONE',  ( 5.773716640295499580, 7.924235418444622425, 7.705000000000000071 ) ) ;
#2783 = DIRECTION ( 'NONE',  ( 0.000000000000000000, 0.000000000000000000, 1.000000000000000000 ) ) ;
#2784 = CYLINDRICAL_SURFACE ( 'NONE', #1628, 0.4250000000000000444 ) ;
#2785 = CARTESIAN_POINT ( 'NONE',  ( 4.550076233209272125, 5.852079999999935112, 7.705000000000000071 ) ) ;
#2786 =( NAMED_UNIT ( * ) PLANE_ANGLE_UNIT ( ) SI_UNIT ( $, .RADIAN. ) );
#2787 = DIRECTION ( 'NONE',  ( 0.000000000000000000, 0.000000000000000000, -1.000000000000000000 ) ) ;
#2788 = CARTESIAN_POINT ( 'NONE',  ( 16.75000000000000000, -6.000000000000000000, 3.425000000000000266 ) ) ;
#2789 = EDGE_CURVE ( 'NONE', #2897, #2476, #1672, .T. ) ;
#2790 = ORIENTED_EDGE ( 'NONE', *, *, #926, .F. ) ;
#2791 = ORIENTED_EDGE ( 'NONE', *, *, #311, .F. ) ;
#2792 = DIRECTION ( 'NONE',  ( 0.9999891854650020395, -0.004650693823678666954, 0.000000000000000000 ) ) ;
#2793 = DIRECTION ( 'NONE',  ( -0.000000000000000000, -0.000000000000000000, -1.000000000000000000 ) ) ;
#2794 = UNCERTAINTY_MEASURE_WITH_UNIT (LENGTH_MEASURE( 1.000000000000000082E-05 ), #2707, 'distance_accuracy_value', 'NONE');
#2795 = CARTESIAN_POINT ( 'NONE',  ( 5.773716640295499580, 7.924235418444622425, 7.705000000000000071 ) ) ;
#2796 = DIRECTION ( 'NONE',  ( -0.2760118818968580467, -0.9611542233438684635, 0.000000000000000000 ) ) ;
#2797 = DIRECTION ( 'NONE',  ( -0.4668459304955080436, -0.8843386665637680277, 0.000000000000000000 ) ) ;
#2798 = COLOUR_RGB ( '',0.4980392156862745168, 0.4980392156862745168, 0.4980392156862745168 ) ;
#2799 = SURFACE_SIDE_STYLE ('',( #343 ) ) ;
#2800 = VECTOR ( 'NONE', #1880, 1000.000000000000000 ) ;
#2801 = CARTESIAN_POINT ( 'NONE',  ( 12.29655932587097666, 6.246384432582272161, 7.705000000000000071 ) ) ;
#2802 = ORIENTED_EDGE ( 'NONE', *, *, #2307, .F. ) ;
#2803 = STYLED_ITEM ( 'NONE', ( #1465 ), #831 ) ;
#2804 =( NAMED_UNIT ( * ) SI_UNIT ( $, .STERADIAN. ) SOLID_ANGLE_UNIT ( ) );
#2805 = ADVANCED_FACE ( 'NONE', ( #177 ), #2084, .F. ) ;
#2806 = ORIENTED_EDGE ( 'NONE', *, *, #2555, .T. ) ;
#2807 = DIRECTION ( 'NONE',  ( -0.000000000000000000, 1.000000000000000000, -0.000000000000000000 ) ) ;
#2808 = PRESENTATION_LAYER_ASSIGNMENT (  '', '', ( #921 ) ) ;
#2809 = FILL_AREA_STYLE_COLOUR ( '', #2467 ) ;
#2810 = EDGE_CURVE ( 'NONE', #390, #153, #3043, .T. ) ;
#2811 = FILL_AREA_STYLE ('',( #901 ) ) ;
#2812 = AXIS2_PLACEMENT_3D ( 'NONE', #991, #1969, #709 ) ;
#2813 = VECTOR ( 'NONE', #1545, 1000.000000000000000 ) ;
#2814 = EDGE_CURVE ( 'NONE', #2169, #2426, #1419, .T. ) ;
#2815 = DIRECTION ( 'NONE',  ( 0.000000000000000000, 0.000000000000000000, 1.000000000000000000 ) ) ;
#2816 = CARTESIAN_POINT ( 'NONE',  ( 11.57743352744045318, 7.144321387523858924, 7.705000000000000071 ) ) ;
#2817 = SURFACE_STYLE_FILL_AREA ( #2592 ) ;
#2818 = AXIS2_PLACEMENT_3D ( 'NONE', #162, #2996, #860 ) ;
#2819 = CARTESIAN_POINT ( 'NONE',  ( 4.893068544174322021, 7.040588234581946381, 7.700000000000000178 ) ) ;
#2820 = ORIENTED_EDGE ( 'NONE', *, *, #2363, .F. ) ;
#2821 = VECTOR ( 'NONE', #3051, 1000.000000000000114 ) ;
#2822 = CARTESIAN_POINT ( 'NONE',  ( 0.000000000000000000, 13.09999999999999964, 7.700000000000000178 ) ) ;
#2823 = FILL_AREA_STYLE_COLOUR ( '', #2159 ) ;
#2824 = CARTESIAN_POINT ( 'NONE',  ( 6.888674853712253743, 6.246308825333078296, 7.705000000000000071 ) ) ;
#2825 = VERTEX_POINT ( 'NONE', #194 ) ;
#2826 = SURFACE_STYLE_USAGE ( .BOTH. , #209 ) ;
#2827 = CARTESIAN_POINT ( 'NONE',  ( 8.312976912160237930, 7.924235418444622425, 7.705000000000000071 ) ) ;
#2828 = CARTESIAN_POINT ( 'NONE',  ( 16.75000000000000000, 0.7499999999999997780, 3.425000000000000266 ) ) ;
#2829 = ADVANCED_FACE ( 'NONE', ( #2361 ), #663, .T. ) ;
#2830 = DIRECTION ( 'NONE',  ( 1.000000000000000000, 0.000000000000000000, 1.004666098601887052E-16 ) ) ;
#2831 = EDGE_CURVE ( 'NONE', #2392, #7, #460, .T. ) ;
#2832 = DIRECTION ( 'NONE',  ( -0.000000000000000000, -0.000000000000000000, -1.000000000000000000 ) ) ;
#2833 = ORIENTED_EDGE ( 'NONE', *, *, #2415, .F. ) ;
#2834 = CARTESIAN_POINT ( 'NONE',  ( 5.773716640295499580, 7.924235418444622425, 7.705000000000000071 ) ) ;
#2835 = VERTEX_POINT ( 'NONE', #2556 ) ;
#2836 = LINE ( 'NONE', #2795, #2364 ) ;
#2837 = SURFACE_STYLE_FILL_AREA ( #479 ) ;
#2838 = CARTESIAN_POINT ( 'NONE',  ( 0.6166666050000000343, 0.7500000000000000000, 0.6166666050000000343 ) ) ;
#2839 = EDGE_CURVE ( 'NONE', #1344, #2146, #9, .T. ) ;
#2840 =( NAMED_UNIT ( * ) PLANE_ANGLE_UNIT ( ) SI_UNIT ( $, .RADIAN. ) );
#2841 = ADVANCED_FACE ( 'NONE', ( #1427 ), #1871, .F. ) ;
#2842 = CARTESIAN_POINT ( 'NONE',  ( 18.50000000000000000, 0.000000000000000000, 7.700000000000000178 ) ) ;
#2843 = ORIENTED_EDGE ( 'NONE', *, *, #2973, .T. ) ;
#2844 = AXIS2_PLACEMENT_3D ( 'NONE', #1349, #673, #1624 ) ;
#2845 = DIRECTION ( 'NONE',  ( -0.000000000000000000, 1.000000000000000000, -0.000000000000000000 ) ) ;
#2846 = DIRECTION ( 'NONE',  ( 0.7385882273176024304, -0.6741568292822089914, 7.420345528124593179E-17 ) ) ;
#2847 =( GEOMETRIC_REPRESENTATION_CONTEXT ( 3 ) GLOBAL_UNCERTAINTY_ASSIGNED_CONTEXT ( ( #2086 ) ) GLOBAL_UNIT_ASSIGNED_CONTEXT ( ( #422, #904, #2090 ) ) REPRESENTATION_CONTEXT ( 'NONE', 'WORKASPACE' ) );
#2848 = ORIENTED_EDGE ( 'NONE', *, *, #1605, .T. ) ;
#2849 = CARTESIAN_POINT ( 'NONE',  ( 15.25000000000000000, 1.990051048614449362E-16, 0.000000000000000000 ) ) ;
#2850 = VECTOR ( 'NONE', #1043, 1000.000000000000000 ) ;
#2851 =( NAMED_UNIT ( * ) PLANE_ANGLE_UNIT ( ) SI_UNIT ( $, .RADIAN. ) );
#2852 =( GEOMETRIC_REPRESENTATION_CONTEXT ( 3 ) GLOBAL_UNCERTAINTY_ASSIGNED_CONTEXT ( ( #800 ) ) GLOBAL_UNIT_ASSIGNED_CONTEXT ( ( #1368, #201, #1625 ) ) REPRESENTATION_CONTEXT ( 'NONE', 'WORKASPACE' ) );
#2853 = PRESENTATION_LAYER_ASSIGNMENT (  '', '', ( #2211 ) ) ;
#2854 = CARTESIAN_POINT ( 'NONE',  ( 17.99999999999999645, 13.59999999999999964, 7.200000000000000178 ) ) ;
#2855 = CARTESIAN_POINT ( 'NONE',  ( 0.4999999999999998890, 13.59999999999999964, 7.200000000000000178 ) ) ;
#2856 = ORIENTED_EDGE ( 'NONE', *, *, #1540, .F. ) ;
#2857 = EDGE_CURVE ( 'NONE', #2392, #2050, #2836, .T. ) ;
#2858 = VECTOR ( 'NONE', #2119, 1000.000000000000000 ) ;
#2859 = FACE_OUTER_BOUND ( 'NONE', #1035, .T. ) ;
#2860 = SURFACE_STYLE_USAGE ( .BOTH. , #1482 ) ;
#2861 = VECTOR ( 'NONE', #2950, 1000.000000000000000 ) ;
#2862 = ORIENTED_EDGE ( 'NONE', *, *, #2814, .T. ) ;
#2863 = ORIENTED_EDGE ( 'NONE', *, *, #255, .T. ) ;
#2864 = EDGE_CURVE ( 'NONE', #61, #2185, #230, .T. ) ;
#2865 = PRODUCT_DEFINITION_FORMATION_WITH_SPECIFIED_SOURCE ( 'ANY', '', #2989, .NOT_KNOWN. ) ;
#2866 = DIRECTION ( 'NONE',  ( -0.2762437428917223214, -0.9610876102172850599, 0.000000000000000000 ) ) ;
#2867 = CARTESIAN_POINT ( 'NONE',  ( 3.250000000000000444, 1.990051048614449362E-16, 0.6166666049999998123 ) ) ;
#2868 = CARTESIAN_POINT ( 'NONE',  ( 4.550076233209272125, 5.852079999999935112, 7.700000000000000178 ) ) ;
#2869 = LINE ( 'NONE', #2161, #2766 ) ;
#2870 = SURFACE_STYLE_FILL_AREA ( #301 ) ;
#2871 = FACE_OUTER_BOUND ( 'NONE', #1056, .T. ) ;
#2872 = EDGE_LOOP ( 'NONE', ( #615, #1048, #816, #2970, #294, #2004, #2958, #718, #2474, #1310, #1503, #250, #1761, #1497, #1693, #616, #1387, #2736, #2710, #1448, #2671, #2969, #2724 ) ) ;
#2873 = DIRECTION ( 'NONE',  ( -0.9610674221107073922, 0.2763139702539113007, 0.000000000000000000 ) ) ;
#2874 = DIRECTION ( 'NONE',  ( -1.000000000000000000, 0.000000000000000000, 0.000000000000000000 ) ) ;
#2875 = EDGE_CURVE ( 'NONE', #922, #1688, #2979, .T. ) ;
#2876 = ORIENTED_EDGE ( 'NONE', *, *, #2990, .F. ) ;
#2877 = CARTESIAN_POINT ( 'NONE',  ( 6.185855018147796258, 5.852079999999934223, 7.705000000000000071 ) ) ;
#2878 = VERTEX_POINT ( 'NONE', #2071 ) ;
#2879 = FACE_OUTER_BOUND ( 'NONE', #2757, .T. ) ;
#2880 = ADVANCED_FACE ( 'NONE', ( #1165 ), #655, .F. ) ;
#2881 = ORIENTED_EDGE ( 'NONE', *, *, #1809, .T. ) ;
#2882 = CARTESIAN_POINT ( 'NONE',  ( 5.954670000681733022, 5.852079999999936000, 7.700000000000000178 ) ) ;
#2883 = SURFACE_SIDE_STYLE ('',( #63 ) ) ;
#2884 = CARTESIAN_POINT ( 'NONE',  ( 11.68958428804255867, 7.529741967723015961, 7.700000000000000178 ) ) ;
#2885 = LINE ( 'NONE', #286, #2110 ) ;
#2886 = CARTESIAN_POINT ( 'NONE',  ( 16.75000000000000000, -6.000000000000000000, 3.850000000000000089 ) ) ;
#2887 = ORIENTED_EDGE ( 'NONE', *, *, #2457, .T. ) ;
#2888 = DIRECTION ( 'NONE',  ( -0.000000000000000000, -0.000000000000000000, 1.000000000000000000 ) ) ;
#2889 = CARTESIAN_POINT ( 'NONE',  ( 17.99999999999999645, 13.59999999999999964, 0.5000000000000004441 ) ) ;
#2890 = LINE ( 'NONE', #761, #217 ) ;
#2891 = ORIENTED_EDGE ( 'NONE', *, *, #271, .F. ) ;
#2892 = VECTOR ( 'NONE', #692, 1000.000000000000000 ) ;
#2893 = EDGE_CURVE ( 'NONE', #2825, #1538, #1183, .T. ) ;
#2894 = CARTESIAN_POINT ( 'NONE',  ( 5.488299253503965858, 6.977204153019552102, 7.700000000000000178 ) ) ;
#2895 = DIRECTION ( 'NONE',  ( -0.2746918797667270429, -0.9615323037684286867, 0.000000000000000000 ) ) ;
#2896 = AXIS2_PLACEMENT_3D ( 'NONE', #2552, #429, #195 ) ;
#2897 = VERTEX_POINT ( 'NONE', #2303 ) ;
#2898 = LINE ( 'NONE', #360, #2945 ) ;
#2899 =( GEOMETRIC_REPRESENTATION_CONTEXT ( 3 ) GLOBAL_UNCERTAINTY_ASSIGNED_CONTEXT ( ( #1519 ) ) GLOBAL_UNIT_ASSIGNED_CONTEXT ( ( #1449, #2168, #1014 ) ) REPRESENTATION_CONTEXT ( 'NONE', 'WORKASPACE' ) );
#2900 = EDGE_CURVE ( 'NONE', #1082, #2039, #1842, .T. ) ;
#2901 = EDGE_CURVE ( 'NONE', #1819, #971, #412, .T. ) ;
#2902 = VECTOR ( 'NONE', #2903, 1000.000000000000000 ) ;
#2903 = DIRECTION ( 'NONE',  ( 1.000000000000000000, 0.000000000000000000, 0.000000000000000000 ) ) ;
#2904 = SURFACE_SIDE_STYLE ('',( #1920 ) ) ;
#2905 = MECHANICAL_DESIGN_GEOMETRIC_PRESENTATION_REPRESENTATION (  '', ( #480 ), #1225 ) ;
#2906 = ORIENTED_EDGE ( 'NONE', *, *, #847, .F. ) ;
#2907 = ORIENTED_EDGE ( 'NONE', *, *, #2053, .F. ) ;
#2908 = CARTESIAN_POINT ( 'NONE',  ( 9.843154327425178707, 5.852079999999935112, 7.705000000000000071 ) ) ;
#2909 = VECTOR ( 'NONE', #2036, 1000.000000000000000 ) ;
#2910 = CARTESIAN_POINT ( 'NONE',  ( 8.034099554527626807, 7.144390694176951051, 7.705000000000000071 ) ) ;
#2911 = EDGE_LOOP ( 'NONE', ( #1670, #2732, #1769, #2684 ) ) ;
#2912 = VECTOR ( 'NONE', #1369, 1000.000000000000000 ) ;
#2913 = FILL_AREA_STYLE_COLOUR ( '', #2751 ) ;
#2914 = PRESENTATION_LAYER_ASSIGNMENT (  '', '', ( #44 ) ) ;
#2915 = UNCERTAINTY_MEASURE_WITH_UNIT (LENGTH_MEASURE( 1.000000000000000082E-05 ), #2434, 'distance_accuracy_value', 'NONE');
#2916 = EDGE_LOOP ( 'NONE', ( #1450, #2353, #1508, #1437, #677, #346, #548, #553 ) ) ;
#2917 = EDGE_CURVE ( 'NONE', #512, #2927, #930, .T. ) ;
#2918 = CARTESIAN_POINT ( 'NONE',  ( 10.96548101203375403, 7.924235418444622425, 7.705000000000000071 ) ) ;
#2919 = DIRECTION ( 'NONE',  ( -0.000000000000000000, -0.000000000000000000, -1.000000000000000000 ) ) ;
#2920 = VERTEX_POINT ( 'NONE', #1138 ) ;
#2921 = CARTESIAN_POINT ( 'NONE',  ( 17.88333339499999752, 0.7500000000000000000, 0.6166666050000000343 ) ) ;
#2922 = SURFACE_STYLE_USAGE ( .BOTH. , #1987 ) ;
#2923 =( LENGTH_UNIT ( ) NAMED_UNIT ( * ) SI_UNIT ( .MILLI., .METRE. ) );
#2924 = LINE ( 'NONE', #56, #672 ) ;
#2925 = ORIENTED_EDGE ( 'NONE', *, *, #2074, .F. ) ;
#2926 = VERTEX_POINT ( 'NONE', #2114 ) ;
#2927 = VERTEX_POINT ( 'NONE', #2099 ) ;
#2928 = LINE ( 'NONE', #1270, #183 ) ;
#2929 = EDGE_CURVE ( 'NONE', #81, #1355, #3021, .T. ) ;
#2930 = LINE ( 'NONE', #822, #268 ) ;
#2931 = DIRECTION ( 'NONE',  ( -0.000000000000000000, -0.000000000000000000, 1.000000000000000000 ) ) ;
#2932 = ORIENTED_EDGE ( 'NONE', *, *, #2789, .F. ) ;
#2933 = ADVANCED_FACE ( 'NONE', ( #1890 ), #3033, .F. ) ;
#2934 = CARTESIAN_POINT ( 'NONE',  ( 8.844489607891244276, 5.852079999999935112, 7.700000000000000178 ) ) ;
#2935 = ORIENTED_EDGE ( 'NONE', *, *, #889, .T. ) ;
#2936 = ORIENTED_EDGE ( 'NONE', *, *, #682, .F. ) ;
#2937 = EDGE_CURVE ( 'NONE', #2050, #2440, #1617, .T. ) ;
#2938 = VECTOR ( 'NONE', #2355, 999.9999999999998863 ) ;
#2939 = ORIENTED_EDGE ( 'NONE', *, *, #17, .F. ) ;
#2940 = VECTOR ( 'NONE', #2931, 1000.000000000000000 ) ;
#2941 =( NAMED_UNIT ( * ) SI_UNIT ( $, .STERADIAN. ) SOLID_ANGLE_UNIT ( ) );
#2942 = VECTOR ( 'NONE', #1778, 1000.000000000000000 ) ;
#2943 = MANIFOLD_SOLID_BREP ( 'Body-Move/Copy1[2]', #2107 ) ;
#2944 = ORIENTED_EDGE ( 'NONE', *, *, #2363, .T. ) ;
#2945 = VECTOR ( 'NONE', #605, 1000.000000000000000 ) ;
#2946 = CARTESIAN_POINT ( 'NONE',  ( 12.18467319065931598, 5.852079999999936000, 7.700000000000000178 ) ) ;
#2947 = CARTESIAN_POINT ( 'NONE',  ( 0.000000000000000000, 0.000000000000000000, 0.000000000000000000 ) ) ;
#2948 = ORIENTED_EDGE ( 'NONE', *, *, #594, .F. ) ;
#2949 = VECTOR ( 'NONE', #1304, 1000.000000000000000 ) ;
#2950 = DIRECTION ( 'NONE',  ( -0.2763173343569615414, -0.9610664548999008350, 0.000000000000000000 ) ) ;
#2951 = CARTESIAN_POINT ( 'NONE',  ( 14.42659749408573688, 7.524095690271837888, 7.705000000000000071 ) ) ;
#2952 = DIRECTION ( 'NONE',  ( 1.000000000000000000, 0.000000000000000000, 0.000000000000000000 ) ) ;
#2953 = VECTOR ( 'NONE', #1431, 1000.000000000000000 ) ;
#2954 = EDGE_CURVE ( 'NONE', #804, #666, #911, .T. ) ;
#2955 = ORIENTED_EDGE ( 'NONE', *, *, #373, .F. ) ;
#2956 = VERTEX_POINT ( 'NONE', #2626 ) ;
#2957 = COLOUR_RGB ( '',0.4980392156862745168, 0.4980392156862745168, 0.4980392156862745168 ) ;
#2958 = ORIENTED_EDGE ( 'NONE', *, *, #501, .T. ) ;
#2959 = AXIS2_PLACEMENT_3D ( 'NONE', #886, #2557, #2072 ) ;
#2960 = PRESENTATION_LAYER_ASSIGNMENT (  '', '', ( #2564 ) ) ;
#2961 = LINE ( 'NONE', #2712, #1525 ) ;
#2962 = AXIS2_PLACEMENT_3D ( 'NONE', #954, #1854, #678 ) ;
#2963 = FACE_OUTER_BOUND ( 'NONE', #312, .T. ) ;
#2964 = ORIENTED_EDGE ( 'NONE', *, *, #1747, .F. ) ;
#2965 = LINE ( 'NONE', #1058, #315 ) ;
#2966 = CARTESIAN_POINT ( 'NONE',  ( 17.88333339499999752, 0.7500000000000000000, 7.083333395000000365 ) ) ;
#2967 = DIRECTION ( 'NONE',  ( 0.000000000000000000, -1.000000000000000000, 0.000000000000000000 ) ) ;
#2968 = ORIENTED_EDGE ( 'NONE', *, *, #2713, .T. ) ;
#2969 = ORIENTED_EDGE ( 'NONE', *, *, #2249, .T. ) ;
#2970 = ORIENTED_EDGE ( 'NONE', *, *, #566, .T. ) ;
#2971 = ADVANCED_FACE ( 'NONE', ( #1287 ), #47, .F. ) ;
#2972 = CARTESIAN_POINT ( 'NONE',  ( 4.556351636983046127, 7.924235418444622425, 7.705000000000000071 ) ) ;
#2973 = EDGE_CURVE ( 'NONE', #239, #1082, #2020, .T. ) ;
#2974 = LINE ( 'NONE', #552, #40 ) ;
#2975 = LINE ( 'NONE', #1808, #3039 ) ;
#2976 = CARTESIAN_POINT ( 'NONE',  ( 14.73625499999999811, 0.4689279999999999005, 7.083333394999998589 ) ) ;
#2977 = CARTESIAN_POINT ( 'NONE',  ( 15.25000000000000000, 1.990051048614449362E-16, 7.700000000000000178 ) ) ;
#2978 = ORIENTED_EDGE ( 'NONE', *, *, #1605, .F. ) ;
#2979 =( BOUNDED_CURVE ( )  B_SPLINE_CURVE ( 3, ( #2128, #2602, #2088, #478 ),
 .UNSPECIFIED., .F., .T. ) 
 B_SPLINE_CURVE_WITH_KNOTS ( ( 4, 4 ),
 ( 1.570796326794896780, 3.141592653589793116 ),
 .UNSPECIFIED. ) 
 CURVE ( )  GEOMETRIC_REPRESENTATION_ITEM ( )  RATIONAL_B_SPLINE_CURVE ( ( 1.000000000000000000, 0.8047378541243650485, 0.8047378541243650485, 1.000000000000000000 ) ) 
 REPRESENTATION_ITEM ( '' )  );
#2980 = DIRECTION ( 'NONE',  ( -0.6741568292822091024, 0.7385882273176025414, 0.000000000000000000 ) ) ;
#2981 = CARTESIAN_POINT ( 'NONE',  ( 12.63916099769774704, 7.527070511402368602, 7.705000000000000071 ) ) ;
#2982 = LINE ( 'NONE', #632, #2306 ) ;
#2983 = DIRECTION ( 'NONE',  ( -0.7385882273176024304, -0.6741568292822089914, -0.000000000000000000 ) ) ;
#2984 = ORIENTED_EDGE ( 'NONE', *, *, #1483, .F. ) ;
#2985 = EDGE_LOOP ( 'NONE', ( #1660, #976, #2456, #331 ) ) ;
#2986 = ORIENTED_EDGE ( 'NONE', *, *, #434, .F. ) ;
#2987 = EDGE_CURVE ( 'NONE', #841, #1356, #33, .T. ) ;
#2988 = DIRECTION ( 'NONE',  ( 0.05375259206908576670, 0.9985542843760946141, 0.000000000000000000 ) ) ;
#2989 = PRODUCT ( 'CFR_RB2_18X13.5X7.5_L18.5H13.6T7.7S15LL6F0.85', 'CFR_RB2_18X13.5X7.5_L18.5H13.6T7.7S15LL6F0.85', '', ( #2734 ) ) ;
#2990 = EDGE_CURVE ( 'NONE', #738, #2585, #957, .T. ) ;
#2991 = CARTESIAN_POINT ( 'NONE',  ( 18.50000000000000000, 13.09999999999999964, 0.000000000000000000 ) ) ;
#2992 = STYLED_ITEM ( 'NONE', ( #702 ), #394 ) ;
#2993 = ORIENTED_EDGE ( 'NONE', *, *, #2165, .F. ) ;
#2994 =( GEOMETRIC_REPRESENTATION_CONTEXT ( 3 ) GLOBAL_UNCERTAINTY_ASSIGNED_CONTEXT ( ( #1771 ) ) GLOBAL_UNIT_ASSIGNED_CONTEXT ( ( #564, #1280, #815 ) ) REPRESENTATION_CONTEXT ( 'NONE', 'WORKASPACE' ) );
#2995 = CARTESIAN_POINT ( 'NONE',  ( 17.88333339499999752, 0.7500000000000000000, 0.6166666050000000343 ) ) ;
#2996 = DIRECTION ( 'NONE',  ( 0.9984327301130240251, -0.05596501978069370192, 0.000000000000000000 ) ) ;
#2997 = CARTESIAN_POINT ( 'NONE',  ( 0.000000000000000000, 13.09999999999999964, 7.700000000000000178 ) ) ;
#2998 = LINE ( 'NONE', #878, #1509 ) ;
#2999 = VECTOR ( 'NONE', #861, 1000.000000000000114 ) ;
#3000 = ORIENTED_EDGE ( 'NONE', *, *, #2618, .F. ) ;
#3001 = ORIENTED_EDGE ( 'NONE', *, *, #2987, .T. ) ;
#3002 = VECTOR ( 'NONE', #1025, 1000.000000000000227 ) ;
#3003 = SURFACE_STYLE_USAGE ( .BOTH. , #1501 ) ;
#3004 = UNCERTAINTY_MEASURE_WITH_UNIT (LENGTH_MEASURE( 1.000000000000000082E-05 ), #2176, 'distance_accuracy_value', 'NONE');
#3005 = DIRECTION ( 'NONE',  ( -0.9619530280415483636, 0.2732148821746286371, 0.000000000000000000 ) ) ;
#3006 = CARTESIAN_POINT ( 'NONE',  ( 6.782137931756158977, 7.924235418444622425, 7.705000000000000071 ) ) ;
#3007 = AXIS2_PLACEMENT_3D ( 'NONE', #2540, #1139, #656 ) ;
#3008 = VECTOR ( 'NONE', #2753, 1000.000000000000114 ) ;
#3009 = DIRECTION ( 'NONE',  ( 0.000000000000000000, -0.000000000000000000, -1.000000000000000000 ) ) ;
#3010 = FILL_AREA_STYLE ('',( #1123 ) ) ;
#3011 = EDGE_CURVE ( 'NONE', #1644, #50, #2660, .T. ) ;
#3012 = MANIFOLD_SOLID_BREP ( 'Fillet1', #1912 ) ;
#3013 = ADVANCED_FACE ( 'NONE', ( #1222 ), #1205, .F. ) ;
#3014 = CARTESIAN_POINT ( 'NONE',  ( 8.037363267667190669, 6.246308825333078296, 7.705000000000000071 ) ) ;
#3015 = EDGE_LOOP ( 'NONE', ( #407, #2773, #856, #2384 ) ) ;
#3016 = VERTEX_POINT ( 'NONE', #719 ) ;
#3017 = ORIENTED_EDGE ( 'NONE', *, *, #2439, .F. ) ;
#3018 = APPLICATION_CONTEXT ( 'automotive_design' ) ;
#3019 = CARTESIAN_POINT ( 'NONE',  ( 0.6166666050000000343, 0.7500000000000000000, 0.6166666050000000343 ) ) ;
#3020 = DIRECTION ( 'NONE',  ( 0.000000000000000000, 0.000000000000000000, -1.000000000000000000 ) ) ;
#3021 = LINE ( 'NONE', #900, #727 ) ;
#3022 = PLANE ( 'NONE',  #1775 ) ;
#3023 = MANIFOLD_SOLID_BREP ( 'Body-Move/Copy1[1]', #72 ) ;
#3024 =( NAMED_UNIT ( * ) SI_UNIT ( $, .STERADIAN. ) SOLID_ANGLE_UNIT ( ) );
#3025 = EDGE_CURVE ( 'NONE', #2476, #81, #2531, .T. ) ;
#3026 = DIRECTION ( 'NONE',  ( 0.2793947940878294123, 0.9601763114327593884, 0.000000000000000000 ) ) ;
#3027 = PRESENTATION_STYLE_ASSIGNMENT (( #1905 ) ) ;
#3028 = FACE_OUTER_BOUND ( 'NONE', #2106, .T. ) ;
#3029 = ORIENTED_EDGE ( 'NONE', *, *, #2917, .T. ) ;
#3030 = EDGE_CURVE ( 'NONE', #1243, #2169, #734, .T. ) ;
#3031 = DIRECTION ( 'NONE',  ( 0.4443210308329518798, 0.8958676361826801715, 0.000000000000000000 ) ) ;
#3032 = EDGE_LOOP ( 'NONE', ( #2255, #2247, #2115, #1521 ) ) ;
#3033 = PLANE ( 'NONE',  #2715 ) ;
#3034 = CARTESIAN_POINT ( 'NONE',  ( 12.63916099769774704, 7.527070511402368602, 7.705000000000000071 ) ) ;
#3035 =( LENGTH_UNIT ( ) NAMED_UNIT ( * ) SI_UNIT ( .MILLI., .METRE. ) );
#3036 = LINE ( 'NONE', #2770, #1455 ) ;
#3037 = VECTOR ( 'NONE', #214, 1000.000000000000114 ) ;
#3038 = CARTESIAN_POINT ( 'NONE',  ( 0.000000000000000000, 0.000000000000000000, 7.700000000000000178 ) ) ;
#3039 = VECTOR ( 'NONE', #625, 1000.000000000000227 ) ;
#3040 = CARTESIAN_POINT ( 'NONE',  ( 11.32113753644195775, 6.246384432582272161, 7.705000000000000071 ) ) ;
#3041 = ORIENTED_EDGE ( 'NONE', *, *, #2864, .F. ) ;
#3042 = VECTOR ( 'NONE', #2149, 1000.000000000000000 ) ;
#3043 = LINE ( 'NONE', #223, #1728 ) ;
#3044 = PLANE ( 'NONE',  #2896 ) ;
#3045 = VECTOR ( 'NONE', #2164, 1000.000000000000000 ) ;
#3046 = EDGE_CURVE ( 'NONE', #993, #2506, #2489, .T. ) ;
#3047 = CARTESIAN_POINT ( 'NONE',  ( 8.844489607891244276, 5.852079999999935112, 7.705000000000000071 ) ) ;
#3048 = LINE ( 'NONE', #1647, #174 ) ;
#3049 = ORIENTED_EDGE ( 'NONE', *, *, #2197, .T. ) ;
#3050 = VERTEX_POINT ( 'NONE', #1834 ) ;
#3051 = DIRECTION ( 'NONE',  ( 0.2793947940814923148, 0.9601763114346033579, 0.000000000000000000 ) ) ;
#3052 = DIRECTION ( 'NONE',  ( 0.000000000000000000, 0.000000000000000000, -1.000000000000000000 ) ) ;
#3053 = LINE ( 'NONE', #1319, #309 ) ;
#3054 = VECTOR ( 'NONE', #376, 1000.000000000000000 ) ;
#3055 = CARTESIAN_POINT ( 'NONE',  ( 18.50000000000000000, 0.000000000000000000, 7.700000000000000178 ) ) ;
#3056 = VECTOR ( 'NONE', #803, 1000.000000000000000 ) ;
#3057 = PRESENTATION_STYLE_ASSIGNMENT (( #2268 ) ) ;
#3058 = FILL_AREA_STYLE_COLOUR ( '', #82 ) ;
#3059 = VECTOR ( 'NONE', #197, 1000.000000000000114 ) ;
#3060 = DIRECTION ( 'NONE',  ( 0.002813301676021314271, 0.9999960426590096541, -0.000000000000000000 ) ) ;
ENDSEC;
END-ISO-10303-21;
