ISO-10303-21;
HEADER;
FILE_DESCRIPTION (( 'STEP AP214' ),
    '1' );
FILE_NAME ('829B6730-DA9D-4D83-807B-5086D1A4ACC1.STEP',
    '2026-05-08T16:30:56',
    ( '' ),
    ( '' ),
    'SwSTEP 2.0',
    'SolidWorks 2022',
    '' );
FILE_SCHEMA (( 'AUTOMOTIVE_DESIGN' ));
ENDSEC;

DATA;
#1 = ADVANCED_FACE ( 'NONE', ( #2668 ), #315, .F. ) ;
#2 = CARTESIAN_POINT ( 'NONE',  ( -66.80599676638300366, -1.150937614440906476, 9.026923208251265152 ) ) ;
#3 = EDGE_CURVE ( 'NONE', #2532, #6161, #1791, .T. ) ;
#4 = CARTESIAN_POINT ( 'NONE',  ( -64.58904986789789859, -5.238804307597320964, 7.194784877027243120 ) ) ;
#5 = CYLINDRICAL_SURFACE ( 'NONE', #4678, 0.9710457838053160318 ) ;
#6 = CARTESIAN_POINT ( 'NONE',  ( -67.41189259971629610, 6.103937156677250897, 6.749218561236181912 ) ) ;
#7 = AXIS2_PLACEMENT_3D ( 'NONE', #3452, #7390, #1625 ) ;
#8 = ORIENTED_EDGE ( 'NONE', *, *, #477, .T. ) ;
#9 = CARTESIAN_POINT ( 'NONE',  ( -67.36915619414021705, 2.511076533017551959, 8.746684780265537640 ) ) ;
#10 = ORIENTED_EDGE ( 'NONE', *, *, #2719, .T. ) ;
#11 = VERTEX_POINT ( 'NONE', #6501 ) ;
#12 = ORIENTED_EDGE ( 'NONE', *, *, #5129, .F. ) ;
#13 = CARTESIAN_POINT ( 'NONE',  ( -66.73507367261663603, -3.994078829598957991, 8.176865505800428480 ) ) ;
#14 = DIRECTION ( 'NONE',  ( 0.0000000000000000000, 0.0000000000000000000, 1.000000000000000000 ) ) ;
#15 = EDGE_CURVE ( 'NONE', #6294, #2259, #4877, .T. ) ;
#16 = AXIS2_PLACEMENT_3D ( 'NONE', #2816, #6267, #578 ) ;
#17 = AXIS2_PLACEMENT_3D ( 'NONE', #5086, #4450, #1159 ) ;
#18 = PLANE ( 'NONE',  #2639 ) ;
#19 = CARTESIAN_POINT ( 'NONE',  ( -71.30020535340770493, 1.612270057102940024, 8.752747298018467959 ) ) ;
#20 = ORIENTED_EDGE ( 'NONE', *, *, #1421, .F. ) ;
#21 = CARTESIAN_POINT ( 'NONE',  ( -103.2999999999999972, 0.2000000000000000111, -6.313054249604605880E-15 ) ) ;
#22 = CARTESIAN_POINT ( 'NONE',  ( -67.09269244943551769, 3.069595406945620830, 8.353896338694811519 ) ) ;
#23 = VERTEX_POINT ( 'NONE', #4309 ) ;
#24 = EDGE_CURVE ( 'NONE', #5837, #5229, #233, .T. ) ;
#25 = AXIS2_PLACEMENT_3D ( 'NONE', #6697, #1527, #6668 ) ;
#26 = ORIENTED_EDGE ( 'NONE', *, *, #3925, .T. ) ;
#27 = EDGE_CURVE ( 'NONE', #1651, #6616, #5405, .T. ) ;
#28 = MECHANICAL_DESIGN_GEOMETRIC_PRESENTATION_REPRESENTATION (  '', ( #6495 ), #2304 ) ;
#29 = DIRECTION ( 'NONE',  ( 0.0000000000000000000, 0.0000000000000000000, -1.000000000000000000 ) ) ;
#30 = CARTESIAN_POINT ( 'NONE',  ( -64.77395546497918133, 1.942041475931834071, -10.09999999999999964 ) ) ;
#31 = CARTESIAN_POINT ( 'NONE',  ( -67.20064769194323162, 0.004550825654143781339, 9.100000000000012079 ) ) ;
#32 = CARTESIAN_POINT ( 'NONE',  ( -67.14515915869129969, 1.895018836678460161, -10.09999999999999964 ) ) ;
#33 = CARTESIAN_POINT ( 'NONE',  ( -65.15219588181376764, 2.609723154794602706, 8.717760323347340190 ) ) ;
#34 = CARTESIAN_POINT ( 'NONE',  ( -64.80574676638303799, -4.686556477451881086, -10.09999999999999964 ) ) ;
#35 = ORIENTED_EDGE ( 'NONE', *, *, #4669, .T. ) ;
#36 = EDGE_LOOP ( 'NONE', ( #6549, #918, #6920, #2346 ) ) ;
#37 = AXIS2_PLACEMENT_3D ( 'NONE', #6009, #875, #2602 ) ;
#38 = B_SPLINE_CURVE_WITH_KNOTS ( 'NONE', 3,
 ( #4640, #6986, #1793, #151 ),
 .UNSPECIFIED., .F., .F.,
 ( 4, 4 ),
 ( 7.061944005034735022E-17, 0.0001931720169440431193 ),
 .UNSPECIFIED. ) ;
#39 = CYLINDRICAL_SURFACE ( 'NONE', #1208, 0.5416892614976409615 ) ;
#40 = EDGE_CURVE ( 'NONE', #5932, #3549, #6951, .T. ) ;
#41 = CARTESIAN_POINT ( 'NONE',  ( -64.52133798998870873, -4.319385618332157506, 7.781887530825075672 ) ) ;
#42 = AXIS2_PLACEMENT_3D ( 'NONE', #6094, #1041, #4448 ) ;
#43 = FACE_OUTER_BOUND ( 'NONE', #5603, .T. ) ;
#44 = CARTESIAN_POINT ( 'NONE',  ( -66.28224579161698671, 1.439932750908761605, 8.985354398845965207 ) ) ;
#45 = DIRECTION ( 'NONE',  ( -0.0000000000000000000, -0.0000000000000000000, -1.000000000000000000 ) ) ;
#46 = CARTESIAN_POINT ( 'NONE',  ( -65.58725965724809726, -5.920358933725828443, 6.910813996618123234 ) ) ;
#47 = EDGE_LOOP ( 'NONE', ( #5726, #306, #6088, #2391 ) ) ;
#48 = DIRECTION ( 'NONE',  ( -0.0000000000000000000, -0.0000000000000000000, -1.000000000000000000 ) ) ;
#49 = CARTESIAN_POINT ( 'NONE',  ( -67.41189259971629610, -1.184465270464412079, 8.820830007604946843 ) ) ;
#50 = DIRECTION ( 'NONE',  ( 0.0000000000000000000, 0.0000000000000000000, 1.000000000000000000 ) ) ;
#51 = B_SPLINE_CURVE_WITH_KNOTS ( 'NONE', 3,
 ( #6804, #6843, #1706, #1816 ),
 .UNSPECIFIED., .F., .F.,
 ( 4, 4 ),
 ( 5.703364792288888963E-15, 0.0001661674581226780818 ),
 .UNSPECIFIED. ) ;
#52 = VERTEX_POINT ( 'NONE', #6529 ) ;
#53 = DIRECTION ( 'NONE',  ( -1.000000000000000000, -0.0000000000000000000, 1.836970198721029934E-16 ) ) ;
#54 = EDGE_CURVE ( 'NONE', #3742, #3241, #6578, .T. ) ;
#55 = ORIENTED_EDGE ( 'NONE', *, *, #1171, .F. ) ;
#56 = ORIENTED_EDGE ( 'NONE', *, *, #1182, .T. ) ;
#57 = ORIENTED_EDGE ( 'NONE', *, *, #6483, .T. ) ;
#58 = CARTESIAN_POINT ( 'NONE',  ( -64.67012716744095258, -5.385283857223532422, -10.09999999999999964 ) ) ;
#59 = DIRECTION ( 'NONE',  ( -0.0000000000000000000, -0.0000000000000000000, -1.000000000000000000 ) ) ;
#60 = CARTESIAN_POINT ( 'NONE',  ( -67.27510060475498221, 0.09443096595319473707, 9.099622184055645491 ) ) ;
#61 = EDGE_CURVE ( 'NONE', #440, #7397, #4273, .T. ) ;
#62 = CARTESIAN_POINT ( 'NONE',  ( -66.96605320155046570, 2.061987744806666356, 8.657840755076712469 ) ) ;
#63 = ORIENTED_EDGE ( 'NONE', *, *, #3901, .T. ) ;
#64 = ORIENTED_EDGE ( 'NONE', *, *, #695, .F. ) ;
#65 = DIRECTION ( 'NONE',  ( 1.000000000000000000, -1.160471122613969985E-16, 0.0000000000000000000 ) ) ;
#66 = LINE ( 'NONE', #6932, #5630 ) ;
#67 = CARTESIAN_POINT ( 'NONE',  ( -66.69681885467522875, 3.381374809265330850, 8.232636539971021961 ) ) ;
#68 = CARTESIAN_POINT ( 'NONE',  ( -65.75358379238356576, 3.269755561763377116, 8.277602223247843227 ) ) ;
#69 = DIRECTION ( 'NONE',  ( 0.0000000000000000000, 0.0000000000000000000, 1.000000000000000000 ) ) ;
#70 = EDGE_CURVE ( 'NONE', #4814, #2752, #6939, .T. ) ;
#71 = CARTESIAN_POINT ( 'NONE',  ( -64.52793426638299934, 4.680478823343920070, -10.09999999999999964 ) ) ;
#72 = DIRECTION ( 'NONE',  ( 0.0000000000000000000, 0.0000000000000000000, 1.000000000000000000 ) ) ;
#73 = ORIENTED_EDGE ( 'NONE', *, *, #2534, .T. ) ;
#74 = ORIENTED_EDGE ( 'NONE', *, *, #5361, .F. ) ;
#75 = CARTESIAN_POINT ( 'NONE',  ( -66.22652097133905613, 3.639691851795119781, 8.121777255684428098 ) ) ;
#76 = AXIS2_PLACEMENT_3D ( 'NONE', #5370, #2413, #3640 ) ;
#77 = EDGE_CURVE ( 'NONE', #470, #1395, #5060, .T. ) ;
#78 = EDGE_CURVE ( 'NONE', #6969, #4210, #4422, .T. ) ;
#79 = AXIS2_PLACEMENT_3D ( 'NONE', #2064, #1545, #6115 ) ;
#80 = ORIENTED_EDGE ( 'NONE', *, *, #6850, .F. ) ;
#81 = CARTESIAN_POINT ( 'NONE',  ( -66.84358491958616355, 3.707815267177426488, 8.090987010848467165 ) ) ;
#82 = STYLED_ITEM ( 'NONE', ( #1573 ), #476 ) ;
#83 = CARTESIAN_POINT ( 'NONE',  ( -65.93034995836477208, 3.436069172315416420, 8.426353223255233615 ) ) ;
#84 = CARTESIAN_POINT ( 'NONE',  ( -67.42555584070946395, -4.328001787416488888, 7.777071597256990820 ) ) ;
#85 = CARTESIAN_POINT ( 'NONE',  ( -66.94076318105176426, 3.667426814537572355, 8.328263958353565144 ) ) ;
#86 = ORIENTED_EDGE ( 'NONE', *, *, #3933, .F. ) ;
#87 = DIRECTION ( 'NONE',  ( -1.000000000000000000, 0.0000000000000000000, 0.0000000000000000000 ) ) ;
#88 = EDGE_LOOP ( 'NONE', ( #4486, #3878, #4885, #6274 ) ) ;
#89 = ORIENTED_EDGE ( 'NONE', *, *, #7325, .T. ) ;
#90 = DIRECTION ( 'NONE',  ( 1.000000000000000000, -1.160471122613969985E-16, 0.0000000000000000000 ) ) ;
#91 = CARTESIAN_POINT ( 'NONE',  ( -66.22685121159874200, 1.417326772162065041, 8.786450340582195651 ) ) ;
#92 = ORIENTED_EDGE ( 'NONE', *, *, #7418, .T. ) ;
#93 = DIRECTION ( 'NONE',  ( 6.123233995736759873E-17, 6.123233995736740151E-17, -1.000000000000000000 ) ) ;
#94 = CARTESIAN_POINT ( 'NONE',  ( -66.12891687290333209, 3.168607782405350015, 8.530718720997391813 ) ) ;
#95 = ORIENTED_EDGE ( 'NONE', *, *, #193, .T. ) ;
#96 = EDGE_CURVE ( 'NONE', #2253, #4013, #5024, .T. ) ;
#97 = EDGE_CURVE ( 'NONE', #2018, #4080, #3817, .T. ) ;
#98 = PRODUCT_RELATED_PRODUCT_CATEGORY ( 'part', '', ( #4130 ) ) ;
#99 = CARTESIAN_POINT ( 'NONE',  ( -66.98421006156468138, 0.2505633063219186440, 9.096549787118480168 ) ) ;
#100 = CARTESIAN_POINT ( 'NONE',  ( -66.62235942056270233, 3.730624809265144837, -10.09999999999999964 ) ) ;
#101 = LINE ( 'NONE', #4597, #4949 ) ;
#102 = DIRECTION ( 'NONE',  ( 0.0000000000000000000, -0.0000000000000000000, -1.000000000000000000 ) ) ;
#103 = CARTESIAN_POINT ( 'NONE',  ( -65.12313141936246552, 2.578187766725625885, 8.518452668864203048 ) ) ;
#104 = ORIENTED_EDGE ( 'NONE', *, *, #631, .T. ) ;
#105 = ORIENTED_EDGE ( 'NONE', *, *, #6701, .T. ) ;
#106 = CARTESIAN_POINT ( 'NONE',  ( -67.07058009971629531, 4.680478823343920070, -10.09999999999999964 ) ) ;
#107 = EDGE_CURVE ( 'NONE', #1239, #6200, #4334, .T. ) ;
#108 = SURFACE_STYLE_USAGE ( .BOTH. , #2433 ) ;
#109 = CARTESIAN_POINT ( 'NONE',  ( -66.82348332693260318, 1.121014632267345768, -10.09999999999999964 ) ) ;
#110 = FACE_OUTER_BOUND ( 'NONE', #6513, .T. ) ;
#111 = CLOSED_SHELL ( 'NONE', ( #346, #4818, #6333, #5801, #4641, #4684, #3934, #3542, #5780, #3796, #3664, #1334, #1560, #439, #4934, #1561, #6198, #2841, #1580, #5684, #1790, #4129, #3474, #5162, #4746, #2611, #6155, #1968, #919, #1713, #6760, #1819, #3795, #2167, #4116, #2063, #6784, #6453, #2340, #4169, #1287, #5193, #6954, #656, #6286, #6106, #3166, #701, #4281, #3672, #4455, #602, #3121, #5512, #3353, #2578, #794, #2951, #4500, #5924, #2616, #2573, #7135, #1265, #4899, #2982, #7183, #5211, #3459, #3140, #5918, #939, #4580, #5276, #7151, #5608, #3761, #303, #977, #1259, #3069, #4415, #5880, #4859, #3174, #5588, #1276, #4628, #2203, #1522, #344, #4380, #4464, #4443, #3291, #5710, #1422, #2248, #4998, #6012, #5385, #5884, #3727, #3233, #3802, #6987, #2076, #6552, #3982, #884, #6382, #1532, #4919, #6114, #3507, #6988, #6692, #6671, #1928, #3109, #3030, #6802, #1471, #6997, #7007, #1431, #1009, #6343, #7358, #3403, #1941, #6837, #6493, #6404, #6101, #1026, #7316, #6605, #4263, #2566, #3205, #6225, #1894, #6949, #4352, #3694, #6675, #399, #6553, #1907, #5149, #4410, #4767, #2462, #1695, #1202, #2805, #4401, #6246, #3081, #2475, #1, #531, #3449, #7176, #2155, #5822, #7081, #4444, #1350, #2400, #3361, #1976, #1201, #1837, #4007, #3859, #4022, #6214, #6747, #609, #3591, #3293, #2941, #6348, #7286, #892, #5138, #1150, #5252, #1591, #4048, #3498, #280, #2231, #2678, #2670, #4301, #2299, #459, #7293, #4085, #336, #1105, #2661, #7035, #7299, #6338, #4366, #5344, #5258 ) ) ;
#112 = EDGE_CURVE ( 'NONE', #772, #1111, #4299, .T. ) ;
#113 = CARTESIAN_POINT ( 'NONE',  ( -67.09269244943108390, 0.8470955595451159503, 8.859595313161834795 ) ) ;
#114 = ORIENTED_EDGE ( 'NONE', *, *, #7357, .F. ) ;
#115 = CARTESIAN_POINT ( 'NONE',  ( -66.62934485649482497, 1.508087975448143325, 8.771298117078282885 ) ) ;
#116 = CARTESIAN_POINT ( 'NONE',  ( -67.36915619415383105, 0.2885766856456535856, -10.09999999999999964 ) ) ;
#117 = CARTESIAN_POINT ( 'NONE',  ( -64.94159378512718206, -5.156915354476333313, 7.497747930329908606 ) ) ;
#118 = DIRECTION ( 'NONE',  ( 0.0000000000000000000, 0.0000000000000000000, 1.000000000000000000 ) ) ;
#119 = ORIENTED_EDGE ( 'NONE', *, *, #1386, .T. ) ;
#120 = CARTESIAN_POINT ( 'NONE',  ( -67.38398547562857743, 0.9490000252735684150, 9.050533619614189007 ) ) ;
#121 = ORIENTED_EDGE ( 'NONE', *, *, #573, .F. ) ;
#122 = ORIENTED_EDGE ( 'NONE', *, *, #1078, .F. ) ;
#123 = VECTOR ( 'NONE', #3322, 1000.000000000000000 ) ;
#124 = EDGE_LOOP ( 'NONE', ( #1470, #5529, #1529, #6544 ) ) ;
#125 = CARTESIAN_POINT ( 'NONE',  ( -66.66776767670980064, 0.7567382174036829667, -10.09999999999999964 ) ) ;
#126 = EDGE_CURVE ( 'NONE', #4656, #5220, #4239, .T. ) ;
#127 = CIRCLE ( 'NONE', #7101, 8.900000000000000355 ) ;
#128 = VECTOR ( 'NONE', #507, 1000.000000000000000 ) ;
#129 =( BOUNDED_CURVE ( )  B_SPLINE_CURVE ( 3, ( #3414, #5711, #586, #2857 ),
 .UNSPECIFIED., .F., .T. ) 
 B_SPLINE_CURVE_WITH_KNOTS ( ( 4, 4 ),
 ( 4.272377211963700461, 4.316285474809151701 ),
 .UNSPECIFIED. ) 
 CURVE ( )  GEOMETRIC_REPRESENTATION_ITEM ( )  RATIONAL_B_SPLINE_CURVE ( ( 1.000000000000000000, 0.9998393451574003610, 0.9998393451574003610, 1.000000000000000000 ) ) 
 REPRESENTATION_ITEM ( '' )  );
#130 = CARTESIAN_POINT ( 'NONE',  ( -67.41189259971629610, -1.184465270464412079, 8.820830007604946843 ) ) ;
#131 = DIRECTION ( 'NONE',  ( 1.000000000000000000, 0.0000000000000000000, 6.123233995736750012E-17 ) ) ;
#132 = VERTEX_POINT ( 'NONE', #1088 ) ;
#133 = CARTESIAN_POINT ( 'NONE',  ( -65.22400612648239360, 1.962634398191480465E-15, 9.100000000000012079 ) ) ;
#134 = ORIENTED_EDGE ( 'NONE', *, *, #5296, .T. ) ;
#135 = ORIENTED_EDGE ( 'NONE', *, *, #3433, .F. ) ;
#136 = CIRCLE ( 'NONE', #494, 3.200000000000000178 ) ;
#137 = AXIS2_PLACEMENT_3D ( 'NONE', #2691, #3284, #444 ) ;
#138 =( NAMED_UNIT ( * ) SI_UNIT ( $, .STERADIAN. ) SOLID_ANGLE_UNIT ( ) );
#139 = FACE_OUTER_BOUND ( 'NONE', #2656, .T. ) ;
#140 = VECTOR ( 'NONE', #1260, 1000.000000000000000 ) ;
#141 = VECTOR ( 'NONE', #2570, 1000.000000000000000 ) ;
#142 = ORIENTED_EDGE ( 'NONE', *, *, #295, .F. ) ;
#143 = CARTESIAN_POINT ( 'NONE',  ( -67.07058009971629531, 6.103937156677250897, 6.749218561236181912 ) ) ;
#144 = CARTESIAN_POINT ( 'NONE',  ( -65.53190099628500320, -4.801981089829689964, -10.09999999999999964 ) ) ;
#145 = ORIENTED_EDGE ( 'NONE', *, *, #2932, .F. ) ;
#146 = EDGE_CURVE ( 'NONE', #2773, #6736, #2806, .T. ) ;
#147 = ORIENTED_EDGE ( 'NONE', *, *, #6050, .T. ) ;
#148 = EDGE_CURVE ( 'NONE', #4814, #4830, #3404, .T. ) ;
#149 = CARTESIAN_POINT ( 'NONE',  ( -66.12380674298736949, 1.357539330573436676, 8.998171312324879878 ) ) ;
#150 = CIRCLE ( 'NONE', #5643, 3.200000000000000178 ) ;
#151 = CARTESIAN_POINT ( 'NONE',  ( -66.62984216101949642, 1.158874961853036067, 9.025907645372310384 ) ) ;
#152 = CARTESIAN_POINT ( 'NONE',  ( -64.96182552429608847, 0.2138970497767149759, -10.09999999999999964 ) ) ;
#153 = AXIS2_PLACEMENT_3D ( 'NONE', #6990, #1841, #6452 ) ;
#154 = EDGE_CURVE ( 'NONE', #807, #872, #6405, .T. ) ;
#155 = FACE_BOUND ( 'NONE', #3460, .T. ) ;
#156 = ORIENTED_EDGE ( 'NONE', *, *, #5251, .F. ) ;
#157 = CARTESIAN_POINT ( 'NONE',  ( -66.62585213852877075, 1.508106468666375211, 8.771294937437627226 ) ) ;
#158 = VECTOR ( 'NONE', #65, 1000.000000000000000 ) ;
#159 = CARTESIAN_POINT ( 'NONE',  ( -66.55199676638301298, 0.09260412851655690225, 9.099528805593431358 ) ) ;
#160 = EDGE_CURVE ( 'NONE', #5230, #4160, #3335, .T. ) ;
#161 = CARTESIAN_POINT ( 'NONE',  ( -67.41189259971629610, -1.184465270464410303, -10.09999999999999964 ) ) ;
#162 = CYLINDRICAL_SURFACE ( 'NONE', #3541, 0.7396736306926054993 ) ;
#163 = ORIENTED_EDGE ( 'NONE', *, *, #96, .F. ) ;
#164 = EDGE_CURVE ( 'NONE', #6440, #4659, #4693, .T. ) ;
#165 = CIRCLE ( 'NONE', #5318, 9.099999999999999645 ) ;
#166 = ORIENTED_EDGE ( 'NONE', *, *, #743, .T. ) ;
#167 = ORIENTED_EDGE ( 'NONE', *, *, #6812, .T. ) ;
#168 = CYLINDRICAL_SURFACE ( 'NONE', #6972, 0.6664799473591748180 ) ;
#169 = CARTESIAN_POINT ( 'NONE',  ( -65.80129633255960186, -5.135025728493509689, -10.09999999999999964 ) ) ;
#170 = VECTOR ( 'NONE', #5764, 1000.000000000000000 ) ;
#171 = CARTESIAN_POINT ( 'NONE',  ( -64.81802110930448180, -4.534715868969411368, 7.658090622845696416 ) ) ;
#172 = ORIENTED_EDGE ( 'NONE', *, *, #7410, .F. ) ;
#173 = FILL_AREA_STYLE_COLOUR ( '', #538 ) ;
#174 = CARTESIAN_POINT ( 'NONE',  ( -66.63245677360910690, 0.7345289347593499940, -10.09999999999999964 ) ) ;
#175 = EDGE_CURVE ( 'NONE', #5967, #917, #3967, .T. ) ;
#176 = ORIENTED_EDGE ( 'NONE', *, *, #3706, .T. ) ;
#177 = ORIENTED_EDGE ( 'NONE', *, *, #4118, .T. ) ;
#178 = CIRCLE ( 'NONE', #5435, 3.000000000000002665 ) ;
#179 = CARTESIAN_POINT ( 'NONE',  ( -66.97576418837121537, 2.464717604784436134, 8.551910145029932409 ) ) ;
#180 = ORIENTED_EDGE ( 'NONE', *, *, #2105, .F. ) ;
#181 = CARTESIAN_POINT ( 'NONE',  ( -65.15219588189360422, 2.609723154881194773, 8.508780468132735919 ) ) ;
#182 = DIRECTION ( 'NONE',  ( 0.0000000000000000000, 0.0000000000000000000, 1.000000000000000000 ) ) ;
#183 = VERTEX_POINT ( 'NONE', #975 ) ;
#184 = EDGE_LOOP ( 'NONE', ( #5791, #142, #56, #6810 ) ) ;
#185 = B_SPLINE_CURVE_WITH_KNOTS ( 'NONE', 3,
 ( #673, #3711, #324, #240 ),
 .UNSPECIFIED., .F., .F.,
 ( 4, 4 ),
 ( 0.0000000000000000000, 1.000000000000000000 ),
 .UNSPECIFIED. ) ;
#186 = CARTESIAN_POINT ( 'NONE',  ( -64.65388574423880641, -0.3119339748407259361, 9.094652120633327286 ) ) ;
#187 = B_SPLINE_CURVE_WITH_KNOTS ( 'NONE', 3,
 ( #7420, #3973, #3526, #2295 ),
 .UNSPECIFIED., .F., .F.,
 ( 4, 4 ),
 ( 0.0000000000000000000, 1.000000000000000000 ),
 .UNSPECIFIED. ) ;
#188 = CARTESIAN_POINT ( 'NONE',  ( -67.35166079538210226, 2.459405927490756927, 8.553608785847291784 ) ) ;
#189 =( LENGTH_UNIT ( ) NAMED_UNIT ( * ) SI_UNIT ( .MILLI., .METRE. ) );
#190 = AXIS2_PLACEMENT_3D ( 'NONE', #1916, #277, #4770 ) ;
#191 = ORIENTED_EDGE ( 'NONE', *, *, #7426, .F. ) ;
#192 = CARTESIAN_POINT ( 'NONE',  ( -67.28809654703456999, -5.323086123188240038, 7.132654073002627548 ) ) ;
#193 = EDGE_CURVE ( 'NONE', #6777, #5271, #4991, .T. ) ;
#194 = EDGE_CURVE ( 'NONE', #5072, #2082, #5675, .T. ) ;
#195 = CARTESIAN_POINT ( 'NONE',  ( -66.64093822440389658, 2.894535567912650098, -10.09999999999999964 ) ) ;
#196 = CARTESIAN_POINT ( 'NONE',  ( -65.99484216101940603, -5.580062690734860276, 7.188386492633031644 ) ) ;
#197 = CARTESIAN_POINT ( 'NONE',  ( -67.41189259971629610, 0.0000000000000000000, 1.238336377450620565E-14 ) ) ;
#198 = CARTESIAN_POINT ( 'NONE',  ( -65.12312771560446834, 2.578183748513272810, 8.727201867776683386 ) ) ;
#199 = CARTESIAN_POINT ( 'NONE',  ( -66.71988711954756468, -5.422887334794816105, 7.057367486802128553 ) ) ;
#200 = ORIENTED_EDGE ( 'NONE', *, *, #2766, .T. ) ;
#201 = ORIENTED_EDGE ( 'NONE', *, *, #2522, .F. ) ;
#202 = VERTEX_POINT ( 'NONE', #1579 ) ;
#203 = CARTESIAN_POINT ( 'NONE',  ( -84.00000000000000000, 1.083812417245407678E-15, 8.849999999999994316 ) ) ;
#204 = PLANE ( 'NONE',  #3173 ) ;
#205 = EDGE_CURVE ( 'NONE', #1290, #3394, #2540, .T. ) ;
#206 = DIRECTION ( 'NONE',  ( -1.000000000000000000, 4.357835199126469771E-16, 0.0000000000000000000 ) ) ;
#207 = CARTESIAN_POINT ( 'NONE',  ( -64.73499178139462629, 1.927694340912101900, 8.893492575501484865 ) ) ;
#208 = VERTEX_POINT ( 'NONE', #1873 ) ;
#209 = CARTESIAN_POINT ( 'NONE',  ( -66.72021328403828022, 1.977436074156951440, 8.677550783379182064 ) ) ;
#210 = EDGE_LOOP ( 'NONE', ( #655, #2468, #5756, #5368 ) ) ;
#211 = EDGE_LOOP ( 'NONE', ( #80, #5919, #5015, #5611 ) ) ;
#212 = CARTESIAN_POINT ( 'NONE',  ( -64.90120665178093873, 0.1708660260511526974, 9.098415354299667968 ) ) ;
#213 = DIRECTION ( 'NONE',  ( 0.0000000000000000000, 0.0000000000000000000, -1.000000000000000000 ) ) ;
#214 = ORIENTED_EDGE ( 'NONE', *, *, #1885, .F. ) ;
#215 = CYLINDRICAL_SURFACE ( 'NONE', #7369, 0.5141305704226828421 ) ;
#216 = DIRECTION ( 'NONE',  ( -1.000000000000000000, 3.888811336609149864E-16, 0.0000000000000000000 ) ) ;
#217 = EDGE_LOOP ( 'NONE', ( #2357, #1038, #5345, #2647 ) ) ;
#218 = B_SPLINE_CURVE_WITH_KNOTS ( 'NONE', 3,
 ( #558, #5721, #5242, #6973 ),
 .UNSPECIFIED., .F., .F.,
 ( 4, 4 ),
 ( 4.270053987917696569E-12, 0.0003145123207072472444 ),
 .UNSPECIFIED. ) ;
#219 = DIRECTION ( 'NONE',  ( -0.0000000000000000000, -0.0000000000000000000, -1.000000000000000000 ) ) ;
#220 = SURFACE_STYLE_USAGE ( .BOTH. , #5357 ) ;
#221 = PRESENTATION_STYLE_ASSIGNMENT (( #6637 ) ) ;
#222 = ORIENTED_EDGE ( 'NONE', *, *, #2983, .T. ) ;
#223 = FACE_OUTER_BOUND ( 'NONE', #1984, .T. ) ;
#224 = FACE_OUTER_BOUND ( 'NONE', #4110, .T. ) ;
#225 = CARTESIAN_POINT ( 'NONE',  ( -65.99154705651112351, 1.265949647351728879, 9.011668262199382440 ) ) ;
#226 = CARTESIAN_POINT ( 'NONE',  ( -67.06544189058578809, 0.3521772616944652268, 8.893240642364055759 ) ) ;
#227 = LINE ( 'NONE', #1318, #5342 ) ;
#228 = ORIENTED_EDGE ( 'NONE', *, *, #2023, .F. ) ;
#229 = ORIENTED_EDGE ( 'NONE', *, *, #3397, .F. ) ;
#230 = ORIENTED_EDGE ( 'NONE', *, *, #2631, .F. ) ;
#231 = EDGE_CURVE ( 'NONE', #4090, #6621, #4502, .T. ) ;
#232 = EDGE_CURVE ( 'NONE', #3714, #3158, #1911, .T. ) ;
#233 = B_SPLINE_CURVE_WITH_KNOTS ( 'NONE', 3,
 ( #3638, #4240, #6033, #898 ),
 .UNSPECIFIED., .F., .F.,
 ( 4, 4 ),
 ( 5.559946040623741741E-16, 0.0005923406756978752668 ),
 .UNSPECIFIED. ) ;
#234 = CARTESIAN_POINT ( 'NONE',  ( -66.67109623475963076, -5.846208992791382286, 6.710939802529139797 ) ) ;
#235 = CARTESIAN_POINT ( 'NONE',  ( -64.86492877985510574, -5.007697920360891786, 7.598351382878840710 ) ) ;
#236 = CARTESIAN_POINT ( 'NONE',  ( -64.85201268600880553, -4.402258596548807468, 7.964302809983577980 ) ) ;
#237 = CARTESIAN_POINT ( 'NONE',  ( -64.77395546497913870, 1.942041475931817640, 8.890358536401150147 ) ) ;
#238 = CIRCLE ( 'NONE', #5388, 9.099999999999999645 ) ;
#239 = ORIENTED_EDGE ( 'NONE', *, *, #2822, .F. ) ;
#240 = CARTESIAN_POINT ( 'NONE',  ( -65.42334216101941990, 2.911987463206402893, 8.621503871954645959 ) ) ;
#241 = CARTESIAN_POINT ( 'NONE',  ( -66.32478558553940218, -4.720694917383689848, -10.09999999999999964 ) ) ;
#242 = ORIENTED_EDGE ( 'NONE', *, *, #3656, .T. ) ;
#243 = ORIENTED_EDGE ( 'NONE', *, *, #3345, .T. ) ;
#244 = EDGE_CURVE ( 'NONE', #5976, #2773, #1467, .T. ) ;
#245 = CARTESIAN_POINT ( 'NONE',  ( -84.00000000000000000, 0.0000000000000000000, 1.543054966925670124E-14 ) ) ;
#246 = CARTESIAN_POINT ( 'NONE',  ( -67.40675155067607704, 0.8405033330587692308, 8.860223143189866590 ) ) ;
#247 = EDGE_CURVE ( 'NONE', #2420, #1600, #4963, .T. ) ;
#248 = EDGE_LOOP ( 'NONE', ( #3809, #1860, #6428, #7246 ) ) ;
#249 = CYLINDRICAL_SURFACE ( 'NONE', #532, 0.6445685805848283545 ) ;
#250 = CARTESIAN_POINT ( 'NONE',  ( -64.52793426638299934, 3.733270642598479849, -10.09999999999999964 ) ) ;
#251 = VECTOR ( 'NONE', #2275, 1000.000000000000000 ) ;
#252 = ORIENTED_EDGE ( 'NONE', *, *, #5604, .T. ) ;
#253 = VECTOR ( 'NONE', #5254, 1000.000000000000000 ) ;
#254 = ORIENTED_EDGE ( 'NONE', *, *, #2484, .T. ) ;
#255 = EDGE_CURVE ( 'NONE', #3092, #607, #6479, .T. ) ;
#256 = AXIS2_PLACEMENT_3D ( 'NONE', #6765, #1622, #3898 ) ;
#257 = DIRECTION ( 'NONE',  ( 0.0000000000000000000, 0.0000000000000000000, -1.000000000000000000 ) ) ;
#258 = CARTESIAN_POINT ( 'NONE',  ( -65.15739458942923079, -0.05663738396728447422, 8.899819785070793188 ) ) ;
#259 = LINE ( 'NONE', #2543, #4335 ) ;
#260 = ORIENTED_EDGE ( 'NONE', *, *, #2300, .T. ) ;
#261 = EDGE_CURVE ( 'NONE', #2097, #4878, #1794, .T. ) ;
#262 = VECTOR ( 'NONE', #5971, 1000.000000000000000 ) ;
#263 = VECTOR ( 'NONE', #2139, 1000.000000000000000 ) ;
#264 = EDGE_LOOP ( 'NONE', ( #5595, #4237, #3540, #6615 ) ) ;
#265 = DIRECTION ( 'NONE',  ( -0.0000000000000000000, -0.0000000000000000000, -1.000000000000000000 ) ) ;
#266 = CARTESIAN_POINT ( 'NONE',  ( -65.86882903322570826, 1.160911819081574148, 9.025802278942764545 ) ) ;
#267 = VECTOR ( 'NONE', #6217, 1000.000000000000000 ) ;
#268 = CARTESIAN_POINT ( 'NONE',  ( -66.79285193194303361, -5.371567164872072198, -10.09999999999999964 ) ) ;
#269 = CARTESIAN_POINT ( 'NONE',  ( -66.00096223517110161, -3.797514915841289973, -10.09999999999999964 ) ) ;
#270 = CARTESIAN_POINT ( 'NONE',  ( -65.02926185698845529, 2.489750421581709894, 8.544708921539754698 ) ) ;
#271 = CARTESIAN_POINT ( 'NONE',  ( -65.75358379307080270, 3.269755562318210185, 8.492272873777038100 ) ) ;
#272 = ORIENTED_EDGE ( 'NONE', *, *, #1164, .F. ) ;
#273 = EDGE_LOOP ( 'NONE', ( #4161, #5490, #4772, #4229 ) ) ;
#274 = EDGE_LOOP ( 'NONE', ( #5950, #2637, #7224, #7185 ) ) ;
#275 = COLOUR_RGB ( '',1.000000000000000000, 0.8000000000000000444, 0.5999999999999999778 ) ;
#276 = CARTESIAN_POINT ( 'NONE',  ( 103.2999999999999972, 0.0000000000000000000, -1.897590215278827558E-14 ) ) ;
#277 = DIRECTION ( 'NONE',  ( -1.000000000000000000, -0.0000000000000000000, 1.836970198721029934E-16 ) ) ;
#278 = B_SPLINE_CURVE_WITH_KNOTS ( 'NONE', 3,
 ( #1807, #582, #2853, #6957 ),
 .UNSPECIFIED., .F., .F.,
 ( 4, 4 ),
 ( 4.537763255539439817E-14, 0.0001980932153625388533 ),
 .UNSPECIFIED. ) ;
#279 = LINE ( 'NONE', #7153, #5166 ) ;
#280 = ADVANCED_FACE ( 'NONE', ( #155, #6947 ), #4723, .F. ) ;
#281 = CIRCLE ( 'NONE', #3512, 0.2000000000000002054 ) ;
#282 = CYLINDRICAL_SURFACE ( 'NONE', #1820, 8.849999999999999645 ) ;
#283 = ORIENTED_EDGE ( 'NONE', *, *, #6930, .T. ) ;
#284 = SURFACE_SIDE_STYLE ('',( #323 ) ) ;
#285 = CARTESIAN_POINT ( 'NONE',  ( -103.2999999999999972, 0.0000000000000000000, -6.325300717596081604E-15 ) ) ;
#286 = CARTESIAN_POINT ( 'NONE',  ( -65.09498067456496528, -0.1075864011503534085, 8.899495551646001701 ) ) ;
#287 = VERTEX_POINT ( 'NONE', #1245 ) ;
#288 = ORIENTED_EDGE ( 'NONE', *, *, #2795, .T. ) ;
#289 = B_SPLINE_CURVE_WITH_KNOTS ( 'NONE', 3,
 ( #403, #4975, #4332, #2081 ),
 .UNSPECIFIED., .F., .F.,
 ( 4, 4 ),
 ( 0.0000000000000000000, 1.000000000000000000 ),
 .UNSPECIFIED. ) ;
#290 = CIRCLE ( 'NONE', #2439, 9.099999999999999645 ) ;
#291 = B_SPLINE_CURVE_WITH_KNOTS ( 'NONE', 3,
 ( #6208, #6741, #2758, #5537 ),
 .UNSPECIFIED., .F., .F.,
 ( 4, 4 ),
 ( 0.0000000000000000000, 0.0004725107602371981055 ),
 .UNSPECIFIED. ) ;
#292 = CYLINDRICAL_SURFACE ( 'NONE', #3256, 9.099999999999999645 ) ;
#293 = CARTESIAN_POINT ( 'NONE',  ( -64.03279808184130673, 1.418911747660849931, -10.09999999999999964 ) ) ;
#294 = EDGE_CURVE ( 'NONE', #6388, #2030, #4861, .T. ) ;
#295 = EDGE_CURVE ( 'NONE', #2374, #3565, #1652, .T. ) ;
#296 = ORIENTED_EDGE ( 'NONE', *, *, #1182, .F. ) ;
#297 = CARTESIAN_POINT ( 'NONE',  ( -84.00000000000000000, 1.114428587224093438E-15, 9.100000000000015632 ) ) ;
#298 = CARTESIAN_POINT ( 'NONE',  ( -64.88161857961526380, -5.044752214451199812, 7.332153510039863598 ) ) ;
#299 = AXIS2_PLACEMENT_3D ( 'NONE', #2890, #651, #3490 ) ;
#300 = ORIENTED_EDGE ( 'NONE', *, *, #6147, .F. ) ;
#301 = ORIENTED_EDGE ( 'NONE', *, *, #4118, .F. ) ;
#302 = B_SPLINE_CURVE_WITH_KNOTS ( 'NONE', 3,
 ( #4944, #7297, #5431, #2049 ),
 .UNSPECIFIED., .F., .F.,
 ( 4, 4 ),
 ( 6.091084461522392557E-14, 0.0001960245526075913788 ),
 .UNSPECIFIED. ) ;
#303 = ADVANCED_FACE ( 'NONE', ( #7031 ), #5179, .F. ) ;
#304 = DIRECTION ( 'NONE',  ( -0.0000000000000000000, -0.0000000000000000000, -1.000000000000000000 ) ) ;
#305 = DIRECTION ( 'NONE',  ( 0.0000000000000000000, 0.0000000000000000000, 1.000000000000000000 ) ) ;
#306 = ORIENTED_EDGE ( 'NONE', *, *, #7368, .F. ) ;
#307 = CYLINDRICAL_SURFACE ( 'NONE', #4182, 9.099999999999999645 ) ;
#308 = B_SPLINE_CURVE_WITH_KNOTS ( 'NONE', 3,
 ( #6415, #1792, #2956, #601 ),
 .UNSPECIFIED., .F., .F.,
 ( 4, 4 ),
 ( 4.670885906470169154E-18, 0.0001926931990053712027 ),
 .UNSPECIFIED. ) ;
#309 = EDGE_CURVE ( 'NONE', #2382, #1093, #930, .T. ) ;
#310 = DIRECTION ( 'NONE',  ( 0.0000000000000000000, 0.0000000000000000000, 1.000000000000000000 ) ) ;
#311 = CARTESIAN_POINT ( 'NONE',  ( -67.04632603320884243, -5.079527123529497423, 7.550390996586092918 ) ) ;
#312 = DIRECTION ( 'NONE',  ( 1.000000000000000000, 0.0000000000000000000, 0.0000000000000000000 ) ) ;
#313 = VERTEX_POINT ( 'NONE', #2288 ) ;
#314 = EDGE_LOOP ( 'NONE', ( #341, #6391, #2211, #464 ) ) ;
#315 = CYLINDRICAL_SURFACE ( 'NONE', #360, 1.325859643896823314 ) ;
#316 = VERTEX_POINT ( 'NONE', #1169 ) ;
#317 = CARTESIAN_POINT ( 'NONE',  ( -66.63283757446089339, 1.508069481957674762, 8.974169958140313597 ) ) ;
#318 = LINE ( 'NONE', #3263, #781 ) ;
#319 = CIRCLE ( 'NONE', #4491, 8.849999999999999645 ) ;
#320 = DIRECTION ( 'NONE',  ( 0.0000000000000000000, 0.0000000000000000000, -1.000000000000000000 ) ) ;
#321 = CARTESIAN_POINT ( 'NONE',  ( -67.11343434601272406, 0.7836380281052497399, 8.865494626402393052 ) ) ;
#322 = ORIENTED_EDGE ( 'NONE', *, *, #983, .T. ) ;
#323 = SURFACE_STYLE_FILL_AREA ( #2456 ) ;
#324 = CARTESIAN_POINT ( 'NONE',  ( -65.53051845556537103, 3.033698663923223737, 8.580394861757508096 ) ) ;
#325 = CARTESIAN_POINT ( 'NONE',  ( -67.13672593304970349, -4.658651222305083550, 7.817094651398019067 ) ) ;
#326 = EDGE_LOOP ( 'NONE', ( #5815, #6085, #6064, #2009 ) ) ;
#327 = CIRCLE ( 'NONE', #79, 8.849999999999999645 ) ;
#328 = DIRECTION ( 'NONE',  ( -0.0000000000000000000, -0.0000000000000000000, 1.000000000000000000 ) ) ;
#329 = CARTESIAN_POINT ( 'NONE',  ( -66.98440449857446310, 3.236494773470059982, 8.505004502132917921 ) ) ;
#330 = LINE ( 'NONE', #2145, #2160 ) ;
#331 = VERTEX_POINT ( 'NONE', #6910 ) ;
#332 = CARTESIAN_POINT ( 'NONE',  ( -65.99285779611270186, -5.958416857401521050, 6.611147294791846818 ) ) ;
#333 = FACE_OUTER_BOUND ( 'NONE', #4513, .T. ) ;
#334 = ORIENTED_EDGE ( 'NONE', *, *, #2341, .T. ) ;
#335 = EDGE_LOOP ( 'NONE', ( #5691, #496, #1568, #2520 ) ) ;
#336 = ADVANCED_FACE ( 'NONE', ( #1206 ), #3479, .T. ) ;
#337 = EDGE_CURVE ( 'NONE', #7319, #4619, #3732, .T. ) ;
#338 = FACE_BOUND ( 'NONE', #2243, .T. ) ;
#339 = CARTESIAN_POINT ( 'NONE',  ( -64.54345567234265957, -5.123248093646843415, 7.521141852559534158 ) ) ;
#340 = DIRECTION ( 'NONE',  ( -1.000000000000000000, 0.0000000000000000000, 0.0000000000000000000 ) ) ;
#341 = ORIENTED_EDGE ( 'NONE', *, *, #5013, .F. ) ;
#342 = FACE_BOUND ( 'NONE', #6212, .T. ) ;
#343 = VERTEX_POINT ( 'NONE', #5472 ) ;
#344 = ADVANCED_FACE ( 'NONE', ( #2579 ), #3773, .F. ) ;
#345 = CARTESIAN_POINT ( 'NONE',  ( -67.44745403329196165, -4.446436081017613340, -10.09999999999999964 ) ) ;
#346 = ADVANCED_FACE ( 'NONE', ( #3659, #342, #2617 ), #307, .T. ) ;
#347 = CARTESIAN_POINT ( 'NONE',  ( -67.08840227058921357, 2.635913031522695960, 8.500703646772366895 ) ) ;
#348 = DIRECTION ( 'NONE',  ( 0.0000000000000000000, 0.0000000000000000000, 1.000000000000000000 ) ) ;
#349 = VERTEX_POINT ( 'NONE', #5949 ) ;
#350 = ORIENTED_EDGE ( 'NONE', *, *, #4971, .T. ) ;
#351 = ORIENTED_EDGE ( 'NONE', *, *, #5572, .F. ) ;
#352 = FACE_OUTER_BOUND ( 'NONE', #1631, .T. ) ;
#353 = ORIENTED_EDGE ( 'NONE', *, *, #164, .F. ) ;
#354 = CARTESIAN_POINT ( 'NONE',  ( -66.58903843304969428, -0.2566458714806878483, 8.896298831327815293 ) ) ;
#355 = ORIENTED_EDGE ( 'NONE', *, *, #24, .F. ) ;
#356 = VERTEX_POINT ( 'NONE', #812 ) ;
#357 = EDGE_CURVE ( 'NONE', #4716, #6440, #7043, .T. ) ;
#358 = CARTESIAN_POINT ( 'NONE',  ( -64.52793426638299934, -2.622268958061369837, -10.09999999999999964 ) ) ;
#359 = FACE_OUTER_BOUND ( 'NONE', #564, .T. ) ;
#360 = AXIS2_PLACEMENT_3D ( 'NONE', #3741, #4802, #5926 ) ;
#361 = CARTESIAN_POINT ( 'NONE',  ( -67.12004970635555878, 1.348735573110621866, 8.999799254391755099 ) ) ;
#362 = ORIENTED_EDGE ( 'NONE', *, *, #5915, .F. ) ;
#363 = LINE ( 'NONE', #2119, #2292 ) ;
#364 = ORIENTED_EDGE ( 'NONE', *, *, #2154, .F. ) ;
#365 =( GEOMETRIC_REPRESENTATION_CONTEXT ( 3 ) GLOBAL_UNCERTAINTY_ASSIGNED_CONTEXT ( ( #2364 ) ) GLOBAL_UNIT_ASSIGNED_CONTEXT ( ( #189, #1387, #4864 ) ) REPRESENTATION_CONTEXT ( 'NONE', 'WORKASPACE' ) );
#366 = SURFACE_STYLE_USAGE ( .BOTH. , #3207 ) ;
#367 = CARTESIAN_POINT ( 'NONE',  ( -65.33650851391801950, 2.329487421855183982, -10.09999999999999964 ) ) ;
#368 = CIRCLE ( 'NONE', #6234, 8.849999999999999645 ) ;
#369 = EDGE_CURVE ( 'NONE', #3904, #6564, #2453, .T. ) ;
#370 = EDGE_CURVE ( 'NONE', #5220, #5191, #3968, .T. ) ;
#371 = DIRECTION ( 'NONE',  ( 1.000000000000000000, 0.0000000000000000000, -1.836970198721029934E-16 ) ) ;
#372 = DIRECTION ( 'NONE',  ( 0.0000000000000000000, 0.0000000000000000000, -1.000000000000000000 ) ) ;
#373 = ORIENTED_EDGE ( 'NONE', *, *, #827, .T. ) ;
#374 = VECTOR ( 'NONE', #702, 1000.000000000000000 ) ;
#375 = CARTESIAN_POINT ( 'NONE',  ( -67.46216343304963914, -4.651871251649234651, 7.587495888504953712 ) ) ;
#376 = EDGE_CURVE ( 'NONE', #132, #5072, #5128, .T. ) ;
#377 = AXIS2_PLACEMENT_3D ( 'NONE', #5184, #501, #2780 ) ;
#378 = DIRECTION ( 'NONE',  ( 1.000000000000000000, 0.0000000000000000000, -1.836970198721029934E-16 ) ) ;
#379 = AXIS2_PLACEMENT_3D ( 'NONE', #7167, #2308, #7321 ) ;
#380 = CARTESIAN_POINT ( 'NONE',  ( -66.82348332693258897, 3.343514479679456031, -10.09999999999999964 ) ) ;
#381 = CARTESIAN_POINT ( 'NONE',  ( -67.20919697746613508, 0.01382858428120493748, 8.899989256749526234 ) ) ;
#382 = ORIENTED_EDGE ( 'NONE', *, *, #6239, .F. ) ;
#383 = ORIENTED_EDGE ( 'NONE', *, *, #1502, .T. ) ;
#384 = ORIENTED_EDGE ( 'NONE', *, *, #5114, .T. ) ;
#385 = CARTESIAN_POINT ( 'NONE',  ( -65.53512895037370356, -4.644733368405139728, -10.09999999999999964 ) ) ;
#386 = CARTESIAN_POINT ( 'NONE',  ( -64.96182552421112177, 2.436396897124870620, 8.767780229891743105 ) ) ;
#387 = VECTOR ( 'NONE', #893, 1000.000000000000000 ) ;
#388 = EDGE_CURVE ( 'NONE', #7279, #3203, #1559, .T. ) ;
#389 = DIRECTION ( 'NONE',  ( 0.0000000000000000000, 0.0000000000000000000, 1.000000000000000000 ) ) ;
#390 = LINE ( 'NONE', #6610, #6851 ) ;
#391 = EDGE_LOOP ( 'NONE', ( #3667, #6255, #4929, #5894, #7050 ) ) ;
#392 = DIRECTION ( 'NONE',  ( 1.000000000000000000, 0.0000000000000000000, 0.0000000000000000000 ) ) ;
#393 = CARTESIAN_POINT ( 'NONE',  ( -66.49882603888700316, -4.585693217528549859, -10.09999999999999964 ) ) ;
#394 = AXIS2_PLACEMENT_3D ( 'NONE', #4490, #5733, #1648 ) ;
#395 = VERTEX_POINT ( 'NONE', #4185 ) ;
#396 = ORIENTED_EDGE ( 'NONE', *, *, #3847, .F. ) ;
#397 = CARTESIAN_POINT ( 'NONE',  ( -66.64144807277749294, 0.6722128589955530531, -10.09999999999999964 ) ) ;
#398 = FACE_OUTER_BOUND ( 'NONE', #738, .T. ) ;
#399 = ADVANCED_FACE ( 'NONE', ( #7408 ), #3918, .T. ) ;
#400 = CARTESIAN_POINT ( 'NONE',  ( -65.63193521802679697, -5.551181300838141652, 6.956607374663683174 ) ) ;
#401 = ORIENTED_EDGE ( 'NONE', *, *, #5963, .T. ) ;
#402 = CARTESIAN_POINT ( 'NONE',  ( -67.12602349604172502, -4.816621005049229964, 7.720761756052231917 ) ) ;
#403 = CARTESIAN_POINT ( 'NONE',  ( -65.59304757034269073, 2.610734538977728114, 8.508470201334016991 ) ) ;
#404 = EDGE_LOOP ( 'NONE', ( #5571, #552, #5443, #5747 ) ) ;
#405 = EDGE_LOOP ( 'NONE', ( #1852, #5690, #1216, #6677 ) ) ;
#406 = VECTOR ( 'NONE', #5390, 1000.000000000000000 ) ;
#407 = CYLINDRICAL_SURFACE ( 'NONE', #3500, 3.200000000000000178 ) ;
#408 = DIRECTION ( 'NONE',  ( 1.000000000000000000, 0.0000000000000000000, -1.836970198721029934E-16 ) ) ;
#409 = B_SPLINE_CURVE_WITH_KNOTS ( 'NONE', 3,
 ( #7198, #4328, #1064, #3338 ),
 .UNSPECIFIED., .F., .F.,
 ( 4, 4 ),
 ( 2.385244779468109755E-18, 0.0002420632031104414869 ),
 .UNSPECIFIED. ) ;
#410 = CARTESIAN_POINT ( 'NONE',  ( -67.40789909149198422, 2.670951001020031690, -10.09999999999999964 ) ) ;
#411 = PRESENTATION_STYLE_ASSIGNMENT (( #1604 ) ) ;
#412 = DIRECTION ( 'NONE',  ( -0.0000000000000000000, -0.0000000000000000000, -1.000000000000000000 ) ) ;
#413 = EDGE_LOOP ( 'NONE', ( #3831, #2512, #8, #3119, #5895, #438, #243, #5965, #1938, #1721, #719, #617, #7343, #3636, #5158, #4348, #5473, #1966, #3515, #2544, #4059, #5800, #1300, #2883, #2263, #6664, #821, #2559, #1214, #6891, #665, #4181, #92, #2741, #3375, #6032, #7140, #6186 ) ) ;
#414 = DIRECTION ( 'NONE',  ( 1.000000000000000000, 0.0000000000000000000, -1.836970198721029934E-16 ) ) ;
#415 = ORIENTED_EDGE ( 'NONE', *, *, #3681, .T. ) ;
#416 =( BOUNDED_CURVE ( )  B_SPLINE_CURVE ( 3, ( #2, #2327, #1209, #3482 ),
 .UNSPECIFIED., .F., .T. ) 
 B_SPLINE_CURVE_WITH_KNOTS ( ( 4, 4 ),
 ( 4.839205285987421945, 5.004695242225494667 ),
 .UNSPECIFIED. ) 
 CURVE ( )  GEOMETRIC_REPRESENTATION_ITEM ( )  RATIONAL_B_SPLINE_CURVE ( ( 1.000000000000000000, 0.9977190580607373516, 0.9977190580607373516, 1.000000000000000000 ) ) 
 REPRESENTATION_ITEM ( '' )  );
#417 =( NAMED_UNIT ( * ) SI_UNIT ( $, .STERADIAN. ) SOLID_ANGLE_UNIT ( ) );
#418 = FACE_OUTER_BOUND ( 'NONE', #210, .T. ) ;
#419 = CARTESIAN_POINT ( 'NONE',  ( -67.39791710407308756, 3.117928872911582605, 8.549381371742139635 ) ) ;
#420 = ORIENTED_EDGE ( 'NONE', *, *, #5993, .F. ) ;
#421 = DIRECTION ( 'NONE',  ( -1.000000000000000000, -0.0000000000000000000, 1.836970198721029934E-16 ) ) ;
#422 = EDGE_CURVE ( 'NONE', #1973, #4659, #1043, .T. ) ;
#423 = PLANE ( 'NONE',  #2101 ) ;
#424 = EDGE_CURVE ( 'NONE', #3742, #5719, #5580, .T. ) ;
#425 = DIRECTION ( 'NONE',  ( -1.000000000000000000, 0.0000000000000000000, 0.0000000000000000000 ) ) ;
#426 = ORIENTED_EDGE ( 'NONE', *, *, #1611, .F. ) ;
#427 = DIRECTION ( 'NONE',  ( 1.000000000000000000, 0.0000000000000000000, 0.0000000000000000000 ) ) ;
#428 = CARTESIAN_POINT ( 'NONE',  ( -64.81802110920499160, -4.534715869580606018, 7.889635731906385452 ) ) ;
#429 = VERTEX_POINT ( 'NONE', #1644 ) ;
#430 = ORIENTED_EDGE ( 'NONE', *, *, #5305, .T. ) ;
#431 = VECTOR ( 'NONE', #2663, 1000.000000000000000 ) ;
#432 = EDGE_CURVE ( 'NONE', #5562, #52, #5654, .T. ) ;
#433 = CARTESIAN_POINT ( 'NONE',  ( -64.94159378512718206, -5.156915354476333313, 7.497747930329908606 ) ) ;
#434 = CARTESIAN_POINT ( 'NONE',  ( -67.46216343305016494, -4.713043441594968463, 7.784747096744243144 ) ) ;
#435 = VERTEX_POINT ( 'NONE', #3808 ) ;
#436 = CARTESIAN_POINT ( 'NONE',  ( -67.13312331610597994, -4.764464237833067273, 7.753299915947125420 ) ) ;
#437 = DIRECTION ( 'NONE',  ( 0.0000000000000000000, 0.0000000000000000000, 1.000000000000000000 ) ) ;
#438 = ORIENTED_EDGE ( 'NONE', *, *, #4727, .T. ) ;
#439 = ADVANCED_FACE ( 'NONE', ( #3285 ), #3252, .F. ) ;
#440 = VERTEX_POINT ( 'NONE', #3960 ) ;
#441 = PRODUCT_DEFINITION_FORMATION_WITH_SPECIFIED_SOURCE ( 'ANY', '', #4130, .NOT_KNOWN. ) ;
#442 = DIRECTION ( 'NONE',  ( 1.000000000000000000, 0.0000000000000000000, -1.836970198721029934E-16 ) ) ;
#443 = CARTESIAN_POINT ( 'NONE',  ( -67.08840227052651528, 0.4134131839433772826, 9.090604465014525459 ) ) ;
#444 = DIRECTION ( 'NONE',  ( 6.123233995736759873E-17, 0.0000000000000000000, -1.000000000000000000 ) ) ;
#445 = CARTESIAN_POINT ( 'NONE',  ( -67.42247593304969655, 0.6437229556095530603, -10.09999999999999964 ) ) ;
#446 = ORIENTED_EDGE ( 'NONE', *, *, #5969, .F. ) ;
#447 = CARTESIAN_POINT ( 'NONE',  ( -65.33650851391800529, 2.329487421848150941, 8.796788524879490367 ) ) ;
#448 = CARTESIAN_POINT ( 'NONE',  ( -64.72703323586931390, -3.925528007917658879, 7.987504607764192244 ) ) ;
#449 = B_SPLINE_CURVE_WITH_KNOTS ( 'NONE', 3,
 ( #755, #788, #819, #2446 ),
 .UNSPECIFIED., .F., .F.,
 ( 4, 4 ),
 ( 0.0000000000000000000, 0.0001127297511794791990 ),
 .UNSPECIFIED. ) ;
#450 = B_SPLINE_CURVE_WITH_KNOTS ( 'NONE', 3,
 ( #3331, #5626, #463, #5070 ),
 .UNSPECIFIED., .F., .F.,
 ( 4, 4 ),
 ( 1.858123652578533762E-13, 0.0001781800541463089964 ),
 .UNSPECIFIED. ) ;
#451 = DIRECTION ( 'NONE',  ( 1.000000000000000000, 0.0000000000000000000, 0.0000000000000000000 ) ) ;
#452 = CARTESIAN_POINT ( 'NONE',  ( -67.07688518441854342, -5.588536552414110403, 6.926634045648115467 ) ) ;
#453 = CARTESIAN_POINT ( 'NONE',  ( -65.85550744058399175, 2.905893645867495767, 8.624825071904243856 ) ) ;
#454 = ORIENTED_EDGE ( 'NONE', *, *, #869, .T. ) ;
#455 = CARTESIAN_POINT ( 'NONE',  ( -66.62585213852877075, 3.730606315576367127, 8.300155210512214055 ) ) ;
#456 = CARTESIAN_POINT ( 'NONE',  ( -73.22192028941719855, -3.955272086412320309, -10.09999999999999964 ) ) ;
#457 = CARTESIAN_POINT ( 'NONE',  ( -66.43981237135849938, 3.346948729028722980, -10.09999999999999964 ) ) ;
#458 = EDGE_LOOP ( 'NONE', ( #3139, #2409, #5452, #1538, #4561 ) ) ;
#459 = ADVANCED_FACE ( 'NONE', ( #2728 ), #530, .T. ) ;
#460 = LINE ( 'NONE', #1515, #1603 ) ;
#461 = CARTESIAN_POINT ( 'NONE',  ( -67.11904706659120734, 0.7508383620006993109, 9.068971372440667977 ) ) ;
#462 = EDGE_CURVE ( 'NONE', #674, #1003, #5938, .T. ) ;
#463 = CARTESIAN_POINT ( 'NONE',  ( -66.39418133106153164, 1.479556328207807470, 8.776163995453199362 ) ) ;
#464 = ORIENTED_EDGE ( 'NONE', *, *, #7268, .T. ) ;
#465 = ORIENTED_EDGE ( 'NONE', *, *, #5455, .T. ) ;
#466 = CARTESIAN_POINT ( 'NONE',  ( -67.35165678489192942, 2.459394081026634815, 8.761522241043014247 ) ) ;
#467 = B_SPLINE_CURVE_WITH_KNOTS ( 'NONE', 3,
 ( #761, #1323, #6462, #6962 ),
 .UNSPECIFIED., .F., .F.,
 ( 4, 4 ),
 ( 4.163830799523155189E-15, 0.0001779455657507368041 ),
 .UNSPECIFIED. ) ;
#468 = CARTESIAN_POINT ( 'NONE',  ( -66.62235942056268811, 1.508124961853037904, 8.974160634813484805 ) ) ;
#469 =( NAMED_UNIT ( * ) PLANE_ANGLE_UNIT ( ) SI_UNIT ( $, .RADIAN. ) );
#470 = VERTEX_POINT ( 'NONE', #7331 ) ;
#471 = CARTESIAN_POINT ( 'NONE',  ( -64.88161857961526380, -5.044752214451199812, 7.332153510039863598 ) ) ;
#472 = EDGE_CURVE ( 'NONE', #6165, #1395, #3255, .T. ) ;
#473 = PLANE ( 'NONE',  #4932 ) ;
#474 = ORIENTED_EDGE ( 'NONE', *, *, #1078, .T. ) ;
#475 = ORIENTED_EDGE ( 'NONE', *, *, #3257, .T. ) ;
#476 = ADVANCED_BREP_SHAPE_REPRESENTATION ( '829B6730-DA9D-4D83-807B-5086D1A4ACC1', ( #4780, #2112 ), #560 ) ;
#477 = EDGE_CURVE ( 'NONE', #3801, #6653, #238, .T. ) ;
#478 = SURFACE_STYLE_FILL_AREA ( #6172 ) ;
#479 = FILL_AREA_STYLE ('',( #2612 ) ) ;
#480 =( NAMED_UNIT ( * ) SI_UNIT ( $, .STERADIAN. ) SOLID_ANGLE_UNIT ( ) );
#481 = EDGE_CURVE ( 'NONE', #6653, #7237, #2657, .T. ) ;
#482 = DIRECTION ( 'NONE',  ( 0.0000000000000000000, 0.0000000000000000000, -1.000000000000000000 ) ) ;
#483 = DIRECTION ( 'NONE',  ( 0.0000000000000000000, 0.0000000000000000000, 1.000000000000000000 ) ) ;
#484 = ORIENTED_EDGE ( 'NONE', *, *, #7409, .T. ) ;
#485 = AXIS2_PLACEMENT_3D ( 'NONE', #2210, #4493, #1650 ) ;
#486 = B_SPLINE_CURVE_WITH_KNOTS ( 'NONE', 3,
 ( #3921, #1084, #536, #4527 ),
 .UNSPECIFIED., .F., .F.,
 ( 4, 4 ),
 ( 0.0000000000000000000, 0.0001481274246211021278 ),
 .UNSPECIFIED. ) ;
#487 = CARTESIAN_POINT ( 'NONE',  ( -64.61911213722598291, -4.083775139780476238, -10.09999999999999964 ) ) ;
#488 = AXIS2_PLACEMENT_3D ( 'NONE', #3186, #348, #4911 ) ;
#489 = CARTESIAN_POINT ( 'NONE',  ( -66.77867029701339163, -5.793217620544696800, 7.017736786244595848 ) ) ;
#490 = EDGE_CURVE ( 'NONE', #4614, #5106, #6742, .T. ) ;
#491 = CARTESIAN_POINT ( 'NONE',  ( 103.2999999999999972, 0.0000000000000000000, -1.897590215278819985E-14 ) ) ;
#492 = CARTESIAN_POINT ( 'NONE',  ( -64.90957729845480628, -4.278499868560822428, 7.804129603916586611 ) ) ;
#493 = CARTESIAN_POINT ( 'NONE',  ( -64.52793426638299934, -0.3201458714802979943, -10.09999999999999964 ) ) ;
#494 = AXIS2_PLACEMENT_3D ( 'NONE', #2912, #2799, #4552 ) ;
#495 = VECTOR ( 'NONE', #7328, 1000.000000000000000 ) ;
#496 = ORIENTED_EDGE ( 'NONE', *, *, #2626, .F. ) ;
#497 = CARTESIAN_POINT ( 'NONE',  ( -66.55199676640511086, 2.315103975723716179, 8.800584843156077142 ) ) ;
#498 = CARTESIAN_POINT ( 'NONE',  ( -64.94159378546143557, -5.156915355010807112, 7.253704158652592326 ) ) ;
#499 = VECTOR ( 'NONE', #437, 1000.000000000000000 ) ;
#500 = CARTESIAN_POINT ( 'NONE',  ( -64.86924676638300014, 1.510770795186370030, -10.09999999999999964 ) ) ;
#501 = DIRECTION ( 'NONE',  ( 1.000000000000000000, 0.0000000000000000000, 6.123233995736750012E-17 ) ) ;
#502 = CARTESIAN_POINT ( 'NONE',  ( -67.10079531653754259, -4.404687396362879426, -10.09999999999999964 ) ) ;
#503 = FACE_OUTER_BOUND ( 'NONE', #4688, .T. ) ;
#504 = EDGE_LOOP ( 'NONE', ( #6351, #7407, #1352, #6349 ) ) ;
#505 = ORIENTED_EDGE ( 'NONE', *, *, #1611, .T. ) ;
#506 = MECHANICAL_DESIGN_GEOMETRIC_PRESENTATION_REPRESENTATION (  '', ( #6727 ), #1701 ) ;
#507 = DIRECTION ( 'NONE',  ( 1.000000000000000000, 0.0000000000000000000, 6.123233995736789455E-17 ) ) ;
#508 = VECTOR ( 'NONE', #1403, 1000.000000000000000 ) ;
#509 = EDGE_CURVE ( 'NONE', #4964, #5240, #1014, .T. ) ;
#510 = CARTESIAN_POINT ( 'NONE',  ( -66.98742839867574617, -3.721384618276543765, 8.304293860579294417 ) ) ;
#511 = VECTOR ( 'NONE', #412, 1000.000000000000000 ) ;
#512 = DIRECTION ( 'NONE',  ( -0.0000000000000000000, -0.0000000000000000000, -1.000000000000000000 ) ) ;
#513 = ORIENTED_EDGE ( 'NONE', *, *, #3302, .T. ) ;
#514 = CARTESIAN_POINT ( 'NONE',  ( -64.89376726955985930, -5.623979628359818683, 7.154079475361866614 ) ) ;
#515 = DIRECTION ( 'NONE',  ( -1.000000000000000000, 0.0000000000000000000, 0.0000000000000000000 ) ) ;
#516 = ORIENTED_EDGE ( 'NONE', *, *, #5389, .F. ) ;
#517 = ORIENTED_EDGE ( 'NONE', *, *, #963, .T. ) ;
#518 = AXIS2_PLACEMENT_3D ( 'NONE', #2054, #4907, #4344 ) ;
#519 = EDGE_CURVE ( 'NONE', #1181, #2929, #2619, .T. ) ;
#520 = EDGE_CURVE ( 'NONE', #3078, #1426, #2693, .T. ) ;
#521 = CARTESIAN_POINT ( 'NONE',  ( -67.45094052350874847, -4.833580989074803824, -10.09999999999999964 ) ) ;
#522 = CARTESIAN_POINT ( 'NONE',  ( -66.63283757446089339, 1.508069482219871471, -10.09999999999999964 ) ) ;
#523 = DIRECTION ( 'NONE',  ( 0.0000000000000000000, 0.0000000000000000000, 1.000000000000000000 ) ) ;
#524 = CARTESIAN_POINT ( 'NONE',  ( -66.86934131446092522, 0.1595105948452017475, 8.898599087196496171 ) ) ;
#525 = CARTESIAN_POINT ( 'NONE',  ( -65.99285779611270186, -3.778079101470019907, -10.09999999999999964 ) ) ;
#526 = DIRECTION ( 'NONE',  ( 0.0000000000000000000, 0.0000000000000000000, 1.000000000000000000 ) ) ;
#527 = CIRCLE ( 'NONE', #4707, 8.900000000000000355 ) ;
#528 = ORIENTED_EDGE ( 'NONE', *, *, #4719, .T. ) ;
#529 = VERTEX_POINT ( 'NONE', #2392 ) ;
#530 = CYLINDRICAL_SURFACE ( 'NONE', #1200, 8.900000000000000355 ) ;
#531 = ADVANCED_FACE ( 'NONE', ( #1723 ), #4072, .F. ) ;
#532 = AXIS2_PLACEMENT_3D ( 'NONE', #5423, #4782, #773 ) ;
#533 = FACE_OUTER_BOUND ( 'NONE', #4463, .T. ) ;
#534 = B_SPLINE_CURVE_WITH_KNOTS ( 'NONE', 3,
 ( #4662, #4631, #2234, #5243 ),
 .UNSPECIFIED., .F., .F.,
 ( 4, 4 ),
 ( 1.428995770980480663E-15, 0.0001765498169504110674 ),
 .UNSPECIFIED. ) ;
#535 = SURFACE_STYLE_USAGE ( .BOTH. , #3319 ) ;
#536 = CARTESIAN_POINT ( 'NONE',  ( -64.89895020432889794, -5.083231473064055983, 7.548039174280486208 ) ) ;
#537 = CARTESIAN_POINT ( 'NONE',  ( -64.58904986789789859, -5.238804307597320964, 7.194784877027243120 ) ) ;
#538 = COLOUR_RGB ( '',1.000000000000000000, 0.5999999999999999778, 0.2000000000000000111 ) ;
#539 = CARTESIAN_POINT ( 'NONE',  ( -67.19247447105912840, 3.497977513912110314, 8.400842416815438085 ) ) ;
#540 = ORIENTED_EDGE ( 'NONE', *, *, #709, .F. ) ;
#541 = EDGE_CURVE ( 'NONE', #183, #6151, #3951, .T. ) ;
#542 = CARTESIAN_POINT ( 'NONE',  ( -66.93710959520947767, 1.061165740975143157, 9.038034387600943020 ) ) ;
#543 = CYLINDRICAL_SURFACE ( 'NONE', #4192, 1.262027779964175478 ) ;
#544 = CARTESIAN_POINT ( 'NONE',  ( -67.41189259971629610, -0.8175626144409088303, -10.09999999999999964 ) ) ;
#545 = CYLINDRICAL_SURFACE ( 'NONE', #256, 0.7689277992819487650 ) ;
#546 = EDGE_LOOP ( 'NONE', ( #1013, #6902, #4098, #1179 ) ) ;
#547 = ORIENTED_EDGE ( 'NONE', *, *, #2352, .F. ) ;
#548 = B_SPLINE_CURVE_WITH_KNOTS ( 'NONE', 3,
 ( #3218, #3854, #896, #1464 ),
 .UNSPECIFIED., .F., .F.,
 ( 4, 4 ),
 ( 3.181920503754455895E-13, 0.0004059758213431057124 ),
 .UNSPECIFIED. ) ;
#549 = CARTESIAN_POINT ( 'NONE',  ( -66.79285193194303361, -5.371567164872070421, 7.345492916970814079 ) ) ;
#550 = CYLINDRICAL_SURFACE ( 'NONE', #2759, 1.035557578532506184 ) ;
#551 = CARTESIAN_POINT ( 'NONE',  ( -67.41189259971629610, -2.656416781107579617, 8.703645781225834099 ) ) ;
#552 = ORIENTED_EDGE ( 'NONE', *, *, #6567, .F. ) ;
#553 = CYLINDRICAL_SURFACE ( 'NONE', #3044, 1.338130576726964671 ) ;
#554 = CYLINDRICAL_SURFACE ( 'NONE', #4679, 15.08071957590009760 ) ;
#555 = ORIENTED_EDGE ( 'NONE', *, *, #5371, .T. ) ;
#556 = VERTEX_POINT ( 'NONE', #6942 ) ;
#557 = VECTOR ( 'NONE', #6922, 1000.000000000000000 ) ;
#558 = CARTESIAN_POINT ( 'NONE',  ( -66.63283757010859176, 1.508069482266076511, 8.771301296652506352 ) ) ;
#559 = CARTESIAN_POINT ( 'NONE',  ( -67.11979322896809208, -4.862389853934077522, 7.454537368181145318 ) ) ;
#560 =( GEOMETRIC_REPRESENTATION_CONTEXT ( 3 ) GLOBAL_UNCERTAINTY_ASSIGNED_CONTEXT ( ( #1905 ) ) GLOBAL_UNIT_ASSIGNED_CONTEXT ( ( #5436, #6026, #3214 ) ) REPRESENTATION_CONTEXT ( 'NONE', 'WORKASPACE' ) );
#561 = CARTESIAN_POINT ( 'NONE',  ( -67.46216343304965335, -4.651871251675745000, 7.821131239010948200 ) ) ;
#562 = CARTESIAN_POINT ( 'NONE',  ( -65.42334216101941990, 2.911987463444821511, 8.410132520521921506 ) ) ;
#563 = CARTESIAN_POINT ( 'NONE',  ( -67.12878843304969223, 2.858657379011559030, 8.639333191249367161 ) ) ;
#564 = EDGE_LOOP ( 'NONE', ( #2537, #5755, #3077, #5249 ) ) ;
#565 = EDGE_CURVE ( 'NONE', #6468, #3872, #308, .T. ) ;
#566 = ORIENTED_EDGE ( 'NONE', *, *, #5327, .T. ) ;
#567 = EDGE_CURVE ( 'NONE', #435, #429, #1198, .T. ) ;
#568 = DIRECTION ( 'NONE',  ( -0.2554954257023119846, -0.9668102644496459064, 0.0000000000000000000 ) ) ;
#569 = CARTESIAN_POINT ( 'NONE',  ( -64.86924676638300014, 2.374469879011594120, -10.09999999999999964 ) ) ;
#570 = B_SPLINE_CURVE_WITH_KNOTS ( 'NONE', 3,
 ( #6104, #2169, #6709, #6146 ),
 .UNSPECIFIED., .F., .F.,
 ( 4, 4 ),
 ( 7.589415207398531038E-19, 0.0001961827653891018560 ),
 .UNSPECIFIED. ) ;
#571 = DIRECTION ( 'NONE',  ( 0.0000000000000000000, 0.0000000000000000000, 1.000000000000000000 ) ) ;
#572 = FACE_OUTER_BOUND ( 'NONE', #883, .T. ) ;
#573 = EDGE_CURVE ( 'NONE', #2829, #6616, #7117, .T. ) ;
#574 = VERTEX_POINT ( 'NONE', #6296 ) ;
#575 = LINE ( 'NONE', #5779, #1633 ) ;
#576 = CARTESIAN_POINT ( 'NONE',  ( -66.62984216101949642, 3.381374809265144776, -10.09999999999999964 ) ) ;
#577 = EDGE_CURVE ( 'NONE', #6969, #4154, #5036, .T. ) ;
#578 = DIRECTION ( 'NONE',  ( 0.0000000000000000000, 0.0000000000000000000, -1.000000000000000000 ) ) ;
#579 = LINE ( 'NONE', #5141, #3602 ) ;
#580 = ORIENTED_EDGE ( 'NONE', *, *, #6904, .F. ) ;
#581 = CARTESIAN_POINT ( 'NONE',  ( -65.30820532599103956, -3.941663439924087520, 7.979796927511133120 ) ) ;
#582 = CARTESIAN_POINT ( 'NONE',  ( -67.41722532477983520, 0.7753855819150128337, 8.866400378908442903 ) ) ;
#583 = DIRECTION ( 'NONE',  ( 0.0000000000000000000, 0.0000000000000000000, 1.000000000000000000 ) ) ;
#584 = ORIENTED_EDGE ( 'NONE', *, *, #6526, .T. ) ;
#585 = EDGE_LOOP ( 'NONE', ( #426, #3230, #7260, #353 ) ) ;
#586 = CARTESIAN_POINT ( 'NONE',  ( -65.47607385767030053, -3.633906697221114701, 8.344007677098181475 ) ) ;
#587 = FACE_OUTER_BOUND ( 'NONE', #6242, .T. ) ;
#588 = DIRECTION ( 'NONE',  ( 0.0000000000000000000, 0.0000000000000000000, 1.000000000000000000 ) ) ;
#589 = EDGE_LOOP ( 'NONE', ( #5681, #1037, #3172, #6875 ) ) ;
#590 = DIRECTION ( 'NONE',  ( 0.0000000000000000000, 0.0000000000000000000, 1.000000000000000000 ) ) ;
#591 = DIRECTION ( 'NONE',  ( 0.0000000000000000000, 0.0000000000000000000, -1.000000000000000000 ) ) ;
#592 = EDGE_CURVE ( 'NONE', #5215, #2813, #2284, .T. ) ;
#593 = VERTEX_POINT ( 'NONE', #149 ) ;
#594 = CARTESIAN_POINT ( 'NONE',  ( -67.42554601649666779, -4.327970610950266028, 8.005188994133252578 ) ) ;
#595 = CARTESIAN_POINT ( 'NONE',  ( -64.48030926638304550, -4.657286943678577984, 7.584172883330207782 ) ) ;
#596 = CARTESIAN_POINT ( 'NONE',  ( -67.12551511835749807, 0.7130403039455160963, 8.871471831630506344 ) ) ;
#597 = CARTESIAN_POINT ( 'NONE',  ( -66.48997262860039825, 2.808763512276250207, -10.09999999999999964 ) ) ;
#598 = CYLINDRICAL_SURFACE ( 'NONE', #7094, 1.030227749219098099 ) ;
#599 = ORIENTED_EDGE ( 'NONE', *, *, #154, .T. ) ;
#600 = ORIENTED_EDGE ( 'NONE', *, *, #5612, .T. ) ;
#601 = CARTESIAN_POINT ( 'NONE',  ( -67.33779244791578833, -4.102371311251697961, 7.898135832246695465 ) ) ;
#602 = ADVANCED_FACE ( 'NONE', ( #642 ), #39, .T. ) ;
#603 = STYLED_ITEM ( 'NONE', ( #1351 ), #336 ) ;
#604 = DIRECTION ( 'NONE',  ( 1.124819836996404838E-32, 1.000000000000000000, 6.123233995736828898E-17 ) ) ;
#605 = CARTESIAN_POINT ( 'NONE',  ( -64.86710368440253660, -4.359743218954819532, 7.759190171490539356 ) ) ;
#606 = CARTESIAN_POINT ( 'NONE',  ( -65.02918233479771004, 0.2671777622040692468, 8.896035982819142873 ) ) ;
#607 = VERTEX_POINT ( 'NONE', #4149 ) ;
#608 = SURFACE_STYLE_FILL_AREA ( #1173 ) ;
#609 = ADVANCED_FACE ( 'NONE', ( #4605 ), #1121, .F. ) ;
#610 = CARTESIAN_POINT ( 'NONE',  ( -66.20392500701643712, 3.221818684992216575, 8.510574854910521125 ) ) ;
#611 = VECTOR ( 'NONE', #5940, 1000.000000000000000 ) ;
#612 = ORIENTED_EDGE ( 'NONE', *, *, #3181, .T. ) ;
#613 = DIRECTION ( 'NONE',  ( 0.0000000000000000000, 0.0000000000000000000, 1.000000000000000000 ) ) ;
#614 = CARTESIAN_POINT ( 'NONE',  ( -67.19247447104520177, 1.275477666514063246, 9.010169627827441019 ) ) ;
#615 = ORIENTED_EDGE ( 'NONE', *, *, #4900, .F. ) ;
#616 = ORIENTED_EDGE ( 'NONE', *, *, #5519, .T. ) ;
#617 = ORIENTED_EDGE ( 'NONE', *, *, #3991, .T. ) ;
#618 = CARTESIAN_POINT ( 'NONE',  ( -64.52793426638299934, -2.989791781107580704, 8.382788623460678323 ) ) ;
#619 = CARTESIAN_POINT ( 'NONE',  ( -67.11979410860163853, -4.862383391655741960, 7.692212750198333282 ) ) ;
#620 = AXIS2_PLACEMENT_3D ( 'NONE', #818, #5400, #7143 ) ;
#621 = AXIS2_PLACEMENT_3D ( 'NONE', #944, #5934, #3229 ) ;
#622 = EDGE_CURVE ( 'NONE', #3203, #5124, #4314, .T. ) ;
#623 = DIRECTION ( 'NONE',  ( -1.000000000000000000, 0.0000000000000000000, 0.0000000000000000000 ) ) ;
#624 = CARTESIAN_POINT ( 'NONE',  ( -64.55123272383410438, 2.546907771615400051, -10.09999999999999964 ) ) ;
#625 = ORIENTED_EDGE ( 'NONE', *, *, #7126, .F. ) ;
#626 = DIRECTION ( 'NONE',  ( 0.0000000000000000000, 0.0000000000000000000, -1.000000000000000000 ) ) ;
#627 = CARTESIAN_POINT ( 'NONE',  ( -65.20258286331053910, -3.997243117889674568, 8.175086999933631304 ) ) ;
#628 = EDGE_LOOP ( 'NONE', ( #946, #3289, #4176, #2677 ) ) ;
#629 = COLOUR_RGB ( '',0.4000000000000000222, 0.2000000000000000111, 0.0000000000000000000 ) ;
#630 = ORIENTED_EDGE ( 'NONE', *, *, #5414, .F. ) ;
#631 = EDGE_CURVE ( 'NONE', #2609, #5302, #6111, .T. ) ;
#632 = VECTOR ( 'NONE', #5980, 1000.000000000000000 ) ;
#633 = CARTESIAN_POINT ( 'NONE',  ( -67.13672593304981717, -4.711829332461356046, 7.550666162800466985 ) ) ;
#634 = CARTESIAN_POINT ( 'NONE',  ( -65.15219588181371080, 0.3872233073824062344, 9.091757701908916189 ) ) ;
#635 = CARTESIAN_POINT ( 'NONE',  ( -66.65062569851569663, 2.900667350248990584, -10.09999999999999964 ) ) ;
#636 = CARTESIAN_POINT ( 'NONE',  ( -66.82348332702176208, 3.343514479643201476, 8.463504647864054320 ) ) ;
#637 = CARTESIAN_POINT ( 'NONE',  ( -66.64144807277749294, 2.894712706407660097, -10.09999999999999964 ) ) ;
#638 = DIRECTION ( 'NONE',  ( 1.000000000000000000, 0.0000000000000000000, 0.0000000000000000000 ) ) ;
#639 = ORIENTED_EDGE ( 'NONE', *, *, #6383, .T. ) ;
#640 = VERTEX_POINT ( 'NONE', #2360 ) ;
#641 = VECTOR ( 'NONE', #2402, 1000.000000000000000 ) ;
#642 = FACE_OUTER_BOUND ( 'NONE', #2120, .T. ) ;
#643 =( GEOMETRIC_REPRESENTATION_CONTEXT ( 3 ) GLOBAL_UNCERTAINTY_ASSIGNED_CONTEXT ( ( #5947 ) ) GLOBAL_UNIT_ASSIGNED_CONTEXT ( ( #5019, #7370, #417 ) ) REPRESENTATION_CONTEXT ( 'NONE', 'WORKASPACE' ) );
#644 = CARTESIAN_POINT ( 'NONE',  ( -67.32181575369574489, 1.102706574863473676, 9.033065378593283512 ) ) ;
#645 = FILL_AREA_STYLE_COLOUR ( '', #5507 ) ;
#646 = ORIENTED_EDGE ( 'NONE', *, *, #6060, .F. ) ;
#647 = B_SPLINE_CURVE_WITH_KNOTS ( 'NONE', 3,
 ( #6975, #5806, #3426, #595 ),
 .UNSPECIFIED., .F., .F.,
 ( 4, 4 ),
 ( 1.277411321700293424E-14, 0.0002633914357858439608 ),
 .UNSPECIFIED. ) ;
#648 = DIRECTION ( 'NONE',  ( -0.0000000000000000000, -0.0000000000000000000, -1.000000000000000000 ) ) ;
#649 = CARTESIAN_POINT ( 'NONE',  ( -65.72138070241156527, 0.5383690583147324737, 9.085303527481000785 ) ) ;
#650 = VERTEX_POINT ( 'NONE', #4970 ) ;
#651 = DIRECTION ( 'NONE',  ( -1.000000000000000000, -0.0000000000000000000, 1.836970198721029934E-16 ) ) ;
#652 = CARTESIAN_POINT ( 'NONE',  ( -71.80973495877130119, -1.524902822846709860, 8.971324951247412471 ) ) ;
#653 = B_SPLINE_CURVE_WITH_KNOTS ( 'NONE', 3,
 ( #3002, #2440, #6421, #6524 ),
 .UNSPECIFIED., .F., .F.,
 ( 4, 4 ),
 ( 1.701588270230522336E-15, 0.0001154271115318274794 ),
 .UNSPECIFIED. ) ;
#654 = ORIENTED_EDGE ( 'NONE', *, *, #2368, .F. ) ;
#655 = ORIENTED_EDGE ( 'NONE', *, *, #4353, .F. ) ;
#656 = ADVANCED_FACE ( 'NONE', ( #6127 ), #2113, .T. ) ;
#657 = EDGE_CURVE ( 'NONE', #1111, #3448, #6046, .T. ) ;
#658 = CARTESIAN_POINT ( 'NONE',  ( -65.12305560536501048, 0.3556056632379854809, 9.093104318189476842 ) ) ;
#659 = CARTESIAN_POINT ( 'NONE',  ( -66.57669423685530319, -0.1402577359331950158, 8.899656467489514000 ) ) ;
#660 = B_SPLINE_CURVE_WITH_KNOTS ( 'NONE', 3,
 ( #4184, #711, #5917, #6451 ),
 .UNSPECIFIED., .F., .F.,
 ( 4, 4 ),
 ( 1.647955312197063564E-14, 0.0002471178403062783218 ),
 .UNSPECIFIED. ) ;
#661 = DIRECTION ( 'NONE',  ( 0.0000000000000000000, 0.0000000000000000000, 1.000000000000000000 ) ) ;
#662 = ORIENTED_EDGE ( 'NONE', *, *, #4276, .T. ) ;
#663 = DIRECTION ( 'NONE',  ( -0.0000000000000000000, -0.0000000000000000000, -1.000000000000000000 ) ) ;
#664 = CARTESIAN_POINT ( 'NONE',  ( -65.99467776452640067, 3.045111062304179050, 8.575389123429498994 ) ) ;
#665 = ORIENTED_EDGE ( 'NONE', *, *, #519, .T. ) ;
#666 = EDGE_CURVE ( 'NONE', #7313, #3267, #1996, .T. ) ;
#667 = CARTESIAN_POINT ( 'NONE',  ( -67.36497556754954985, 1.001215341115940793, 9.044753608623858909 ) ) ;
#668 = CARTESIAN_POINT ( 'NONE',  ( -65.99467776452597434, 0.8226112148916954192, 8.861902210537794033 ) ) ;
#669 = CYLINDRICAL_SURFACE ( 'NONE', #2547, 10.39120178563669761 ) ;
#670 = LINE ( 'NONE', #6977, #374 ) ;
#671 = EDGE_CURVE ( 'NONE', #889, #1850, #5564, .T. ) ;
#672 = LINE ( 'NONE', #6447, #4792 ) ;
#673 = CARTESIAN_POINT ( 'NONE',  ( -65.75358379307080270, 3.269755562318210185, 8.492272873777038100 ) ) ;
#674 = VERTEX_POINT ( 'NONE', #2712 ) ;
#675 = ORIENTED_EDGE ( 'NONE', *, *, #3328, .T. ) ;
#676 = CARTESIAN_POINT ( 'NONE',  ( -66.99300346700100306, -4.197924817206712511, 8.073873124410626545 ) ) ;
#677 = B_SPLINE_CURVE_WITH_KNOTS ( 'NONE', 3,
 ( #5635, #3868, #7353, #1554 ),
 .UNSPECIFIED., .F., .F.,
 ( 4, 4 ),
 ( 2.168404344971008868E-19, 0.0002004645512793181176 ),
 .UNSPECIFIED. ) ;
#678 = CIRCLE ( 'NONE', #6905, 9.099999999999999645 ) ;
#679 = FILL_AREA_STYLE_COLOUR ( '', #5789 ) ;
#680 = VECTOR ( 'NONE', #6074, 1000.000000000000000 ) ;
#681 = EDGE_CURVE ( 'NONE', #1834, #6000, #6450, .T. ) ;
#682 = SURFACE_SIDE_STYLE ('',( #5814 ) ) ;
#683 = VERTEX_POINT ( 'NONE', #2600 ) ;
#684 = DIRECTION ( 'NONE',  ( 0.0000000000000000000, 0.0000000000000000000, -1.000000000000000000 ) ) ;
#685 = CARTESIAN_POINT ( 'NONE',  ( -66.94076318105084056, 1.444926967125847783, 8.781923824520040611 ) ) ;
#686 = EDGE_LOOP ( 'NONE', ( #1025, #3168, #7209, #5324, #1196 ) ) ;
#687 = CYLINDRICAL_SURFACE ( 'NONE', #1848, 0.9382525326510904318 ) ;
#688 = CARTESIAN_POINT ( 'NONE',  ( -66.62984216101949642, 1.158874961853036067, 8.824228511478516168 ) ) ;
#689 = VERTEX_POINT ( 'NONE', #4399 ) ;
#690 = ORIENTED_EDGE ( 'NONE', *, *, #2311, .F. ) ;
#691 = ORIENTED_EDGE ( 'NONE', *, *, #3433, .T. ) ;
#692 = FACE_OUTER_BOUND ( 'NONE', #3571, .T. ) ;
#693 = LINE ( 'NONE', #764, #140 ) ;
#694 = EDGE_CURVE ( 'NONE', #6044, #6506, #7029, .T. ) ;
#695 = EDGE_CURVE ( 'NONE', #689, #5323, #6387, .T. ) ;
#696 = ORIENTED_EDGE ( 'NONE', *, *, #3340, .T. ) ;
#697 = CARTESIAN_POINT ( 'NONE',  ( -66.38220626832709570, -4.749251030003510010, -10.09999999999999964 ) ) ;
#698 = ORIENTED_EDGE ( 'NONE', *, *, #6441, .T. ) ;
#699 = CARTESIAN_POINT ( 'NONE',  ( -64.96182552429424106, 0.2138970497753313327, 9.097485809392484413 ) ) ;
#700 = DIRECTION ( 'NONE',  ( 0.0000000000000000000, 0.0000000000000000000, 1.000000000000000000 ) ) ;
#701 = ADVANCED_FACE ( 'NONE', ( #1519 ), #2032, .T. ) ;
#702 = DIRECTION ( 'NONE',  ( 0.0000000000000000000, 0.0000000000000000000, 1.000000000000000000 ) ) ;
#703 = ORIENTED_EDGE ( 'NONE', *, *, #2884, .T. ) ;
#704 = CARTESIAN_POINT ( 'NONE',  ( -64.52793426638299934, 3.733270642598479849, -10.09999999999999964 ) ) ;
#705 = PLANE ( 'NONE',  #966 ) ;
#706 = VERTEX_POINT ( 'NONE', #2679 ) ;
#707 = ORIENTED_EDGE ( 'NONE', *, *, #1750, .T. ) ;
#708 = CARTESIAN_POINT ( 'NONE',  ( -65.35207002790205877, -5.477102530049661411, 7.267141657854468306 ) ) ;
#709 = EDGE_CURVE ( 'NONE', #2133, #2416, #6768, .T. ) ;
#710 = EDGE_CURVE ( 'NONE', #4659, #1668, #1377, .T. ) ;
#711 = CARTESIAN_POINT ( 'NONE',  ( -64.48567510014096626, -4.515171499700936231, 7.901260796773502904 ) ) ;
#712 = DIRECTION ( 'NONE',  ( -1.000000000000000000, -0.0000000000000000000, 1.836970198721029934E-16 ) ) ;
#713 = CARTESIAN_POINT ( 'NONE',  ( -67.36440999436634058, -5.166260747636006734, 7.247051116656735736 ) ) ;
#714 = EDGE_CURVE ( 'NONE', #6959, #3418, #4577, .T. ) ;
#715 = CARTESIAN_POINT ( 'NONE',  ( -66.63715704617170843, -1.683767663635940659, 8.753783443544474352 ) ) ;
#716 = CARTESIAN_POINT ( 'NONE',  ( -67.03022072413936883, 0.2971084403570352639, 8.895161310660064657 ) ) ;
#717 = CARTESIAN_POINT ( 'NONE',  ( -67.44745403326946587, -4.446436080861418283, 7.939723306187310925 ) ) ;
#718 = CARTESIAN_POINT ( 'NONE',  ( -66.79285193264229292, -5.371567164380218529, 7.096214920544079874 ) ) ;
#719 = ORIENTED_EDGE ( 'NONE', *, *, #5742, .T. ) ;
#720 = ORIENTED_EDGE ( 'NONE', *, *, #6125, .F. ) ;
#721 = COLOUR_RGB ( '',1.000000000000000000, 0.8000000000000000444, 0.5999999999999999778 ) ;
#722 = ORIENTED_EDGE ( 'NONE', *, *, #1709, .T. ) ;
#723 = VECTOR ( 'NONE', #3641, 1000.000000000000000 ) ;
#724 = CARTESIAN_POINT ( 'NONE',  ( -66.97576418837121537, 2.464717604784436134, 8.551910145029932409 ) ) ;
#725 = B_SPLINE_CURVE_WITH_KNOTS ( 'NONE', 3,
 ( #4810, #1435, #5867, #3017 ),
 .UNSPECIFIED., .F., .F.,
 ( 4, 4 ),
 ( 4.583084700451312311E-15, 0.0001646352264423557501 ),
 .UNSPECIFIED. ) ;
#726 = ORIENTED_EDGE ( 'NONE', *, *, #577, .T. ) ;
#727 = CARTESIAN_POINT ( 'NONE',  ( -84.00000000000000000, 0.0000000000000000000, -5.143516556418880167E-15 ) ) ;
#728 = DIRECTION ( 'NONE',  ( 1.000000000000000000, 0.0000000000000000000, 0.0000000000000000000 ) ) ;
#729 = ORIENTED_EDGE ( 'NONE', *, *, #376, .T. ) ;
#730 = EDGE_LOOP ( 'NONE', ( #7323, #5960, #1937, #639 ) ) ;
#731 = B_SPLINE_CURVE_WITH_KNOTS ( 'NONE', 3,
 ( #6087, #3239, #1490, #1965 ),
 .UNSPECIFIED., .F., .F.,
 ( 4, 4 ),
 ( 7.030566148421555865E-16, 0.0002716045327506658993 ),
 .UNSPECIFIED. ) ;
#732 = VECTOR ( 'NONE', #876, 1000.000000000000000 ) ;
#733 = VECTOR ( 'NONE', #2973, 1000.000000000000000 ) ;
#734 = B_SPLINE_CURVE_WITH_KNOTS ( 'NONE', 3,
 ( #7433, #7021, #6896, #3464 ),
 .UNSPECIFIED., .F., .F.,
 ( 4, 4 ),
 ( 2.570120199584531420E-14, 0.0003121848410083101575 ),
 .UNSPECIFIED. ) ;
#735 = SURFACE_STYLE_FILL_AREA ( #3646 ) ;
#736 = DIRECTION ( 'NONE',  ( 0.0000000000000000000, 0.0000000000000000000, 1.000000000000000000 ) ) ;
#737 = VECTOR ( 'NONE', #5531, 1000.000000000000000 ) ;
#738 = EDGE_LOOP ( 'NONE', ( #1077, #2366, #6705, #1772 ) ) ;
#739 = CARTESIAN_POINT ( 'NONE',  ( -67.06577245555519085, 0.9077850169897804244, 9.054651667379543412 ) ) ;
#740 = DIRECTION ( 'NONE',  ( 0.0000000000000000000, 0.0000000000000000000, 1.000000000000000000 ) ) ;
#741 = ORIENTED_EDGE ( 'NONE', *, *, #4629, .F. ) ;
#742 = ORIENTED_EDGE ( 'NONE', *, *, #4601, .T. ) ;
#743 = EDGE_CURVE ( 'NONE', #395, #6413, #6881, .T. ) ;
#744 = EDGE_CURVE ( 'NONE', #5788, #1651, #1900, .T. ) ;
#745 = VECTOR ( 'NONE', #5796, 1000.000000000000000 ) ;
#746 = CARTESIAN_POINT ( 'NONE',  ( -66.80599676638300366, -1.150937614440908696, 8.825267282505683042 ) ) ;
#747 =( GEOMETRIC_REPRESENTATION_CONTEXT ( 3 ) GLOBAL_UNCERTAINTY_ASSIGNED_CONTEXT ( ( #2502 ) ) GLOBAL_UNIT_ASSIGNED_CONTEXT ( ( #1637, #4978, #1530 ) ) REPRESENTATION_CONTEXT ( 'NONE', 'WORKASPACE' ) );
#748 = CARTESIAN_POINT ( 'NONE',  ( -66.89178373630187480, -5.737497531130424377, 6.804153837096993840 ) ) ;
#749 = EDGE_CURVE ( 'NONE', #2084, #6491, #2355, .T. ) ;
#750 = LINE ( 'NONE', #3068, #4621 ) ;
#751 = VECTOR ( 'NONE', #2214, 1000.000000000000000 ) ;
#752 = LINE ( 'NONE', #1283, #641 ) ;
#753 = LINE ( 'NONE', #5857, #7349 ) ;
#754 = EDGE_CURVE ( 'NONE', #7169, #1264, #4509, .T. ) ;
#755 = CARTESIAN_POINT ( 'NONE',  ( -64.86924676638300014, 2.374469879011594120, 8.577405947818192544 ) ) ;
#756 = CARTESIAN_POINT ( 'NONE',  ( -66.86599387066723921, -5.320122412801380207, 7.383113120836162224 ) ) ;
#757 = ORIENTED_EDGE ( 'NONE', *, *, #6793, .T. ) ;
#758 = AXIS2_PLACEMENT_3D ( 'NONE', #7326, #2159, #6175 ) ;
#759 = EDGE_LOOP ( 'NONE', ( #2279, #6659, #3422, #3161 ) ) ;
#760 = ORIENTED_EDGE ( 'NONE', *, *, #5424, .T. ) ;
#761 = CARTESIAN_POINT ( 'NONE',  ( -64.80574676638303799, -4.686556477328054804, 7.566121092396991266 ) ) ;
#762 = FILL_AREA_STYLE ('',( #4697 ) ) ;
#763 = B_SPLINE_CURVE_WITH_KNOTS ( 'NONE', 3,
 ( #6534, #6435, #2558, #4166 ),
 .UNSPECIFIED., .F., .F.,
 ( 4, 4 ),
 ( 1.163387706471791076E-13, 0.0002575478128841543631 ),
 .UNSPECIFIED. ) ;
#764 = CARTESIAN_POINT ( 'NONE',  ( -64.86924676638300014, 3.733270642598479849, -10.09999999999999964 ) ) ;
#765 = ORIENTED_EDGE ( 'NONE', *, *, #1750, .F. ) ;
#766 =( NAMED_UNIT ( * ) SI_UNIT ( $, .STERADIAN. ) SOLID_ANGLE_UNIT ( ) );
#767 = ORIENTED_EDGE ( 'NONE', *, *, #2631, .T. ) ;
#768 = EDGE_LOOP ( 'NONE', ( #5355, #630, #2079, #2042 ) ) ;
#769 = VECTOR ( 'NONE', #3896, 1000.000000000000000 ) ;
#770 = CARTESIAN_POINT ( 'NONE',  ( -66.98359309303744169, 3.237306474146973478, 8.290346614118830004 ) ) ;
#771 = DIRECTION ( 'NONE',  ( 0.0000000000000000000, 0.0000000000000000000, -1.000000000000000000 ) ) ;
#772 = VERTEX_POINT ( 'NONE', #618 ) ;
#773 = DIRECTION ( 'NONE',  ( 1.000000000000000000, 0.0000000000000000000, 0.0000000000000000000 ) ) ;
#774 = CARTESIAN_POINT ( 'NONE',  ( -64.85201268575501388, -4.402258597263814188, -10.09999999999999964 ) ) ;
#775 = ORIENTED_EDGE ( 'NONE', *, *, #164, .T. ) ;
#776 = ORIENTED_EDGE ( 'NONE', *, *, #3891, .T. ) ;
#777 = EDGE_CURVE ( 'NONE', #6660, #3904, #2258, .T. ) ;
#778 = EDGE_CURVE ( 'NONE', #5708, #3272, #2153, .T. ) ;
#779 = DIRECTION ( 'NONE',  ( -0.0000000000000000000, -0.0000000000000000000, -1.000000000000000000 ) ) ;
#780 = CARTESIAN_POINT ( 'NONE',  ( -66.97576418837120116, 2.464717604781539784, -10.09999999999999964 ) ) ;
#781 = VECTOR ( 'NONE', #3858, 1000.000000000000000 ) ;
#782 = ORIENTED_EDGE ( 'NONE', *, *, #4866, .F. ) ;
#783 = LINE ( 'NONE', #345, #5310 ) ;
#784 = CARTESIAN_POINT ( 'NONE',  ( -66.18377194945999520, -5.572688287214385916, 7.194128501217430305 ) ) ;
#785 = COLOUR_RGB ( '',1.000000000000000000, 0.5999999999999999778, 0.2000000000000000111 ) ;
#786 = EDGE_CURVE ( 'NONE', #6070, #7147, #7424, .T. ) ;
#787 = CARTESIAN_POINT ( 'NONE',  ( -66.96605320176432485, 2.061987744899920649, 8.863306749734141121 ) ) ;
#788 = CARTESIAN_POINT ( 'NONE',  ( -64.90127641198452579, 2.393407118555455071, 8.572163581400873866 ) ) ;
#789 = ORIENTED_EDGE ( 'NONE', *, *, #7080, .T. ) ;
#790 = ORIENTED_EDGE ( 'NONE', *, *, #5466, .T. ) ;
#791 = DIRECTION ( 'NONE',  ( 0.0000000000000000000, 0.0000000000000000000, -1.000000000000000000 ) ) ;
#792 = CARTESIAN_POINT ( 'NONE',  ( -65.02925805657299918, 2.489746943260637835, 8.752831809647426908 ) ) ;
#793 = CARTESIAN_POINT ( 'NONE',  ( -64.77395546497911027, -0.2804583714803318695, 8.895579975575895304 ) ) ;
#794 = ADVANCED_FACE ( 'NONE', ( #5597 ), #2743, .F. ) ;
#795 = CARTESIAN_POINT ( 'NONE',  ( -66.32542412140350052, -4.706998381849739843, -10.09999999999999964 ) ) ;
#796 = EDGE_LOOP ( 'NONE', ( #3649, #2590, #1180, #1466, #4694 ) ) ;
#797 = CARTESIAN_POINT ( 'NONE',  ( 84.00000000000000000, 1.083812417245407876E-15, 8.849999999999985434 ) ) ;
#798 = CARTESIAN_POINT ( 'NONE',  ( -64.69492490900948667, -0.3053136434988760750, 8.894764047561178444 ) ) ;
#799 = CARTESIAN_POINT ( 'NONE',  ( -64.52793426638299934, -0.8175626144409100515, -10.09999999999999964 ) ) ;
#800 = ORIENTED_EDGE ( 'NONE', *, *, #1421, .T. ) ;
#801 = EDGE_LOOP ( 'NONE', ( #2710, #2894, #7155, #6832 ) ) ;
#802 = DIRECTION ( 'NONE',  ( 1.000000000000000000, 0.0000000000000000000, -1.836970198721029934E-16 ) ) ;
#803 = EDGE_CURVE ( 'NONE', #994, #5303, #5218, .T. ) ;
#804 = ORIENTED_EDGE ( 'NONE', *, *, #6519, .F. ) ;
#805 = DIRECTION ( 'NONE',  ( -0.0000000000000000000, -0.0000000000000000000, -1.000000000000000000 ) ) ;
#806 = PLANE ( 'NONE',  #25 ) ;
#807 = VERTEX_POINT ( 'NONE', #6839 ) ;
#808 = ORIENTED_EDGE ( 'NONE', *, *, #681, .F. ) ;
#809 = CARTESIAN_POINT ( 'NONE',  ( -65.06082165257612360, 2.518647144976312813, -10.09999999999999964 ) ) ;
#810 = DIRECTION ( 'NONE',  ( 1.000000000000000000, 0.0000000000000000000, 0.0000000000000000000 ) ) ;
#811 = VERTEX_POINT ( 'NONE', #1702 ) ;
#812 = CARTESIAN_POINT ( 'NONE',  ( -64.65388574423340629, 1.910565872570530566, 8.897175846670057453 ) ) ;
#813 = ORIENTED_EDGE ( 'NONE', *, *, #4549, .T. ) ;
#814 = CARTESIAN_POINT ( 'NONE',  ( -67.31706478007713201, -5.272339251213815636, 7.170526366715112232 ) ) ;
#815 = EDGE_CURVE ( 'NONE', #1874, #5442, #129, .T. ) ;
#816 = B_SPLINE_CURVE_WITH_KNOTS ( 'NONE', 3,
 ( #3523, #6952, #2328, #6995 ),
 .UNSPECIFIED., .F., .F.,
 ( 4, 4 ),
 ( 9.271972269652006096E-15, 0.0001484580501271153972 ),
 .UNSPECIFIED. ) ;
#817 = FACE_OUTER_BOUND ( 'NONE', #1481, .T. ) ;
#818 = CARTESIAN_POINT ( 'NONE',  ( -66.15653197287950604, -4.658651222308310302, -10.09999999999999964 ) ) ;
#819 = CARTESIAN_POINT ( 'NONE',  ( -64.93223193112311264, 2.414125066895488558, 8.566360743062066518 ) ) ;
#820 = CARTESIAN_POINT ( 'NONE',  ( -65.93034995836477208, 3.436069172315416420, 8.426353223255233615 ) ) ;
#821 = ORIENTED_EDGE ( 'NONE', *, *, #5100, .T. ) ;
#822 = ORIENTED_EDGE ( 'NONE', *, *, #4256, .F. ) ;
#823 = CARTESIAN_POINT ( 'NONE',  ( -66.82563370479930143, -4.049248987205910311, -10.09999999999999964 ) ) ;
#824 = DIRECTION ( 'NONE',  ( -0.0000000000000000000, -0.0000000000000000000, -1.000000000000000000 ) ) ;
#825 = EDGE_CURVE ( 'NONE', #5323, #807, #2786, .T. ) ;
#826 = CYLINDRICAL_SURFACE ( 'NONE', #5694, 3.200000000000000178 ) ;
#827 = EDGE_CURVE ( 'NONE', #5159, #4162, #6006, .T. ) ;
#828 = CARTESIAN_POINT ( 'NONE',  ( -67.40789909148870152, 2.670951000997965785, 8.489759758100824172 ) ) ;
#829 = AXIS2_PLACEMENT_3D ( 'NONE', #2772, #421, #6219 ) ;
#830 = ORIENTED_EDGE ( 'NONE', *, *, #2362, .F. ) ;
#831 = CYLINDRICAL_SURFACE ( 'NONE', #1000, 0.6799142162667026756 ) ;
#832 = CARTESIAN_POINT ( 'NONE',  ( -64.49325324595476161, -4.879406808754955804, 7.681236176207315580 ) ) ;
#833 = CARTESIAN_POINT ( 'NONE',  ( -66.84560662090933647, -0.2130433845502785750, 8.897604899621072150 ) ) ;
#834 = ORIENTED_EDGE ( 'NONE', *, *, #1007, .F. ) ;
#835 = ORIENTED_EDGE ( 'NONE', *, *, #4362, .F. ) ;
#836 = EDGE_CURVE ( 'NONE', #846, #7347, #1141, .T. ) ;
#837 = AXIS2_PLACEMENT_3D ( 'NONE', #1601, #6173, #1040 ) ;
#838 = CARTESIAN_POINT ( 'NONE',  ( -64.96182552429424106, 0.2138970497753313327, 9.097485809392484413 ) ) ;
#839 = ORIENTED_EDGE ( 'NONE', *, *, #5424, .F. ) ;
#840 = CARTESIAN_POINT ( 'NONE',  ( -64.56211648065234954, -4.198440640753711151, 7.847784218088108332 ) ) ;
#841 = CARTESIAN_POINT ( 'NONE',  ( -64.35922364862260281, 1.014601550444149902, -10.09999999999999964 ) ) ;
#842 = AXIS2_PLACEMENT_3D ( 'NONE', #6443, #2985, #771 ) ;
#843 = EDGE_LOOP ( 'NONE', ( #7430, #1805, #166, #145 ) ) ;
#844 = EDGE_CURVE ( 'NONE', #1488, #7160, #6644, .T. ) ;
#845 =( BOUNDED_CURVE ( )  B_SPLINE_CURVE ( 3, ( #2493, #4747, #7019, #4217 ),
 .UNSPECIFIED., .F., .F. ) 
 B_SPLINE_CURVE_WITH_KNOTS ( ( 4, 4 ),
 ( 1.570796326794898334, 1.599002909912114134 ),
 .UNSPECIFIED. ) 
 CURVE ( )  GEOMETRIC_REPRESENTATION_ITEM ( )  RATIONAL_B_SPLINE_CURVE ( ( 1.000000000000000000, 0.9999337001546840797, 0.9999337001546840797, 1.000000000000000000 ) ) 
 REPRESENTATION_ITEM ( '' )  );
#846 = VERTEX_POINT ( 'NONE', #4769 ) ;
#847 = EDGE_CURVE ( 'NONE', #5990, #5945, #7333, .T. ) ;
#848 = VECTOR ( 'NONE', #5123, 1000.000000000000000 ) ;
#849 = CARTESIAN_POINT ( 'NONE',  ( -67.10079531653705942, -4.404687396361394391, 7.962959810292606022 ) ) ;
#850 = ORIENTED_EDGE ( 'NONE', *, *, #520, .F. ) ;
#851 = VECTOR ( 'NONE', #4017, 1000.000000000000000 ) ;
#852 = AXIS2_PLACEMENT_3D ( 'NONE', #2173, #2130, #7181 ) ;
#853 = ORIENTED_EDGE ( 'NONE', *, *, #2452, .F. ) ;
#854 = CARTESIAN_POINT ( 'NONE',  ( -66.28224579171299524, 3.662432598360049418, 8.111509567427622969 ) ) ;
#855 = LINE ( 'NONE', #4483, #3834 ) ;
#856 = DIRECTION ( 'NONE',  ( 1.000000000000000000, 0.0000000000000000000, -1.836970198721029934E-16 ) ) ;
#857 = LINE ( 'NONE', #4874, #2754 ) ;
#858 = ORIENTED_EDGE ( 'NONE', *, *, #7215, .T. ) ;
#859 = EDGE_LOOP ( 'NONE', ( #454, #1020, #7016, #1024 ) ) ;
#860 = ORIENTED_EDGE ( 'NONE', *, *, #4996, .T. ) ;
#861 = LINE ( 'NONE', #3110, #5289 ) ;
#862 = CARTESIAN_POINT ( 'NONE',  ( -67.38915056349668475, -4.212472272245111782, 7.840236284991958904 ) ) ;
#863 = FACE_BOUND ( 'NONE', #5720, .T. ) ;
#864 = VECTOR ( 'NONE', #3094, 1000.000000000000000 ) ;
#865 = CARTESIAN_POINT ( 'NONE',  ( -64.52793426638299934, 1.902353975931808217, -10.09999999999999964 ) ) ;
#866 = VERTEX_POINT ( 'NONE', #1362 ) ;
#867 = EDGE_CURVE ( 'NONE', #2717, #1181, #6546, .T. ) ;
#868 = DIRECTION ( 'NONE',  ( 0.0000000000000000000, 0.0000000000000000000, -1.000000000000000000 ) ) ;
#869 = EDGE_CURVE ( 'NONE', #7222, #3237, #467, .T. ) ;
#870 = DIRECTION ( 'NONE',  ( 0.0000000000000000000, 0.0000000000000000000, 1.000000000000000000 ) ) ;
#871 = ORIENTED_EDGE ( 'NONE', *, *, #5952, .F. ) ;
#872 = VERTEX_POINT ( 'NONE', #5231 ) ;
#873 = CARTESIAN_POINT ( 'NONE',  ( -67.40789909149198422, 0.4484511536079411331, -10.09999999999999964 ) ) ;
#874 = AXIS2_PLACEMENT_3D ( 'NONE', #2750, #3382, #5753 ) ;
#875 = DIRECTION ( 'NONE',  ( -1.000000000000000000, 0.0000000000000000000, 0.0000000000000000000 ) ) ;
#876 = DIRECTION ( 'NONE',  ( -1.000000000000000000, -0.0000000000000000000, 1.836970198721029934E-16 ) ) ;
#877 = ORIENTED_EDGE ( 'NONE', *, *, #926, .F. ) ;
#878 = CARTESIAN_POINT ( 'NONE',  ( -66.14231277078299343, -5.958416857401914513, 6.611147294791491547 ) ) ;
#879 = EDGE_CURVE ( 'NONE', #4912, #4850, #1219, .T. ) ;
#880 = LINE ( 'NONE', #3170, #141 ) ;
#881 = VECTOR ( 'NONE', #4135, 1000.000000000000000 ) ;
#882 = VERTEX_POINT ( 'NONE', #5898 ) ;
#883 = EDGE_LOOP ( 'NONE', ( #260, #1955, #172, #4937 ) ) ;
#884 = ADVANCED_FACE ( 'NONE', ( #3639 ), #168, .F. ) ;
#885 = CARTESIAN_POINT ( 'NONE',  ( -66.97576418837122958, 2.464717604781510474, 8.759861136381118740 ) ) ;
#886 = CARTESIAN_POINT ( 'NONE',  ( -66.28224579171299524, 3.662432598360048530, -10.09999999999999964 ) ) ;
#887 = ORIENTED_EDGE ( 'NONE', *, *, #4909, .F. ) ;
#888 = B_SPLINE_CURVE_WITH_KNOTS ( 'NONE', 3,
 ( #4461, #3780, #3886, #381 ),
 .UNSPECIFIED., .F., .F.,
 ( 4, 4 ),
 ( 3.820401483284572997E-16, 0.0001559557110291001473 ),
 .UNSPECIFIED. ) ;
#889 = VERTEX_POINT ( 'NONE', #5340 ) ;
#890 = CARTESIAN_POINT ( 'NONE',  ( -66.16067119391611584, -5.140763475852960340, -10.09999999999999964 ) ) ;
#891 = CARTESIAN_POINT ( 'NONE',  ( -64.90957729864409487, -4.278499868237489068, 8.031465549791768410 ) ) ;
#892 = ADVANCED_FACE ( 'NONE', ( #2482 ), #4199, .F. ) ;
#893 = DIRECTION ( 'NONE',  ( -0.0000000000000000000, -0.0000000000000000000, -1.000000000000000000 ) ) ;
#894 = CARTESIAN_POINT ( 'NONE',  ( -65.06082165257612360, 0.2961472975642023275, -10.09999999999999964 ) ) ;
#895 = VECTOR ( 'NONE', #3372, 1000.000000000000000 ) ;
#896 = CARTESIAN_POINT ( 'NONE',  ( -65.09883677201305829, -5.762853184792131600, 7.042983332478066849 ) ) ;
#897 = ORIENTED_EDGE ( 'NONE', *, *, #3881, .F. ) ;
#898 = CARTESIAN_POINT ( 'NONE',  ( -65.59304757032762723, 0.3882346920049681849, 8.891528205203199420 ) ) ;
#899 = CARTESIAN_POINT ( 'NONE',  ( -66.18379655832866604, -5.572684430515771226, 6.939419077456089546 ) ) ;
#900 = CARTESIAN_POINT ( 'NONE',  ( -64.52793426638299934, 1.510770795186370030, -10.09999999999999964 ) ) ;
#901 = VECTOR ( 'NONE', #3224, 1000.000000000000000 ) ;
#902 = LINE ( 'NONE', #3745, #5042 ) ;
#903 = CARTESIAN_POINT ( 'NONE',  ( -67.41722572534663982, 0.7753830915339461338, 9.067141677239332509 ) ) ;
#904 = ORIENTED_EDGE ( 'NONE', *, *, #77, .F. ) ;
#905 = CYLINDRICAL_SURFACE ( 'NONE', #3359, 1.239151154690198986 ) ;
#906 = VERTEX_POINT ( 'NONE', #1774 ) ;
#907 = ORIENTED_EDGE ( 'NONE', *, *, #2922, .T. ) ;
#908 = DIRECTION ( 'NONE',  ( 1.000000000000000000, 0.0000000000000000000, 6.123233995736789455E-17 ) ) ;
#909 = EDGE_CURVE ( 'NONE', #1623, #6849, #7188, .T. ) ;
#910 = EDGE_CURVE ( 'NONE', #5115, #7068, #3495, .T. ) ;
#911 = LINE ( 'NONE', #2965, #4214 ) ;
#912 = DIRECTION ( 'NONE',  ( 0.0000000000000000000, 0.0000000000000000000, 1.000000000000000000 ) ) ;
#913 = DIRECTION ( 'NONE',  ( 0.0000000000000000000, 0.0000000000000000000, 1.000000000000000000 ) ) ;
#914 = ORIENTED_EDGE ( 'NONE', *, *, #7281, .F. ) ;
#915 = CARTESIAN_POINT ( 'NONE',  ( -67.41864671158212730, -5.002816254292089759, 7.601436017345081453 ) ) ;
#916 = CARTESIAN_POINT ( 'NONE',  ( -66.98996372377642672, -5.668753299138176160, 7.119379686801146079 ) ) ;
#917 = VERTEX_POINT ( 'NONE', #6393 ) ;
#918 = ORIENTED_EDGE ( 'NONE', *, *, #5604, .F. ) ;
#919 = ADVANCED_FACE ( 'NONE', ( #692 ), #5268, .F. ) ;
#920 = FILL_AREA_STYLE ('',( #3767 ) ) ;
#921 = CYLINDRICAL_SURFACE ( 'NONE', #3112, 8.900000000000000355 ) ;
#922 = DIRECTION ( 'NONE',  ( 0.0000000000000000000, 0.0000000000000000000, -1.000000000000000000 ) ) ;
#923 = UNCERTAINTY_MEASURE_WITH_UNIT (LENGTH_MEASURE( 1.000000000000000082E-05 ), #2156, 'distance_accuracy_value', 'NONE');
#924 = CYLINDRICAL_SURFACE ( 'NONE', #2648, 1.912270519056236129 ) ;
#925 = LINE ( 'NONE', #1417, #7106 ) ;
#926 = EDGE_CURVE ( 'NONE', #6805, #4124, #2158, .T. ) ;
#927 =( NAMED_UNIT ( * ) SI_UNIT ( $, .STERADIAN. ) SOLID_ANGLE_UNIT ( ) );
#928 = EDGE_LOOP ( 'NONE', ( #2193, #3563, #191, #6916 ) ) ;
#929 = SURFACE_STYLE_USAGE ( .BOTH. , #6066 ) ;
#930 = B_SPLINE_CURVE_WITH_KNOTS ( 'NONE', 3,
 ( #4610, #4004, #3520, #6303 ),
 .UNSPECIFIED., .F., .F.,
 ( 4, 4 ),
 ( 1.454503152813942088E-13, 0.0001794235902258723607 ),
 .UNSPECIFIED. ) ;
#931 = CARTESIAN_POINT ( 'NONE',  ( -67.41720066652877108, 2.998038735113515152, 8.592236226095508300 ) ) ;
#932 = DIRECTION ( 'NONE',  ( 0.0000000000000000000, 0.0000000000000000000, 1.000000000000000000 ) ) ;
#933 = CARTESIAN_POINT ( 'NONE',  ( -66.62289686365923558, -3.558646024068181202, 8.157575526796172483 ) ) ;
#934 = ORIENTED_EDGE ( 'NONE', *, *, #6785, .T. ) ;
#935 = ORIENTED_EDGE ( 'NONE', *, *, #6961, .F. ) ;
#936 = EDGE_LOOP ( 'NONE', ( #6356, #1636, #1367, #6427 ) ) ;
#937 = CARTESIAN_POINT ( 'NONE',  ( -66.84230187871135342, 1.485848666941643081, 8.977971465551746633 ) ) ;
#938 = DIRECTION ( 'NONE',  ( 0.0000000000000000000, 0.0000000000000000000, 1.000000000000000000 ) ) ;
#939 = ADVANCED_FACE ( 'NONE', ( #1853 ), #2062, .F. ) ;
#940 = FACE_OUTER_BOUND ( 'NONE', #1810, .T. ) ;
#941 = B_SPLINE_CURVE_WITH_KNOTS ( 'NONE', 3,
 ( #2078, #2748, #949, #5040 ),
 .UNSPECIFIED., .F., .F.,
 ( 4, 4 ),
 ( 0.0000000000000000000, 1.000000000000000000 ),
 .UNSPECIFIED. ) ;
#942 = ORIENTED_EDGE ( 'NONE', *, *, #6375, .F. ) ;
#943 = CYLINDRICAL_SURFACE ( 'NONE', #3279, 1.209088060177596180 ) ;
#944 = CARTESIAN_POINT ( 'NONE',  ( -67.41189259971629610, 0.0000000000000000000, 1.238336377450620565E-14 ) ) ;
#945 = ORIENTED_EDGE ( 'NONE', *, *, #4213, .F. ) ;
#946 = ORIENTED_EDGE ( 'NONE', *, *, #657, .F. ) ;
#947 = VECTOR ( 'NONE', #6783, 1000.000000000000000 ) ;
#948 = CYLINDRICAL_SURFACE ( 'NONE', #2404, 1.322449638543096828 ) ;
#949 = CARTESIAN_POINT ( 'NONE',  ( -65.24427412540927662, 0.4871297539229011986, 9.087502627598395222 ) ) ;
#950 = EDGE_LOOP ( 'NONE', ( #5870, #2906, #5136, #853 ) ) ;
#951 = CARTESIAN_POINT ( 'NONE',  ( -64.61216260307719494, -0.3186646434753316881, 8.894295823875953744 ) ) ;
#952 = CARTESIAN_POINT ( 'NONE',  ( -66.89156396234855606, -5.737605793365688989, 7.063644952232632335 ) ) ;
#953 = ORIENTED_EDGE ( 'NONE', *, *, #2907, .T. ) ;
#954 = ORIENTED_EDGE ( 'NONE', *, *, #7389, .T. ) ;
#955 = AXIS2_PLACEMENT_3D ( 'NONE', #3396, #5692, #568 ) ;
#956 = CARTESIAN_POINT ( 'NONE',  ( -67.14515915869129969, -0.3274810107336499909, -10.09999999999999964 ) ) ;
#957 = VECTOR ( 'NONE', #2518, 1000.000000000000000 ) ;
#958 = LINE ( 'NONE', #7296, #4827 ) ;
#959 = DIRECTION ( 'NONE',  ( 1.000000000000000000, 0.0000000000000000000, -1.836970198721029934E-16 ) ) ;
#960 = CYLINDRICAL_SURFACE ( 'NONE', #6730, 1.378492983808154992 ) ;
#961 = ORIENTED_EDGE ( 'NONE', *, *, #709, .T. ) ;
#962 = EDGE_CURVE ( 'NONE', #6344, #2133, #861, .T. ) ;
#963 = EDGE_CURVE ( 'NONE', #3565, #3635, #7382, .T. ) ;
#964 = CARTESIAN_POINT ( 'NONE',  ( -65.30025190091399168, 0.06996371508217592849, 9.099806373447362873 ) ) ;
#965 = VERTEX_POINT ( 'NONE', #1429 ) ;
#966 = AXIS2_PLACEMENT_3D ( 'NONE', #71, #7024, #182 ) ;
#967 = FILL_AREA_STYLE_COLOUR ( '', #6307 ) ;
#968 = CARTESIAN_POINT ( 'NONE',  ( -66.97576418837121537, 0.2422177573697856245, 8.896703353378427437 ) ) ;
#969 = STYLED_ITEM ( 'NONE', ( #1630 ), #3934 ) ;
#970 = CIRCLE ( 'NONE', #621, 8.900000000000000355 ) ;
#971 = CARTESIAN_POINT ( 'NONE',  ( -67.24202186327163133, -3.953267896741550658, 8.196442700134786818 ) ) ;
#972 = DIRECTION ( 'NONE',  ( 0.0000000000000000000, 0.0000000000000000000, 1.000000000000000000 ) ) ;
#973 = EDGE_CURVE ( 'NONE', #5808, #2019, #2875, .T. ) ;
#974 = ORIENTED_EDGE ( 'NONE', *, *, #1697, .F. ) ;
#975 = CARTESIAN_POINT ( 'NONE',  ( -66.99300346700100306, -4.197924817206712511, 8.073873124410626545 ) ) ;
#976 = LINE ( 'NONE', #2134, #6180 ) ;
#977 = ADVANCED_FACE ( 'NONE', ( #6035 ), #3703, .F. ) ;
#978 = CARTESIAN_POINT ( 'NONE',  ( -66.98440449857446310, 3.236494773470059982, 8.505004502132917921 ) ) ;
#979 = FACE_OUTER_BOUND ( 'NONE', #1135, .T. ) ;
#980 = EDGE_LOOP ( 'NONE', ( #6120, #4784, #2358, #4041 ) ) ;
#981 = FACE_OUTER_BOUND ( 'NONE', #1145, .T. ) ;
#982 = CARTESIAN_POINT ( 'NONE',  ( -65.42334216101947675, 0.6894876160326597336, -10.09999999999999964 ) ) ;
#983 = EDGE_CURVE ( 'NONE', #2701, #4840, #3143, .T. ) ;
#984 = AXIS2_PLACEMENT_3D ( 'NONE', #5399, #4868, #6559 ) ;
#985 = ORIENTED_EDGE ( 'NONE', *, *, #1069, .T. ) ;
#986 = EDGE_LOOP ( 'NONE', ( #1744, #1298, #7165, #4751, #1947, #484 ) ) ;
#987 = CARTESIAN_POINT ( 'NONE',  ( -67.44383416404038201, -4.890890944008149610, 7.674227064872404469 ) ) ;
#988 = VECTOR ( 'NONE', #5245, 1000.000000000000000 ) ;
#989 = CARTESIAN_POINT ( 'NONE',  ( -67.07058009971629531, 4.680478823343920070, 7.569882296590170867 ) ) ;
#990 = CARTESIAN_POINT ( 'NONE',  ( -67.08840227058921357, 2.635913031522695960, 8.500703646772366895 ) ) ;
#991 = ORIENTED_EDGE ( 'NONE', *, *, #1469, .T. ) ;
#992 = DIRECTION ( 'NONE',  ( 0.0000000000000000000, 0.0000000000000000000, -1.000000000000000000 ) ) ;
#993 = CARTESIAN_POINT ( 'NONE',  ( -67.11904706659302633, 2.973338209401944265, 8.388638738943919648 ) ) ;
#994 = VERTEX_POINT ( 'NONE', #7226 ) ;
#995 = VERTEX_POINT ( 'NONE', #4803 ) ;
#996 = AXIS2_PLACEMENT_3D ( 'NONE', #5352, #5942, #4892 ) ;
#997 = DIRECTION ( 'NONE',  ( 1.000000000000000000, 0.0000000000000000000, 6.123233995736789455E-17 ) ) ;
#998 = CARTESIAN_POINT ( 'NONE',  ( -64.86924676638300014, 0.0000000000000000000, 1.191628731233266239E-14 ) ) ;
#999 = CARTESIAN_POINT ( 'NONE',  ( -64.81442220022434242, -4.811894695753147211, 7.723708269800389381 ) ) ;
#1000 = AXIS2_PLACEMENT_3D ( 'NONE', #2560, #4882, #2488 ) ;
#1001 = FILL_AREA_STYLE_COLOUR ( '', #6268 ) ;
#1002 = DIRECTION ( 'NONE',  ( 0.0000000000000000000, 0.0000000000000000000, -1.000000000000000000 ) ) ;
#1003 = VERTEX_POINT ( 'NONE', #4843 ) ;
#1004 = CARTESIAN_POINT ( 'NONE',  ( -65.35207002812609289, -5.477102530133649338, 7.015080033356978717 ) ) ;
#1005 = B_SPLINE_CURVE_WITH_KNOTS ( 'NONE', 3,
 ( #5329, #4152, #4721, #1840 ),
 .UNSPECIFIED., .F., .F.,
 ( 4, 4 ),
 ( 1.453963218420191702E-17, 0.0002674443873278812851 ),
 .UNSPECIFIED. ) ;
#1006 = EDGE_CURVE ( 'NONE', #2091, #6660, #6285, .T. ) ;
#1007 = EDGE_CURVE ( 'NONE', #208, #4421, #7110, .T. ) ;
#1008 = CARTESIAN_POINT ( 'NONE',  ( 84.00000000000000000, 0.0000000000000000000, -1.543054966925660342E-14 ) ) ;
#1009 = ADVANCED_FACE ( 'NONE', ( #5516 ), #6565, .T. ) ;
#1010 = B_SPLINE_CURVE_WITH_KNOTS ( 'NONE', 3,
 ( #3695, #3071, #3146, #5437 ),
 .UNSPECIFIED., .F., .F.,
 ( 4, 4 ),
 ( 3.274518537427335414E-14, 0.0003807538803694950286 ),
 .UNSPECIFIED. ) ;
#1011 = CARTESIAN_POINT ( 'NONE',  ( -67.11551716450192373, 2.708229148197797365, 8.478279738662685361 ) ) ;
#1012 = CARTESIAN_POINT ( 'NONE',  ( -67.08840227052772320, 0.4134131839466012592, -10.09999999999999964 ) ) ;
#1013 = ORIENTED_EDGE ( 'NONE', *, *, #2885, .F. ) ;
#1014 = B_SPLINE_CURVE_WITH_KNOTS ( 'NONE', 3,
 ( #6983, #5810, #1162, #1836 ),
 .UNSPECIFIED., .F., .F.,
 ( 4, 4 ),
 ( 1.659509638185557486E-15, 0.0002713772654935562309 ),
 .UNSPECIFIED. ) ;
#1015 = CARTESIAN_POINT ( 'NONE',  ( -67.05943200063818210, 2.102713749557668432, 8.648141278606239268 ) ) ;
#1016 = ORIENTED_EDGE ( 'NONE', *, *, #107, .T. ) ;
#1017 = CARTESIAN_POINT ( 'NONE',  ( -64.83970852115089656, -4.930712128363396118, 7.409323714564663099 ) ) ;
#1018 = EDGE_CURVE ( 'NONE', #5470, #3152, #7149, .T. ) ;
#1019 = CARTESIAN_POINT ( 'NONE',  ( -67.20919697746614929, 0.01382858428122650009, -10.09999999999999964 ) ) ;
#1020 = ORIENTED_EDGE ( 'NONE', *, *, #4601, .F. ) ;
#1021 = CARTESIAN_POINT ( 'NONE',  ( -66.55199676638301298, 0.09260412851970334369, 8.899518215913786889 ) ) ;
#1022 = FACE_OUTER_BOUND ( 'NONE', #3917, .T. ) ;
#1023 = CARTESIAN_POINT ( 'NONE',  ( -67.11534708982155450, 0.4852757081508842774, 9.087336374861342492 ) ) ;
#1024 = ORIENTED_EDGE ( 'NONE', *, *, #1211, .T. ) ;
#1025 = ORIENTED_EDGE ( 'NONE', *, *, #5471, .F. ) ;
#1026 = ADVANCED_FACE ( 'NONE', ( #3671 ), #5962, .T. ) ;
#1027 = CARTESIAN_POINT ( 'NONE',  ( -65.99484216101940603, -5.580062690734854947, 6.933462365043101094 ) ) ;
#1028 = B_SPLINE_CURVE_WITH_KNOTS ( 'NONE', 3,
 ( #2902, #4545, #60, #6887 ),
 .UNSPECIFIED., .F., .F.,
 ( 4, 4 ),
 ( 6.945670167485262780E-20, 0.0001559555471659577726 ),
 .UNSPECIFIED. ) ;
#1029 = VECTOR ( 'NONE', #5336, 1000.000000000000000 ) ;
#1030 = EDGE_CURVE ( 'NONE', #3907, #674, #6379, .T. ) ;
#1031 = CARTESIAN_POINT ( 'NONE',  ( -67.41189259971629610, -1.184465270464410303, -10.09999999999999964 ) ) ;
#1032 =( LENGTH_UNIT ( ) NAMED_UNIT ( * ) SI_UNIT ( .MILLI., .METRE. ) );
#1033 = ORIENTED_EDGE ( 'NONE', *, *, #175, .F. ) ;
#1034 = DIRECTION ( 'NONE',  ( -1.000000000000000000, 0.0000000000000000000, 0.0000000000000000000 ) ) ;
#1035 = AXIS2_PLACEMENT_3D ( 'NONE', #5181, #6912, #6221 ) ;
#1036 = DIRECTION ( 'NONE',  ( -0.0000000000000000000, -0.0000000000000000000, 1.000000000000000000 ) ) ;
#1037 = ORIENTED_EDGE ( 'NONE', *, *, #1920, .F. ) ;
#1038 = ORIENTED_EDGE ( 'NONE', *, *, #7389, .F. ) ;
#1039 = EDGE_CURVE ( 'NONE', #2929, #23, #2997, .T. ) ;
#1040 = DIRECTION ( 'NONE',  ( 1.000000000000000000, 0.0000000000000000000, 0.0000000000000000000 ) ) ;
#1041 = DIRECTION ( 'NONE',  ( -1.000000000000000000, -0.0000000000000000000, 1.836970198721029934E-16 ) ) ;
#1042 = CARTESIAN_POINT ( 'NONE',  ( -66.50854878557403538, 3.724986658015321250, 8.082983761086643071 ) ) ;
#1043 = LINE ( 'NONE', #487, #1552 ) ;
#1044 = PRESENTATION_STYLE_ASSIGNMENT (( #1683 ) ) ;
#1045 = FACE_OUTER_BOUND ( 'NONE', #314, .T. ) ;
#1046 = CARTESIAN_POINT ( 'NONE',  ( -65.83597994916070206, -5.111669463066069952, -10.09999999999999964 ) ) ;
#1047 = CARTESIAN_POINT ( 'NONE',  ( -67.24452901766024127, 2.275184095042217969, 8.604368009554944408 ) ) ;
#1048 = CARTESIAN_POINT ( 'NONE',  ( -66.97576418837121537, 0.2422177573697856245, 8.896703353378427437 ) ) ;
#1049 = VERTEX_POINT ( 'NONE', #2437 ) ;
#1050 = EDGE_CURVE ( 'NONE', #2855, #6123, #1005, .T. ) ;
#1051 = FACE_OUTER_BOUND ( 'NONE', #7093, .T. ) ;
#1052 = CARTESIAN_POINT ( 'NONE',  ( -67.00833746129237056, 3.212479577403703601, 8.514143245861168552 ) ) ;
#1053 = DIRECTION ( 'NONE',  ( 1.000000000000000000, 0.0000000000000000000, 0.0000000000000000000 ) ) ;
#1054 = ORIENTED_EDGE ( 'NONE', *, *, #2859, .F. ) ;
#1055 = DIRECTION ( 'NONE',  ( -0.0000000000000000000, -0.0000000000000000000, -1.000000000000000000 ) ) ;
#1056 = PLANE ( 'NONE',  #4083 ) ;
#1057 = CARTESIAN_POINT ( 'NONE',  ( -67.08840227052651528, 0.4134131839433772826, 9.090604465014525459 ) ) ;
#1058 = ORIENTED_EDGE ( 'NONE', *, *, #6444, .T. ) ;
#1059 = ORIENTED_EDGE ( 'NONE', *, *, #6785, .F. ) ;
#1060 = EDGE_CURVE ( 'NONE', #4198, #5861, #6946, .T. ) ;
#1061 = EDGE_CURVE ( 'NONE', #4124, #5825, #1278, .T. ) ;
#1062 = CARTESIAN_POINT ( 'NONE',  ( -65.75166017455966028, -5.570359015803959757, 6.941304085721603734 ) ) ;
#1063 = CARTESIAN_POINT ( 'NONE',  ( 98.70000000000001705, 3.918869757271531446E-16, 3.199999999999982414 ) ) ;
#1064 = CARTESIAN_POINT ( 'NONE',  ( -66.05602533176045199, 1.313937699030195638, 8.802585649132311119 ) ) ;
#1065 = VERTEX_POINT ( 'NONE', #5851 ) ;
#1066 = DIRECTION ( 'NONE',  ( -0.0000000000000000000, -0.0000000000000000000, -1.000000000000000000 ) ) ;
#1067 = CARTESIAN_POINT ( 'NONE',  ( -66.82563370473964426, -4.049248987169570491, 8.149452904330845016 ) ) ;
#1068 = EDGE_LOOP ( 'NONE', ( #64, #3290, #1447, #5404 ) ) ;
#1069 = EDGE_CURVE ( 'NONE', #4876, #7423, #6737, .T. ) ;
#1070 = CARTESIAN_POINT ( 'NONE',  ( -65.93034995837960821, 3.436069172328130694, 8.209959113355951743 ) ) ;
#1071 = CARTESIAN_POINT ( 'NONE',  ( -64.58904986792431657, -5.238804307657050963, 7.440761347205950393 ) ) ;
#1072 = CARTESIAN_POINT ( 'NONE',  ( -66.92700339747726446, 0.1951497294830550622, 8.897984806935514968 ) ) ;
#1073 = SURFACE_STYLE_FILL_AREA ( #5577 ) ;
#1074 = CARTESIAN_POINT ( 'NONE',  ( -64.86924676638300014, 1.510770795186370030, -10.09999999999999964 ) ) ;
#1075 = DIRECTION ( 'NONE',  ( 0.0000000000000000000, 0.0000000000000000000, 1.000000000000000000 ) ) ;
#1076 = VERTEX_POINT ( 'NONE', #4226 ) ;
#1077 = ORIENTED_EDGE ( 'NONE', *, *, #6628, .F. ) ;
#1078 = EDGE_CURVE ( 'NONE', #470, #3309, #3317, .T. ) ;
#1079 = CARTESIAN_POINT ( 'NONE',  ( -67.40419597248640571, -5.058539380283610498, 7.322958331630992745 ) ) ;
#1080 = B_SPLINE_CURVE_WITH_KNOTS ( 'NONE', 3,
 ( #62, #3458, #209, #2489 ),
 .UNSPECIFIED., .F., .F.,
 ( 4, 4 ),
 ( 0.0000000000000000000, 0.0003897186218403626205 ),
 .UNSPECIFIED. ) ;
#1081 = AXIS2_PLACEMENT_3D ( 'NONE', #3698, #5958, #3666 ) ;
#1082 = CARTESIAN_POINT ( 'NONE',  ( -64.80390907036151305, -5.554220930765943365, 6.954763185233255207 ) ) ;
#1083 =( LENGTH_UNIT ( ) NAMED_UNIT ( * ) SI_UNIT ( .MILLI., .METRE. ) );
#1084 = CARTESIAN_POINT ( 'NONE',  ( -64.91897807386341412, -5.120751562778030674, 7.522621214912722287 ) ) ;
#1085 = DIRECTION ( 'NONE',  ( 0.0000000000000000000, 0.0000000000000000000, -1.000000000000000000 ) ) ;
#1086 = VECTOR ( 'NONE', #6010, 1000.000000000000000 ) ;
#1087 = AXIS2_PLACEMENT_3D ( 'NONE', #6554, #5578, #1002 ) ;
#1088 = CARTESIAN_POINT ( 'NONE',  ( -65.33650851391800529, 2.329487421848150941, 8.796788524879490367 ) ) ;
#1089 = VERTEX_POINT ( 'NONE', #2396 ) ;
#1090 = CARTESIAN_POINT ( 'NONE',  ( -73.00561028366129790, 0.3107680673900600210, -10.09999999999999964 ) ) ;
#1091 = VECTOR ( 'NONE', #7014, 1000.000000000000000 ) ;
#1092 = CARTESIAN_POINT ( 'NONE',  ( -70.10428868674109992, 0.3107680673900590218, -10.09999999999999964 ) ) ;
#1093 = VERTEX_POINT ( 'NONE', #1871 ) ;
#1094 = CARTESIAN_POINT ( 'NONE',  ( -67.11904706659090891, 0.7508383620023770799, -10.09999999999999964 ) ) ;
#1095 = B_SPLINE_CURVE_WITH_KNOTS ( 'NONE', 3,
 ( #713, #5951, #814, #192 ),
 .UNSPECIFIED., .F., .F.,
 ( 4, 4 ),
 ( 0.0000000000000000000, 0.0002085776216605133150 ),
 .UNSPECIFIED. ) ;
#1096 = FACE_OUTER_BOUND ( 'NONE', #1925, .T. ) ;
#1097 = ORIENTED_EDGE ( 'NONE', *, *, #565, .F. ) ;
#1098 = ORIENTED_EDGE ( 'NONE', *, *, #6465, .F. ) ;
#1099 = CARTESIAN_POINT ( 'NONE',  ( -67.10079531604223746, -4.404687394775145926, 7.733610344096030431 ) ) ;
#1100 = AXIS2_PLACEMENT_3D ( 'NONE', #3438, #7374, #2208 ) ;
#1101 = LINE ( 'NONE', #6394, #2945 ) ;
#1102 = DIRECTION ( 'NONE',  ( -0.0000000000000000000, -0.0000000000000000000, -1.000000000000000000 ) ) ;
#1103 = EDGE_CURVE ( 'NONE', #7406, #2448, #660, .T. ) ;
#1104 = EDGE_CURVE ( 'NONE', #287, #1076, #5026, .T. ) ;
#1105 = ADVANCED_FACE ( 'NONE', ( #5391, #1311 ), #7066, .F. ) ;
#1106 = DIRECTION ( 'NONE',  ( 1.000000000000000000, 0.0000000000000000000, 0.0000000000000000000 ) ) ;
#1107 = ORIENTED_EDGE ( 'NONE', *, *, #337, .T. ) ;
#1108 = CARTESIAN_POINT ( 'NONE',  ( -64.94159378546143557, -5.156915355010807112, 7.253704158652592326 ) ) ;
#1109 = CARTESIAN_POINT ( 'NONE',  ( -66.46198832729639605, -4.559599982631490356, -10.09999999999999964 ) ) ;
#1110 = ORIENTED_EDGE ( 'NONE', *, *, #5845, .F. ) ;
#1111 = VERTEX_POINT ( 'NONE', #3136 ) ;
#1112 = DIRECTION ( 'NONE',  ( 1.000000000000000000, 0.0000000000000000000, -1.836970198721029934E-16 ) ) ;
#1113 = CARTESIAN_POINT ( 'NONE',  ( -65.59304757034267652, 0.3882346920226912301, -10.09999999999999964 ) ) ;
#1114 = EDGE_CURVE ( 'NONE', #4227, #6323, #2517, .T. ) ;
#1115 = CARTESIAN_POINT ( 'NONE',  ( -66.62984216101949642, 3.381374809265144776, 8.448449822261318687 ) ) ;
#1116 =( LENGTH_UNIT ( ) NAMED_UNIT ( * ) SI_UNIT ( .MILLI., .METRE. ) );
#1117 = CARTESIAN_POINT ( 'NONE',  ( -66.45265163423509591, 3.713779373126476102, 8.088129744739539717 ) ) ;
#1118 = VECTOR ( 'NONE', #5430, 1000.000000000000000 ) ;
#1119 = ORIENTED_EDGE ( 'NONE', *, *, #5327, .F. ) ;
#1120 = ORIENTED_EDGE ( 'NONE', *, *, #2065, .T. ) ;
#1121 = PLANE ( 'NONE',  #955 ) ;
#1122 = EDGE_CURVE ( 'NONE', #5875, #1290, #302, .T. ) ;
#1123 = VECTOR ( 'NONE', #3305, 1000.000000000000000 ) ;
#1124 = DIRECTION ( 'NONE',  ( 0.0000000000000000000, 0.0000000000000000000, 1.000000000000000000 ) ) ;
#1125 = DIRECTION ( 'NONE',  ( -0.0000000000000000000, -0.0000000000000000000, -1.000000000000000000 ) ) ;
#1126 = CARTESIAN_POINT ( 'NONE',  ( -66.33713687350038413, 3.684833099063966166, 8.101395503785626673 ) ) ;
#1127 = CARTESIAN_POINT ( 'NONE',  ( -64.52776374131818216, -5.063065796351880365, 7.319519433802459396 ) ) ;
#1128 = STYLED_ITEM ( 'NONE', ( #4847 ), #6333 ) ;
#1129 = CARTESIAN_POINT ( 'NONE',  ( -67.41864671157013333, -5.002816254338180890, 7.360830763258307208 ) ) ;
#1130 = ORIENTED_EDGE ( 'NONE', *, *, #1346, .T. ) ;
#1131 = EDGE_CURVE ( 'NONE', #6548, #5514, #6484, .T. ) ;
#1132 = CARTESIAN_POINT ( 'NONE',  ( -67.40675155075442149, 3.063003179983808888, 8.356315666572754708 ) ) ;
#1133 = CARTESIAN_POINT ( 'NONE',  ( -67.36915619415380263, 0.2885766856455752039, 9.095423217008763217 ) ) ;
#1134 =( BOUNDED_CURVE ( )  B_SPLINE_CURVE ( 3, ( #4799, #4305, #6069, #933 ),
 .UNSPECIFIED., .F., .F. ) 
 B_SPLINE_CURVE_WITH_KNOTS ( ( 4, 4 ),
 ( 1.114887406910133105, 1.159445464475278742 ),
 .UNSPECIFIED. ) 
 CURVE ( )  GEOMETRIC_REPRESENTATION_ITEM ( )  RATIONAL_B_SPLINE_CURVE ( ( 1.000000000000000000, 0.9998345551356220273, 0.9998345551356220273, 1.000000000000000000 ) ) 
 REPRESENTATION_ITEM ( '' )  );
#1135 = EDGE_LOOP ( 'NONE', ( #4451, #3423, #3492, #4969 ) ) ;
#1136 = B_SPLINE_CURVE_WITH_KNOTS ( 'NONE', 3,
 ( #3777, #3102, #6176, #6779 ),
 .UNSPECIFIED., .F., .F.,
 ( 4, 4 ),
 ( 1.326388453952859342E-13, 0.0002807973299811776383 ),
 .UNSPECIFIED. ) ;
#1137 = DIRECTION ( 'NONE',  ( -0.0000000000000000000, -0.0000000000000000000, -1.000000000000000000 ) ) ;
#1138 = CARTESIAN_POINT ( 'NONE',  ( -67.27522070446327973, 2.317137098243314597, 8.800172940041553815 ) ) ;
#1139 = ORIENTED_EDGE ( 'NONE', *, *, #5683, .T. ) ;
#1140 = ORIENTED_EDGE ( 'NONE', *, *, #7332, .T. ) ;
#1141 = LINE ( 'NONE', #203, #6103 ) ;
#1142 = DIRECTION ( 'NONE',  ( -1.000000000000000000, 4.234615018435899824E-16, 0.0000000000000000000 ) ) ;
#1143 = CARTESIAN_POINT ( 'NONE',  ( -65.42334216101941990, 2.911987463206402893, 8.621503871954645959 ) ) ;
#1144 = CARTESIAN_POINT ( 'NONE',  ( 98.70000000000001705, 0.0000000000000000000, -1.813089586137660369E-14 ) ) ;
#1145 = EDGE_LOOP ( 'NONE', ( #4020, #2572, #6571, #6868 ) ) ;
#1146 = CYLINDRICAL_SURFACE ( 'NONE', #1953, 1.476639468632537255 ) ;
#1147 = ORIENTED_EDGE ( 'NONE', *, *, #2688, .F. ) ;
#1148 = ORIENTED_EDGE ( 'NONE', *, *, #5096, .F. ) ;
#1149 = VECTOR ( 'NONE', #2732, 1000.000000000000000 ) ;
#1150 = ADVANCED_FACE ( 'NONE', ( #3250 ), #4259, .F. ) ;
#1151 = EDGE_CURVE ( 'NONE', #650, #7012, #5308, .T. ) ;
#1152 = B_SPLINE_CURVE_WITH_KNOTS ( 'NONE', 3,
 ( #5760, #4066, #3425, #5645 ),
 .UNSPECIFIED., .F., .F.,
 ( 4, 4 ),
 ( 1.666898117480018816E-15, 0.0001243227382787033151 ),
 .UNSPECIFIED. ) ;
#1153 = CARTESIAN_POINT ( 'NONE',  ( -64.99081044387136785, -4.165182614566301567, 7.865192546107801164 ) ) ;
#1154 = CARTESIAN_POINT ( 'NONE',  ( -67.40712804066956210, -4.269522496301595638, 8.036241512894868322 ) ) ;
#1155 = CIRCLE ( 'NONE', #6054, 9.099999999999999645 ) ;
#1156 = DIRECTION ( 'NONE',  ( 0.0000000000000000000, 0.0000000000000000000, -1.000000000000000000 ) ) ;
#1157 = DIRECTION ( 'NONE',  ( 1.000000000000000000, 0.0000000000000000000, 0.0000000000000000000 ) ) ;
#1158 = CARTESIAN_POINT ( 'NONE',  ( -64.86924676638300014, 0.1519700315994824691, 9.098730961485557600 ) ) ;
#1159 = DIRECTION ( 'NONE',  ( 1.000000000000000000, 0.0000000000000000000, 0.0000000000000000000 ) ) ;
#1160 = ORIENTED_EDGE ( 'NONE', *, *, #1618, .F. ) ;
#1161 = EDGE_LOOP ( 'NONE', ( #904, #4865, #4494, #300 ) ) ;
#1162 = CARTESIAN_POINT ( 'NONE',  ( -66.35514435860599747, 3.315230588921366017, 8.474692299058903089 ) ) ;
#1163 =( GEOMETRIC_REPRESENTATION_CONTEXT ( 3 ) GLOBAL_UNCERTAINTY_ASSIGNED_CONTEXT ( ( #6487 ) ) GLOBAL_UNIT_ASSIGNED_CONTEXT ( ( #4905, #7261, #2659 ) ) REPRESENTATION_CONTEXT ( 'NONE', 'WORKASPACE' ) );
#1164 = EDGE_CURVE ( 'NONE', #5106, #11, #5018, .T. ) ;
#1165 = EDGE_CURVE ( 'NONE', #3693, #7012, #7257, .T. ) ;
#1167 = B_SPLINE_CURVE_WITH_KNOTS ( 'NONE', 3,
 ( #6754, #2017, #5510, #2624 ),
 .UNSPECIFIED., .F., .F.,
 ( 4, 4 ),
 ( 1.951563910473907981E-18, 0.0001009472600335593764 ),
 .UNSPECIFIED. ) ;
#1166 = CARTESIAN_POINT ( 'NONE',  ( -66.45265163423509591, 3.713779373126476102, 8.088129744739539717 ) ) ;
#1168 = CARTESIAN_POINT ( 'NONE',  ( -67.30140059490987881, 2.362104030080114825, 8.580819573390380484 ) ) ;
#1169 = CARTESIAN_POINT ( 'NONE',  ( -64.52793426638299934, 4.315353823343920148, 8.011723995455112046 ) ) ;
#1170 = EDGE_LOOP ( 'NONE', ( #3300, #1509, #6231, #3713 ) ) ;
#1171 = EDGE_CURVE ( 'NONE', #6858, #1322, #2575, .T. ) ;
#1172 = B_SPLINE_CURVE_WITH_KNOTS ( 'NONE', 3,
 ( #4615, #6345, #120, #4504 ),
 .UNSPECIFIED., .F., .F.,
 ( 4, 4 ),
 ( 1.223145841520012223E-16, 0.0001668556998373542605 ),
 .UNSPECIFIED. ) ;
#1173 = FILL_AREA_STYLE ('',( #3969 ) ) ;
#1174 = CARTESIAN_POINT ( 'NONE',  ( -66.12380674268769098, 3.580039177792769145, 8.366201018710288650 ) ) ;
#1175 = CARTESIAN_POINT ( 'NONE',  ( -67.40675155067607704, 0.8405033330587692308, 8.860223143189866590 ) ) ;
#1176 = CARTESIAN_POINT ( 'NONE',  ( -67.20919697746614929, 0.01382858428122645325, 9.099989492865198315 ) ) ;
#1177 = ORIENTED_EDGE ( 'NONE', *, *, #2202, .F. ) ;
#1178 = LINE ( 'NONE', #4010, #5325 ) ;
#1179 = ORIENTED_EDGE ( 'NONE', *, *, #5697, .F. ) ;
#1180 = ORIENTED_EDGE ( 'NONE', *, *, #7047, .F. ) ;
#1181 = VERTEX_POINT ( 'NONE', #2007 ) ;
#1182 = EDGE_CURVE ( 'NONE', #2374, #706, #2614, .T. ) ;
#1183 = CARTESIAN_POINT ( 'NONE',  ( -65.63193521802679697, -5.551181300838141652, 6.956607374663683174 ) ) ;
#1184 = CARTESIAN_POINT ( 'NONE',  ( -64.96182552429608847, 2.436396897188825239, -10.09999999999999964 ) ) ;
#1185 = VERTEX_POINT ( 'NONE', #4338 ) ;
#1186 = CARTESIAN_POINT ( 'NONE',  ( -67.42247593304968234, 0.5783132446857088826, 9.081841979363888484 ) ) ;
#1187 = CARTESIAN_POINT ( 'NONE',  ( -65.11956380657419174, -4.040928640034459285, 8.153726780434734422 ) ) ;
#1188 = VERTEX_POINT ( 'NONE', #6634 ) ;
#1189 = ORIENTED_EDGE ( 'NONE', *, *, #4223, .F. ) ;
#1190 = B_SPLINE_CURVE_WITH_KNOTS ( 'NONE', 3,
 ( #2035, #6266, #2815, #4 ),
 .UNSPECIFIED., .F., .F.,
 ( 4, 4 ),
 ( 2.506802822683162767E-15, 0.0001997625814656800512 ),
 .UNSPECIFIED. ) ;
#1191 = DIRECTION ( 'NONE',  ( -0.0000000000000000000, -0.0000000000000000000, -1.000000000000000000 ) ) ;
#1192 = DIRECTION ( 'NONE',  ( 0.0000000000000000000, 0.0000000000000000000, 1.000000000000000000 ) ) ;
#1193 = DIRECTION ( 'NONE',  ( 0.0000000000000000000, -1.000000000000000000, 0.0000000000000000000 ) ) ;
#1194 = FACE_OUTER_BOUND ( 'NONE', #1518, .T. ) ;
#1195 = CARTESIAN_POINT ( 'NONE',  ( -65.44359930859961594, -3.511021024068192276, 8.178186312902839816 ) ) ;
#1196 = ORIENTED_EDGE ( 'NONE', *, *, #2582, .F. ) ;
#1197 = VERTEX_POINT ( 'NONE', #1499 ) ;
#1198 = LINE ( 'NONE', #6860, #6831 ) ;
#1199 = CARTESIAN_POINT ( 'NONE',  ( -64.50636249560544400, -4.381297927121885039, 7.747220544996255676 ) ) ;
#1200 = AXIS2_PLACEMENT_3D ( 'NONE', #6143, #2804, #7366 ) ;
#1201 = ADVANCED_FACE ( 'NONE', ( #3771 ), #924, .F. ) ;
#1202 = ADVANCED_FACE ( 'NONE', ( #6293 ), #598, .F. ) ;
#1203 = FILL_AREA_STYLE_COLOUR ( '', #6130 ) ;
#1204 = CARTESIAN_POINT ( 'NONE',  ( -64.81802110919998938, -4.534715869611378736, -10.09999999999999964 ) ) ;
#1205 = CARTESIAN_POINT ( 'NONE',  ( -64.54345777564847708, -5.123256160620817568, 7.277884490777874582 ) ) ;
#1206 = FACE_OUTER_BOUND ( 'NONE', #4292, .T. ) ;
#1207 = EDGE_LOOP ( 'NONE', ( #822, #3781, #5265, #6880 ) ) ;
#1208 = AXIS2_PLACEMENT_3D ( 'NONE', #7028, #2431, #1869 ) ;
#1209 = CARTESIAN_POINT ( 'NONE',  ( -65.27304165049191909, -2.141026740781329263, 8.858813178262378685 ) ) ;
#1210 = DIRECTION ( 'NONE',  ( -0.0000000000000000000, 0.0000000000000000000, 1.000000000000000000 ) ) ;
#1211 = EDGE_CURVE ( 'NONE', #5068, #7222, #4558, .T. ) ;
#1212 = CIRCLE ( 'NONE', #4913, 3.200000000000000178 ) ;
#1213 = VECTOR ( 'NONE', #3061, 1000.000000000000000 ) ;
#1214 = ORIENTED_EDGE ( 'NONE', *, *, #3881, .T. ) ;
#1215 = CARTESIAN_POINT ( 'NONE',  ( -67.08840227052651528, 0.4134131839433772826, 9.090604465014525459 ) ) ;
#1216 = ORIENTED_EDGE ( 'NONE', *, *, #7239, .T. ) ;
#1217 = EDGE_LOOP ( 'NONE', ( #420, #5395, #1536, #5463, #3984 ) ) ;
#1218 = ORIENTED_EDGE ( 'NONE', *, *, #1920, .T. ) ;
#1219 = LINE ( 'NONE', #3566, #4668 ) ;
#1220 = CARTESIAN_POINT ( 'NONE',  ( -67.09685757287223851, -4.951532557656117106, 7.634941082318295713 ) ) ;
#1221 = CIRCLE ( 'NONE', #5518, 9.099999999999999645 ) ;
#1222 = EDGE_CURVE ( 'NONE', #4162, #2289, #6253, .T. ) ;
#1223 = VECTOR ( 'NONE', #7386, 1000.000000000000000 ) ;
#1224 = B_SPLINE_CURVE_WITH_KNOTS ( 'NONE', 3,
 ( #1980, #4268, #2622, #4870 ),
 .UNSPECIFIED., .F., .F.,
 ( 4, 4 ),
 ( 3.252606517456513302E-19, 0.0002744560235156022964 ),
 .UNSPECIFIED. ) ;
#1225 = CARTESIAN_POINT ( 'NONE',  ( -67.26382480116312479, 3.417407189839789083, 8.217890724519973489 ) ) ;
#1226 = CARTESIAN_POINT ( 'NONE',  ( -67.36440999442301347, -5.166260747496947303, 7.491311626736166573 ) ) ;
#1227 = ORIENTED_EDGE ( 'NONE', *, *, #5554, .F. ) ;
#1228 = CARTESIAN_POINT ( 'NONE',  ( -65.85551227487337655, -5.958416857445861581, 6.611147294811576813 ) ) ;
#1229 = CARTESIAN_POINT ( 'NONE',  ( -64.86924676638300014, 2.374469879011594120, 8.577405947818192544 ) ) ;
#1230 = ORIENTED_EDGE ( 'NONE', *, *, #5466, .F. ) ;
#1231 = VECTOR ( 'NONE', #5574, 1000.000000000000000 ) ;
#1232 = ORIENTED_EDGE ( 'NONE', *, *, #1981, .T. ) ;
#1233 = STYLED_ITEM ( 'NONE', ( #2808 ), #4366 ) ;
#1234 = FACE_OUTER_BOUND ( 'NONE', #2273, .T. ) ;
#1235 = LINE ( 'NONE', #5722, #3827 ) ;
#1236 = CARTESIAN_POINT ( 'NONE',  ( -67.36497556765719708, 3.223715188232454398, 8.295641047270523316 ) ) ;
#1237 = CARTESIAN_POINT ( 'NONE',  ( -65.33650851391787739, 0.1069875744429578668, 9.099371058425690606 ) ) ;
#1238 = ORIENTED_EDGE ( 'NONE', *, *, #6523, .T. ) ;
#1239 = VERTEX_POINT ( 'NONE', #3467 ) ;
#1240 = AXIS2_PLACEMENT_3D ( 'NONE', #2807, #2730, #3286 ) ;
#1241 = CARTESIAN_POINT ( 'NONE',  ( -64.96182552429424106, 0.2138970497753313327, 9.097485809392484413 ) ) ;
#1242 = MECHANICAL_DESIGN_GEOMETRIC_PRESENTATION_REPRESENTATION (  '', ( #1839 ), #643 ) ;
#1243 = UNCERTAINTY_MEASURE_WITH_UNIT (LENGTH_MEASURE( 1.000000000000000082E-05 ), #1032, 'distance_accuracy_value', 'NONE');
#1244 = CARTESIAN_POINT ( 'NONE',  ( -67.36915619406123312, 2.511076532784363824, 8.538412888031350789 ) ) ;
#1245 = CARTESIAN_POINT ( 'NONE',  ( -64.52776374131818216, -5.063065796351880365, 7.319519433802459396 ) ) ;
#1246 = VERTEX_POINT ( 'NONE', #2802 ) ;
#1247 = AXIS2_PLACEMENT_3D ( 'NONE', #6780, #1641, #6674 ) ;
#1248 = EDGE_CURVE ( 'NONE', #2553, #2609, #3056, .T. ) ;
#1249 = CARTESIAN_POINT ( 'NONE',  ( -66.27688212923850131, -5.558095973591567152, -10.09999999999999964 ) ) ;
#1250 = EDGE_CURVE ( 'NONE', #4706, #5159, #2862, .T. ) ;
#1251 = PLANE ( 'NONE',  #7218 ) ;
#1252 = DIRECTION ( 'NONE',  ( -0.0000000000000000000, -0.0000000000000000000, -1.000000000000000000 ) ) ;
#1253 = VERTEX_POINT ( 'NONE', #1756 ) ;
#1254 = LINE ( 'NONE', #1696, #6756 ) ;
#1255 = ORIENTED_EDGE ( 'NONE', *, *, #376, .F. ) ;
#1256 = ORIENTED_EDGE ( 'NONE', *, *, #7192, .T. ) ;
#1257 = DIRECTION ( 'NONE',  ( -0.0000000000000000000, -0.0000000000000000000, 1.000000000000000000 ) ) ;
#1258 = LINE ( 'NONE', #5828, #6297 ) ;
#1259 = ADVANCED_FACE ( 'NONE', ( #5053 ), #3877, .F. ) ;
#1260 = DIRECTION ( 'NONE',  ( 0.0000000000000000000, 0.0000000000000000000, 1.000000000000000000 ) ) ;
#1261 = CARTESIAN_POINT ( 'NONE',  ( -66.28224579161698671, 1.439932750908761605, 8.985354398845965207 ) ) ;
#1262 = ORIENTED_EDGE ( 'NONE', *, *, #7090, .F. ) ;
#1263 = CARTESIAN_POINT ( 'NONE',  ( -66.28224579181338072, 1.439932750988900612, 8.782744085570850956 ) ) ;
#1264 = VERTEX_POINT ( 'NONE', #3429 ) ;
#1265 = ADVANCED_FACE ( 'NONE', ( #5725 ), #6899, .F. ) ;
#1266 = VERTEX_POINT ( 'NONE', #3915 ) ;
#1267 = EDGE_CURVE ( 'NONE', #2201, #4849, #7367, .T. ) ;
#1268 = CARTESIAN_POINT ( 'NONE',  ( -67.13672593304967506, -4.658651222305786987, 7.583334938462693131 ) ) ;
#1269 = CARTESIAN_POINT ( 'NONE',  ( -66.98440449857443468, 3.236494773470041775, 8.290663518760201356 ) ) ;
#1270 = FACE_OUTER_BOUND ( 'NONE', #5496, .T. ) ;
#1271 = CYLINDRICAL_SURFACE ( 'NONE', #1687, 1.626751230448086893 ) ;
#1272 = ORIENTED_EDGE ( 'NONE', *, *, #6708, .F. ) ;
#1273 = CARTESIAN_POINT ( 'NONE',  ( -66.89190260008922451, -4.089620719869656362, 8.129393251417459609 ) ) ;
#1274 = ORIENTED_EDGE ( 'NONE', *, *, #1610, .T. ) ;
#1275 = CARTESIAN_POINT ( 'NONE',  ( -66.94076318111704893, 3.667426814510443833, 8.109252774467568869 ) ) ;
#1276 = ADVANCED_FACE ( 'NONE', ( #4030 ), #2278, .F. ) ;
#1277 = VECTOR ( 'NONE', #5750, 1000.000000000000000 ) ;
#1278 = LINE ( 'NONE', #109, #4315 ) ;
#1279 = CARTESIAN_POINT ( 'NONE',  ( -66.97576418837121537, 2.464717604784436134, 8.551910145029932409 ) ) ;
#1280 = CARTESIAN_POINT ( 'NONE',  ( -66.98400034106080625, 3.236899077991603146, 8.504850648073164265 ) ) ;
#1281 = ORIENTED_EDGE ( 'NONE', *, *, #15, .T. ) ;
#1282 = CARTESIAN_POINT ( 'NONE',  ( -66.79285193194303361, -5.371567164872070421, 7.345492916970814079 ) ) ;
#1283 = CARTESIAN_POINT ( 'NONE',  ( -66.55199676638302719, 2.315103975931813274, -10.09999999999999964 ) ) ;
#1284 = SURFACE_STYLE_USAGE ( .BOTH. , #6953 ) ;
#1285 = CARTESIAN_POINT ( 'NONE',  ( -67.03621470690512751, 1.405256166565946652, 8.788451028659119757 ) ) ;
#1286 = DIRECTION ( 'NONE',  ( -1.000000000000000000, 0.0000000000000000000, 0.0000000000000000000 ) ) ;
#1287 = ADVANCED_FACE ( 'NONE', ( #1194 ), #5014, .T. ) ;
#1288 = ORIENTED_EDGE ( 'NONE', *, *, #573, .T. ) ;
#1289 = ORIENTED_EDGE ( 'NONE', *, *, #6441, .F. ) ;
#1290 = VERTEX_POINT ( 'NONE', #1606 ) ;
#1291 = CARTESIAN_POINT ( 'NONE',  ( -66.69689601214369645, 1.158874962136249964, 9.025907645621488840 ) ) ;
#1292 = DIRECTION ( 'NONE',  ( -0.0000000000000000000, -0.0000000000000000000, -1.000000000000000000 ) ) ;
#1293 = DIRECTION ( 'NONE',  ( 4.357835199126469771E-16, 1.000000000000000000, -0.0000000000000000000 ) ) ;
#1294 = VERTEX_POINT ( 'NONE', #6177 ) ;
#1295 = EDGE_CURVE ( 'NONE', #6516, #640, #7338, .T. ) ;
#1296 = EDGE_CURVE ( 'NONE', #2133, #6347, #6112, .T. ) ;
#1297 = DIRECTION ( 'NONE',  ( 1.000000000000000000, 0.0000000000000000000, 0.0000000000000000000 ) ) ;
#1298 = ORIENTED_EDGE ( 'NONE', *, *, #1605, .T. ) ;
#1299 = B_SPLINE_CURVE_WITH_KNOTS ( 'NONE', 3,
 ( #7057, #4816, #770, #6472 ),
 .UNSPECIFIED., .F., .F.,
 ( 4, 4 ),
 ( 0.0000000000000000000, 1.000000000000000000 ),
 .UNSPECIFIED. ) ;
#1300 = ORIENTED_EDGE ( 'NONE', *, *, #1627, .T. ) ;
#1301 = CARTESIAN_POINT ( 'NONE',  ( -66.87525069739037065, -3.649884074550632906, 8.336335239834680166 ) ) ;
#1302 = ORIENTED_EDGE ( 'NONE', *, *, #815, .T. ) ;
#1303 = CARTESIAN_POINT ( 'NONE',  ( -64.48030926638305971, -4.657286943660963630, 7.817907541305751273 ) ) ;
#1304 = EDGE_CURVE ( 'NONE', #4741, #5347, #2245, .T. ) ;
#1305 = CARTESIAN_POINT ( 'NONE',  ( -66.28875904118879703, -5.942939228370909710, 6.891520668248390713 ) ) ;
#1306 = EDGE_LOOP ( 'NONE', ( #3653, #1508, #3815, #1371 ) ) ;
#1307 = EDGE_LOOP ( 'NONE', ( #2726, #2536, #4845, #4272 ) ) ;
#1308 = CARTESIAN_POINT ( 'NONE',  ( -65.06082165257612360, 0.2961472975641991079, 8.895071488085164901 ) ) ;
#1309 = DIRECTION ( 'NONE',  ( 1.000000000000000000, 0.0000000000000000000, 6.123233995736759873E-17 ) ) ;
#1310 = UNCERTAINTY_MEASURE_WITH_UNIT (LENGTH_MEASURE( 1.000000000000000082E-05 ), #6570, 'distance_accuracy_value', 'NONE');
#1311 = FACE_OUTER_BOUND ( 'NONE', #5989, .T. ) ;
#1312 = CARTESIAN_POINT ( 'NONE',  ( -66.99010692897775243, -5.668621139992804814, 6.862020318111905937 ) ) ;
#1313 = ORIENTED_EDGE ( 'NONE', *, *, #3933, .T. ) ;
#1314 = DIRECTION ( 'NONE',  ( -1.000000000000000000, 0.0000000000000000000, 0.0000000000000000000 ) ) ;
#1315 = CARTESIAN_POINT ( 'NONE',  ( -65.99467776452640067, 0.8226112148920692313, 9.062743005797639029 ) ) ;
#1316 = FILL_AREA_STYLE ('',( #1877 ) ) ;
#1317 = CYLINDRICAL_SURFACE ( 'NONE', #6984, 1.782071112175751093 ) ;
#1318 = CARTESIAN_POINT ( 'NONE',  ( -66.45265163423509591, 3.713779373126478767, -10.09999999999999964 ) ) ;
#1319 = ORIENTED_EDGE ( 'NONE', *, *, #1725, .T. ) ;
#1320 = EDGE_LOOP ( 'NONE', ( #6686, #1707, #505, #4546 ) ) ;
#1321 = VECTOR ( 'NONE', #7307, 1000.000000000000000 ) ;
#1322 = VERTEX_POINT ( 'NONE', #6817 ) ;
#1323 = CARTESIAN_POINT ( 'NONE',  ( -64.80574676645821341, -4.636008190354852232, 7.597431376684927073 ) ) ;
#1324 = VECTOR ( 'NONE', #1373, 1000.000000000000000 ) ;
#1325 = VECTOR ( 'NONE', #2896, 1000.000000000000000 ) ;
#1326 = CARTESIAN_POINT ( 'NONE',  ( -65.15739458942923079, -0.05663738396728447422, 8.899819785070793188 ) ) ;
#1327 = EDGE_LOOP ( 'NONE', ( #355, #1787, #3299, #7123 ) ) ;
#1328 =( NAMED_UNIT ( * ) PLANE_ANGLE_UNIT ( ) SI_UNIT ( $, .RADIAN. ) );
#1329 = LINE ( 'NONE', #6358, #5293 ) ;
#1330 = ORIENTED_EDGE ( 'NONE', *, *, #3717, .T. ) ;
#1331 = ORIENTED_EDGE ( 'NONE', *, *, #2492, .T. ) ;
#1332 = VECTOR ( 'NONE', #5724, 1000.000000000000000 ) ;
#1333 = AXIS2_PLACEMENT_3D ( 'NONE', #1074, #7363, #3393 ) ;
#1334 = ADVANCED_FACE ( 'NONE', ( #5846 ), #705, .F. ) ;
#1335 = EDGE_CURVE ( 'NONE', #5640, #5875, #4391, .T. ) ;
#1336 = EDGE_CURVE ( 'NONE', #4080, #2753, #672, .T. ) ;
#1337 = CARTESIAN_POINT ( 'NONE',  ( -66.53430276858281900, -3.918479357374160532, 7.990964868367949947 ) ) ;
#1338 = VECTOR ( 'NONE', #5401, 1000.000000000000000 ) ;
#1339 = AXIS2_PLACEMENT_3D ( 'NONE', #7429, #4439, #591 ) ;
#1340 = ORIENTED_EDGE ( 'NONE', *, *, #2247, .F. ) ;
#1341 = CARTESIAN_POINT ( 'NONE',  ( -67.38688549156209717, 2.563437933049329764, 8.731652401103611183 ) ) ;
#1342 = CARTESIAN_POINT ( 'NONE',  ( -65.09262123761403984, 2.547763423956967976, 8.527591869753971210 ) ) ;
#1343 = ORIENTED_EDGE ( 'NONE', *, *, #2118, .T. ) ;
#1344 = ORIENTED_EDGE ( 'NONE', *, *, #1060, .F. ) ;
#1345 = COLOUR_RGB ( '',1.000000000000000000, 0.5999999999999999778, 0.2000000000000000111 ) ;
#1346 = EDGE_CURVE ( 'NONE', #6200, #2940, #4201, .T. ) ;
#1347 = CARTESIAN_POINT ( 'NONE',  ( -64.73494795580133143, -0.2948216438862752975, 9.095234284944787362 ) ) ;
#1348 = FILL_AREA_STYLE_COLOUR ( '', #2406 ) ;
#1349 = VECTOR ( 'NONE', #2848, 1000.000000000000000 ) ;
#1350 = ADVANCED_FACE ( 'NONE', ( #4750 ), #5282, .F. ) ;
#1351 = PRESENTATION_STYLE_ASSIGNMENT (( #2962 ) ) ;
#1352 = ORIENTED_EDGE ( 'NONE', *, *, #1222, .T. ) ;
#1353 = CARTESIAN_POINT ( 'NONE',  ( -66.96605320177478404, -0.1605121025076336472, 9.098584278059350439 ) ) ;
#1354 = EDGE_CURVE ( 'NONE', #7182, #5944, #6629, .T. ) ;
#1355 =( GEOMETRIC_REPRESENTATION_CONTEXT ( 3 ) GLOBAL_UNCERTAINTY_ASSIGNED_CONTEXT ( ( #5501 ) ) GLOBAL_UNIT_ASSIGNED_CONTEXT ( ( #2984, #4777, #1445 ) ) REPRESENTATION_CONTEXT ( 'NONE', 'WORKASPACE' ) );
#1356 = CARTESIAN_POINT ( 'NONE',  ( -54.06292558495641032, 12.83010412666559930, -10.09999999999999964 ) ) ;
#1357 = LINE ( 'NONE', #4087, #1338 ) ;
#1358 = LINE ( 'NONE', #1849, #6174 ) ;
#1359 = ORIENTED_EDGE ( 'NONE', *, *, #5850, .T. ) ;
#1360 = VERTEX_POINT ( 'NONE', #4635 ) ;
#1361 = ORIENTED_EDGE ( 'NONE', *, *, #4484, .F. ) ;
#1362 = CARTESIAN_POINT ( 'NONE',  ( -65.15739458943367879, -0.05663738396366461980, 9.099823745916070905 ) ) ;
#1363 = CARTESIAN_POINT ( 'NONE',  ( -66.43981237135781726, 3.346948729028490277, 8.246692319060700882 ) ) ;
#1364 = EDGE_CURVE ( 'NONE', #7168, #4221, #4026, .T. ) ;
#1365 = CARTESIAN_POINT ( 'NONE',  ( -66.12380674298974270, 3.580039177987058618, 8.148209587638129747 ) ) ;
#1366 = SURFACE_STYLE_USAGE ( .BOTH. , #6505 ) ;
#1367 = ORIENTED_EDGE ( 'NONE', *, *, #681, .T. ) ;
#1368 = FACE_OUTER_BOUND ( 'NONE', #1217, .T. ) ;
#1369 = DIRECTION ( 'NONE',  ( -0.0000000000000000000, -0.0000000000000000000, -1.000000000000000000 ) ) ;
#1370 = ORIENTED_EDGE ( 'NONE', *, *, #6654, .T. ) ;
#1371 = ORIENTED_EDGE ( 'NONE', *, *, #1796, .F. ) ;
#1372 = AXIS2_PLACEMENT_3D ( 'NONE', #6042, #5488, #4359 ) ;
#1373 = DIRECTION ( 'NONE',  ( 0.0000000000000000000, 0.0000000000000000000, 1.000000000000000000 ) ) ;
#1374 = B_SPLINE_CURVE_WITH_KNOTS ( 'NONE', 3,
 ( #1870, #1199, #41, #3518 ),
 .UNSPECIFIED., .F., .F.,
 ( 4, 4 ),
 ( 1.585380879857773010E-14, 0.0002175606945687065562 ),
 .UNSPECIFIED. ) ;
#1375 = DIRECTION ( 'NONE',  ( 0.0000000000000000000, 0.0000000000000000000, 1.000000000000000000 ) ) ;
#1376 = CARTESIAN_POINT ( 'NONE',  ( -65.12795968854929640, -2.656416781107580061, 8.494318682805012344 ) ) ;
#1377 = B_SPLINE_CURVE_WITH_KNOTS ( 'NONE', 3,
 ( #5150, #3902, #4432, #5107 ),
 .UNSPECIFIED., .F., .F.,
 ( 4, 4 ),
 ( 5.307475775829296322E-15, 0.0002107956697141369069 ),
 .UNSPECIFIED. ) ;
#1378 = ORIENTED_EDGE ( 'NONE', *, *, #2037, .T. ) ;
#1379 =( BOUNDED_CURVE ( )  B_SPLINE_CURVE ( 3, ( #159, #1801, #1847, #7070 ),
 .UNSPECIFIED., .F., .T. ) 
 B_SPLINE_CURVE_WITH_KNOTS ( ( 4, 4 ),
 ( 1.560619873291417825, 1.570796326794898334 ),
 .UNSPECIFIED. ) 
 CURVE ( )  GEOMETRIC_REPRESENTATION_ITEM ( )  RATIONAL_B_SPLINE_CURVE ( ( 1.000000000000000000, 0.9999913700014602114, 0.9999913700014602114, 1.000000000000000000 ) ) 
 REPRESENTATION_ITEM ( '' )  );
#1380 = VERTEX_POINT ( 'NONE', #6937 ) ;
#1381 = EDGE_CURVE ( 'NONE', #3873, #3549, #4783, .T. ) ;
#1382 = CARTESIAN_POINT ( 'NONE',  ( -66.20392500701777294, 0.9993188375810458934, -10.09999999999999964 ) ) ;
#1383 = UNCERTAINTY_MEASURE_WITH_UNIT (LENGTH_MEASURE( 1.000000000000000082E-05 ), #6463, 'distance_accuracy_value', 'NONE');
#1384 = CARTESIAN_POINT ( 'NONE',  ( -66.05921821153499707, 3.109673348530731740, 8.339343655868136196 ) ) ;
#1385 = ORIENTED_EDGE ( 'NONE', *, *, #1469, .F. ) ;
#1386 = EDGE_CURVE ( 'NONE', #1651, #183, #3578, .T. ) ;
#1387 =( NAMED_UNIT ( * ) PLANE_ANGLE_UNIT ( ) SI_UNIT ( $, .RADIAN. ) );
#1388 = ORIENTED_EDGE ( 'NONE', *, *, #2660, .F. ) ;
#1389 = DIRECTION ( 'NONE',  ( -1.000000000000000000, 0.0000000000000000000, 1.836970198721024264E-16 ) ) ;
#1390 = CARTESIAN_POINT ( 'NONE',  ( -67.41864671157013333, -5.002816254338180890, 7.360830763258307208 ) ) ;
#1391 = CARTESIAN_POINT ( 'NONE',  ( -64.52793426638299934, 4.315353823343920148, -10.09999999999999964 ) ) ;
#1392 = AXIS2_PLACEMENT_3D ( 'NONE', #1090, #6870, #4006 ) ;
#1393 = CARTESIAN_POINT ( 'NONE',  ( -64.54199025848970450, -4.258133028706225787, 8.042282207796574767 ) ) ;
#1394 = CARTESIAN_POINT ( 'NONE',  ( -65.42334216101941990, 2.911987463444821511, 8.410132520521921506 ) ) ;
#1395 = VERTEX_POINT ( 'NONE', #1237 ) ;
#1396 = EDGE_CURVE ( 'NONE', #4856, #6142, #4179, .T. ) ;
#1397 = VERTEX_POINT ( 'NONE', #4713 ) ;
#1398 = ORIENTED_EDGE ( 'NONE', *, *, #6885, .F. ) ;
#1399 = DIRECTION ( 'NONE',  ( 0.0000000000000000000, 0.0000000000000000000, 1.000000000000000000 ) ) ;
#1400 = SURFACE_SIDE_STYLE ('',( #6566 ) ) ;
#1401 = CARTESIAN_POINT ( 'NONE',  ( -67.39976242136584972, 2.616755160902890065, 8.506810232728499344 ) ) ;
#1402 = ORIENTED_EDGE ( 'NONE', *, *, #7098, .T. ) ;
#1403 = DIRECTION ( 'NONE',  ( 0.0000000000000000000, 0.0000000000000000000, 1.000000000000000000 ) ) ;
#1404 = CARTESIAN_POINT ( 'NONE',  ( -67.11276934696236651, -4.443072153762302356, 7.941727396571573117 ) ) ;
#1405 = EDGE_CURVE ( 'NONE', #2330, #5861, #1831, .T. ) ;
#1406 = ORIENTED_EDGE ( 'NONE', *, *, #4779, .T. ) ;
#1407 = VERTEX_POINT ( 'NONE', #5353 ) ;
#1408 = CARTESIAN_POINT ( 'NONE',  ( -67.12551034145347728, 2.935568066667262777, 8.402026299436386125 ) ) ;
#1409 = DIRECTION ( 'NONE',  ( 0.0000000000000000000, 0.0000000000000000000, 1.000000000000000000 ) ) ;
#1410 = ORIENTED_EDGE ( 'NONE', *, *, #694, .F. ) ;
#1411 = CARTESIAN_POINT ( 'NONE',  ( -84.00000000000000000, 0.0000000000000000000, -9.099999999999985434 ) ) ;
#1412 = FACE_OUTER_BOUND ( 'NONE', #6254, .T. ) ;
#1413 = ORIENTED_EDGE ( 'NONE', *, *, #2023, .T. ) ;
#1414 = ORIENTED_EDGE ( 'NONE', *, *, #7317, .F. ) ;
#1415 = DIRECTION ( 'NONE',  ( -1.000000000000000000, 0.0000000000000000000, -0.0000000000000000000 ) ) ;
#1416 = CARTESIAN_POINT ( 'NONE',  ( -65.35207002790205877, -5.477102530049661411, 7.267141657854468306 ) ) ;
#1417 = CARTESIAN_POINT ( 'NONE',  ( -67.09685757287003582, -4.951532557663482770, -10.09999999999999964 ) ) ;
#1418 = VERTEX_POINT ( 'NONE', #3581 ) ;
#1419 = CARTESIAN_POINT ( 'NONE',  ( -65.01076934266068008, -3.685112262224391699, 8.320453570257070552 ) ) ;
#1420 = ORIENTED_EDGE ( 'NONE', *, *, #2594, .T. ) ;
#1421 = EDGE_CURVE ( 'NONE', #2991, #1188, #7091, .T. ) ;
#1422 = ADVANCED_FACE ( 'NONE', ( #2496 ), #1932, .T. ) ;
#1423 = FACE_OUTER_BOUND ( 'NONE', #3022, .T. ) ;
#1424 = CARTESIAN_POINT ( 'NONE',  ( -67.46216343304965335, -4.651871251681930275, -10.09999999999999964 ) ) ;
#1425 = CARTESIAN_POINT ( 'NONE',  ( -65.15219588181376764, 2.609723154794602706, 8.717760323347340190 ) ) ;
#1426 = VERTEX_POINT ( 'NONE', #5807 ) ;
#1427 = EDGE_LOOP ( 'NONE', ( #2944, #3564, #3016, #4593 ) ) ;
#1428 = ORIENTED_EDGE ( 'NONE', *, *, #6039, .T. ) ;
#1429 = CARTESIAN_POINT ( 'NONE',  ( -64.81442220022434242, -4.811894695753147211, 7.723708269800389381 ) ) ;
#1430 = FACE_OUTER_BOUND ( 'NONE', #5111, .T. ) ;
#1431 = ADVANCED_FACE ( 'NONE', ( #4146 ), #4107, .T. ) ;
#1432 = CARTESIAN_POINT ( 'NONE',  ( -65.64048063126048760, 0.9303432962497448777, 9.053083083770566475 ) ) ;
#1433 = CARTESIAN_POINT ( 'NONE',  ( -84.00000000000000000, 0.0000000000000000000, -5.143516556418880167E-15 ) ) ;
#1434 = ORIENTED_EDGE ( 'NONE', *, *, #5742, .F. ) ;
#1435 = CARTESIAN_POINT ( 'NONE',  ( -67.39972893255014696, 0.3940322548452328544, 8.891440127259656379 ) ) ;
#1436 = CYLINDRICAL_SURFACE ( 'NONE', #2171, 2.137755769525961913 ) ;
#1437 = CARTESIAN_POINT ( 'NONE',  ( -65.93034995830929290, 1.213569324855838127, 9.018716621214416307 ) ) ;
#1438 = ORIENTED_EDGE ( 'NONE', *, *, #4959, .T. ) ;
#1439 = ORIENTED_EDGE ( 'NONE', *, *, #5646, .F. ) ;
#1440 = EDGE_CURVE ( 'NONE', #3943, #706, #2432, .T. ) ;
#1441 = B_SPLINE_CURVE_WITH_KNOTS ( 'NONE', 3,
 ( #3504, #2380, #4658, #2596 ),
 .UNSPECIFIED., .F., .F.,
 ( 4, 4 ),
 ( 8.917562868693273970E-18, 0.0001636945906908499472 ),
 .UNSPECIFIED. ) ;
#1442 = VECTOR ( 'NONE', #3966, 1000.000000000000000 ) ;
#1443 = VECTOR ( 'NONE', #328, 1000.000000000000000 ) ;
#1444 = B_SPLINE_CURVE_WITH_KNOTS ( 'NONE', 3,
 ( #1899, #1341, #3613, #3059 ),
 .UNSPECIFIED., .F., .F.,
 ( 4, 4 ),
 ( 3.746068560529360547E-14, 0.0001712191254081849641 ),
 .UNSPECIFIED. ) ;
#1445 =( NAMED_UNIT ( * ) SI_UNIT ( $, .STERADIAN. ) SOLID_ANGLE_UNIT ( ) );
#1446 = DIRECTION ( 'NONE',  ( 1.000000000000000000, 0.0000000000000000000, 0.0000000000000000000 ) ) ;
#1447 = ORIENTED_EDGE ( 'NONE', *, *, #867, .F. ) ;
#1448 = FACE_OUTER_BOUND ( 'NONE', #7075, .T. ) ;
#1449 = DIRECTION ( 'NONE',  ( -0.0000000000000000000, -0.0000000000000000000, -1.000000000000000000 ) ) ;
#1450 = AXIS2_PLACEMENT_3D ( 'NONE', #385, #824, #2592 ) ;
#1451 = ORIENTED_EDGE ( 'NONE', *, *, #7126, .T. ) ;
#1452 = EDGE_CURVE ( 'NONE', #1003, #1994, #289, .T. ) ;
#1453 =( GEOMETRIC_REPRESENTATION_CONTEXT ( 3 ) GLOBAL_UNCERTAINTY_ASSIGNED_CONTEXT ( ( #4756 ) ) GLOBAL_UNIT_ASSIGNED_CONTEXT ( ( #4761, #5332, #3043 ) ) REPRESENTATION_CONTEXT ( 'NONE', 'WORKASPACE' ) );
#1454 = VECTOR ( 'NONE', #3906, 1000.000000000000000 ) ;
#1455 = CARTESIAN_POINT ( 'NONE',  ( -67.14156929828899933, 2.161956335753593805, 8.839786848647714024 ) ) ;
#1456 = CARTESIAN_POINT ( 'NONE',  ( -65.10596054758460127, -5.339255094647335831, 7.369013165565837298 ) ) ;
#1457 = CYLINDRICAL_SURFACE ( 'NONE', #5653, 0.6344510512318879414 ) ;
#1458 = EDGE_LOOP ( 'NONE', ( #4995, #3899 ) ) ;
#1459 =( GEOMETRIC_REPRESENTATION_CONTEXT ( 3 ) GLOBAL_UNCERTAINTY_ASSIGNED_CONTEXT ( ( #1243 ) ) GLOBAL_UNIT_ASSIGNED_CONTEXT ( ( #1032, #469, #2605 ) ) REPRESENTATION_CONTEXT ( 'NONE', 'WORKASPACE' ) );
#1460 = AXIS2_PLACEMENT_3D ( 'NONE', #1983, #4270, #3075 ) ;
#1461 = FACE_OUTER_BOUND ( 'NONE', #4171, .T. ) ;
#1462 = CYLINDRICAL_SURFACE ( 'NONE', #4931, 0.4846697614546702226 ) ;
#1463 = DIRECTION ( 'NONE',  ( -9.747081343248079673E-17, -1.000000000000000000, 0.0000000000000000000 ) ) ;
#1464 = CARTESIAN_POINT ( 'NONE',  ( -65.21988171581021732, -5.812069188498086625, 7.002131943066439490 ) ) ;
#1465 = EDGE_LOOP ( 'NONE', ( #6767, #3031 ) ) ;
#1466 = ORIENTED_EDGE ( 'NONE', *, *, #7403, .T. ) ;
#1467 = B_SPLINE_CURVE_WITH_KNOTS ( 'NONE', 3,
 ( #6418, #4079, #2438, #5853 ),
 .UNSPECIFIED., .F., .F.,
 ( 4, 4 ),
 ( 1.532417103740176600E-15, 0.0001749672419539112186 ),
 .UNSPECIFIED. ) ;
#1468 = CARTESIAN_POINT ( 'NONE',  ( -66.96605320176561804, -0.1605121025116371114, -10.09999999999999964 ) ) ;
#1469 = EDGE_CURVE ( 'NONE', #3668, #3774, #5548, .T. ) ;
#1470 = ORIENTED_EDGE ( 'NONE', *, *, #1681, .F. ) ;
#1471 = ADVANCED_FACE ( 'NONE', ( #5974 ), #806, .F. ) ;
#1472 = VECTOR ( 'NONE', #1112, 1000.000000000000000 ) ;
#1473 = DIRECTION ( 'NONE',  ( -1.000000000000000000, -0.0000000000000000000, 1.836970198721029934E-16 ) ) ;
#1474 = FACE_OUTER_BOUND ( 'NONE', #5321, .T. ) ;
#1475 = CYLINDRICAL_SURFACE ( 'NONE', #6241, 0.9097488614426552100 ) ;
#1476 = AXIS2_PLACEMENT_3D ( 'NONE', #4411, #1563, #6673 ) ;
#1477 = DIRECTION ( 'NONE',  ( -0.0000000000000000000, -0.0000000000000000000, -1.000000000000000000 ) ) ;
#1478 = ORIENTED_EDGE ( 'NONE', *, *, #5235, .F. ) ;
#1479 = CARTESIAN_POINT ( 'NONE',  ( -64.51206968223411309, -5.002875337440863213, 7.601742272450278115 ) ) ;
#1480 = CARTESIAN_POINT ( 'NONE',  ( -98.70000000000001705, 0.0000000000000000000, -3.200000000000006395 ) ) ;
#1481 = EDGE_LOOP ( 'NONE', ( #5879, #4626, #4785, #1262 ) ) ;
#1482 = ORIENTED_EDGE ( 'NONE', *, *, #983, .F. ) ;
#1483 = EDGE_CURVE ( 'NONE', #6347, #2111, #2645, .T. ) ;
#1484 = COLOUR_RGB ( '',1.000000000000000000, 0.8000000000000000444, 0.5999999999999999778 ) ;
#1485 = CARTESIAN_POINT ( 'NONE',  ( -66.80542513442860297, 0.1369446043025943638, -10.09999999999999964 ) ) ;
#1486 = CARTESIAN_POINT ( 'NONE',  ( -65.10596054758460127, -5.339255094647335831, 7.369013165565837298 ) ) ;
#1487 = EDGE_CURVE ( 'NONE', #6726, #2773, #6584, .T. ) ;
#1488 = VERTEX_POINT ( 'NONE', #4369 ) ;
#1489 = DIRECTION ( 'NONE',  ( -1.000000000000000000, 0.0000000000000000000, 0.0000000000000000000 ) ) ;
#1490 = CARTESIAN_POINT ( 'NONE',  ( -66.27660184942045873, 3.273375752108789616, 8.276356093405434322 ) ) ;
#1491 = PRESENTATION_LAYER_ASSIGNMENT (  '', '', ( #5207 ) ) ;
#1492 = ORIENTED_EDGE ( 'NONE', *, *, #1886, .F. ) ;
#1493 = EDGE_LOOP ( 'NONE', ( #1694, #1892, #722, #7394, #3826 ) ) ;
#1494 = EDGE_CURVE ( 'NONE', #6982, #3907, #731, .T. ) ;
#1495 = DIRECTION ( 'NONE',  ( 0.0000000000000000000, 0.0000000000000000000, 1.000000000000000000 ) ) ;
#1496 = DIRECTION ( 'NONE',  ( 1.000000000000000000, 0.0000000000000000000, -1.836970198721029934E-16 ) ) ;
#1497 = CARTESIAN_POINT ( 'NONE',  ( -84.00000000000000000, 0.0000000000000000000, 1.543054966925670124E-14 ) ) ;
#1498 = B_SPLINE_CURVE_WITH_KNOTS ( 'NONE', 3,
 ( #4234, #6496, #4190, #5890 ),
 .UNSPECIFIED., .F., .F.,
 ( 4, 4 ),
 ( 6.671386890410549218E-14, 0.0001045611983630775682 ),
 .UNSPECIFIED. ) ;
#1499 = CARTESIAN_POINT ( 'NONE',  ( -64.86924676638300014, 3.733270642598479849, 8.298957182026700963 ) ) ;
#1500 = LINE ( 'NONE', #5502, #632 ) ;
#1501 = EDGE_LOOP ( 'NONE', ( #1033, #6699, #4990, #6791 ) ) ;
#1502 = EDGE_CURVE ( 'NONE', #6645, #2018, #6624, .T. ) ;
#1503 = ORIENTED_EDGE ( 'NONE', *, *, #7229, .F. ) ;
#1504 = CARTESIAN_POINT ( 'NONE',  ( -67.42247593304969655, 2.866222803019701004, 8.636826201993999419 ) ) ;
#1505 = CARTESIAN_POINT ( 'NONE',  ( -66.98318744662110191, 3.237712268112766800, 8.290188132299068258 ) ) ;
#1506 = CARTESIAN_POINT ( 'NONE',  ( -67.02684000280775933, -5.118709668625242237, 7.524030931170603509 ) ) ;
#1507 = CYLINDRICAL_SURFACE ( 'NONE', #6608, 1.292636076189707106 ) ;
#1508 = ORIENTED_EDGE ( 'NONE', *, *, #6051, .F. ) ;
#1509 = ORIENTED_EDGE ( 'NONE', *, *, #1211, .F. ) ;
#1510 = CARTESIAN_POINT ( 'NONE',  ( -67.12878843304092413, 0.5595338614100183738, 8.882726112834090415 ) ) ;
#1511 = CARTESIAN_POINT ( 'NONE',  ( -66.43265886244840601, -5.912687558117156073, 6.652076806538445908 ) ) ;
#1512 = CARTESIAN_POINT ( 'NONE',  ( -66.63283757446089339, 3.730569328873804658, 8.300171834514406655 ) ) ;
#1513 = CARTESIAN_POINT ( 'NONE',  ( -66.63283757010859176, 1.508069482266076511, 8.771301296652506352 ) ) ;
#1514 = ORIENTED_EDGE ( 'NONE', *, *, #1487, .F. ) ;
#1515 = CARTESIAN_POINT ( 'NONE',  ( -84.00000000000000000, 0.3107680673900581336, 9.094692034823991023 ) ) ;
#1516 = CARTESIAN_POINT ( 'NONE',  ( -65.15739458942923079, -0.05663738396728447422, 8.899819785070793188 ) ) ;
#1517 = ORIENTED_EDGE ( 'NONE', *, *, #3674, .F. ) ;
#1518 = EDGE_LOOP ( 'NONE', ( #7329, #5351, #6721, #4611 ) ) ;
#1519 = FACE_OUTER_BOUND ( 'NONE', #36, .T. ) ;
#1520 = CARTESIAN_POINT ( 'NONE',  ( 84.00000000000000000, 0.0000000000000000000, -1.543054966925670124E-14 ) ) ;
#1521 = EDGE_CURVE ( 'NONE', #6294, #3409, #363, .T. ) ;
#1522 = ADVANCED_FACE ( 'NONE', ( #333 ), #4405, .T. ) ;
#1523 = CARTESIAN_POINT ( 'NONE',  ( -66.45265163417340659, 1.491279525701996178, 8.976975291055570239 ) ) ;
#1524 = VERTEX_POINT ( 'NONE', #3091 ) ;
#1525 = B_SPLINE_CURVE_WITH_KNOTS ( 'NONE', 3,
 ( #7040, #2969, #756, #2552 ),
 .UNSPECIFIED., .F., .F.,
 ( 4, 4 ),
 ( 2.052863135201726623E-13, 0.0002874265069547136909 ),
 .UNSPECIFIED. ) ;
#1526 = CARTESIAN_POINT ( 'NONE',  ( -67.41189259971629610, -2.989791781107579816, -10.09999999999999964 ) ) ;
#1527 = DIRECTION ( 'NONE',  ( -1.000000000000000000, 0.0000000000000000000, 0.0000000000000000000 ) ) ;
#1528 = VERTEX_POINT ( 'NONE', #3724 ) ;
#1529 = ORIENTED_EDGE ( 'NONE', *, *, #2083, .T. ) ;
#1530 =( NAMED_UNIT ( * ) SI_UNIT ( $, .STERADIAN. ) SOLID_ANGLE_UNIT ( ) );
#1531 = PRESENTATION_STYLE_ASSIGNMENT (( #5012 ) ) ;
#1532 = ADVANCED_FACE ( 'NONE', ( #5383 ), #4855, .F. ) ;
#1533 = CARTESIAN_POINT ( 'NONE',  ( -66.97725249360117061, -5.192034667741457277, 7.228608165405773001 ) ) ;
#1534 = CARTESIAN_POINT ( 'NONE',  ( -64.48030926638305971, -4.657286943678579760, -10.09999999999999964 ) ) ;
#1535 = UNCERTAINTY_MEASURE_WITH_UNIT (LENGTH_MEASURE( 1.000000000000000082E-05 ), #6469, 'distance_accuracy_value', 'NONE');
#1536 = ORIENTED_EDGE ( 'NONE', *, *, #6187, .T. ) ;
#1537 = DIRECTION ( 'NONE',  ( -1.000000000000000000, 0.0000000000000000000, 0.0000000000000000000 ) ) ;
#1538 = ORIENTED_EDGE ( 'NONE', *, *, #7047, .T. ) ;
#1539 = B_SPLINE_CURVE_WITH_KNOTS ( 'NONE', 3,
 ( #664, #5315, #94, #7052 ),
 .UNSPECIFIED., .F., .F.,
 ( 4, 4 ),
 ( 4.336808689942017736E-19, 0.0002814442783383492197 ),
 .UNSPECIFIED. ) ;
#1540 = CARTESIAN_POINT ( 'NONE',  ( -67.12878843304970644, 2.858657379011589228, 8.428408983279275901 ) ) ;
#1541 = CARTESIAN_POINT ( 'NONE',  ( -64.86924676638300014, 2.374469879011592344, 8.784753428165577915 ) ) ;
#1542 = FACE_OUTER_BOUND ( 'NONE', #2666, .T. ) ;
#1543 = VERTEX_POINT ( 'NONE', #298 ) ;
#1544 = CARTESIAN_POINT ( 'NONE',  ( -64.61911213722835612, -4.083775139776214758, 8.132206380051233197 ) ) ;
#1545 = DIRECTION ( 'NONE',  ( -1.000000000000000000, -0.0000000000000000000, -6.123233995736750012E-17 ) ) ;
#1546 = ORIENTED_EDGE ( 'NONE', *, *, #3530, .F. ) ;
#1547 = LINE ( 'NONE', #502, #7375 ) ;
#1548 = DIRECTION ( 'NONE',  ( 1.000000000000000000, 0.0000000000000000000, -1.836970198721029934E-16 ) ) ;
#1549 = CARTESIAN_POINT ( 'NONE',  ( -67.20919697746272448, 2.236328431689574625, 8.820931648392763336 ) ) ;
#1550 = ORIENTED_EDGE ( 'NONE', *, *, #6022, .F. ) ;
#1551 = ORIENTED_EDGE ( 'NONE', *, *, #869, .F. ) ;
#1552 = VECTOR ( 'NONE', #2765, 1000.000000000000000 ) ;
#1553 = CARTESIAN_POINT ( 'NONE',  ( -84.00000000000000000, -1.524902822846709860, 8.971324951247414248 ) ) ;
#1554 = CARTESIAN_POINT ( 'NONE',  ( -66.80542513442536290, 0.1369446043014478365, 9.098969511727849735 ) ) ;
#1555 = ORIENTED_EDGE ( 'NONE', *, *, #2943, .F. ) ;
#1556 = CARTESIAN_POINT ( 'NONE',  ( -66.64859434612351663, 2.803653841991459839, -10.09999999999999964 ) ) ;
#1557 = EDGE_LOOP ( 'NONE', ( #4437, #720, #5636, #7095 ) ) ;
#1558 = EDGE_LOOP ( 'NONE', ( #3055, #122, #3726, #4522, #6517 ) ) ;
#1559 = B_SPLINE_CURVE_WITH_KNOTS ( 'NONE', 3,
 ( #6820, #4414, #7300, #6213 ),
 .UNSPECIFIED., .F., .F.,
 ( 4, 4 ),
 ( 1.301042606982605321E-18, 0.0002489294959772784545 ),
 .UNSPECIFIED. ) ;
#1560 = ADVANCED_FACE ( 'NONE', ( #4821 ), #7131, .F. ) ;
#1561 = ADVANCED_FACE ( 'NONE', ( #1412 ), #3685, .T. ) ;
#1562 = DIRECTION ( 'NONE',  ( 0.0000000000000000000, 7.105427357601001859E-15, -1.000000000000000000 ) ) ;
#1563 = DIRECTION ( 'NONE',  ( 0.0000000000000000000, 0.0000000000000000000, 1.000000000000000000 ) ) ;
#1564 = VECTOR ( 'NONE', #6289, 1000.000000000000000 ) ;
#1565 =( NAMED_UNIT ( * ) SI_UNIT ( $, .STERADIAN. ) SOLID_ANGLE_UNIT ( ) );
#1566 = CARTESIAN_POINT ( 'NONE',  ( -71.80973495877130119, -1.524902822846710082, -10.09999999999999964 ) ) ;
#1567 = CARTESIAN_POINT ( 'NONE',  ( -66.44887421678299688, 2.858657379011590116, -10.09999999999999964 ) ) ;
#1568 = ORIENTED_EDGE ( 'NONE', *, *, #3531, .T. ) ;
#1569 = CARTESIAN_POINT ( 'NONE',  ( -84.00000000000000000, -0.2331160295301583918, 9.097013626282878462 ) ) ;
#1570 = EDGE_CURVE ( 'NONE', #6468, #6849, #880, .T. ) ;
#1571 = AXIS2_PLACEMENT_3D ( 'NONE', #174, #3018, #1297 ) ;
#1572 = B_SPLINE_CURVE_WITH_KNOTS ( 'NONE', 3,
 ( #5364, #716, #226, #2405 ),
 .UNSPECIFIED., .F., .F.,
 ( 4, 4 ),
 ( 1.951563910473907981E-18, 0.0001935950238908925659 ),
 .UNSPECIFIED. ) ;
#1573 = PRESENTATION_STYLE_ASSIGNMENT (( #929 ) ) ;
#1574 = VECTOR ( 'NONE', #5167, 1000.000000000000000 ) ;
#1575 = EDGE_CURVE ( 'NONE', #4283, #3801, #4325, .T. ) ;
#1576 = FACE_OUTER_BOUND ( 'NONE', #5937, .T. ) ;
#1577 = FACE_OUTER_BOUND ( 'NONE', #3709, .T. ) ;
#1578 = ORIENTED_EDGE ( 'NONE', *, *, #5778, .T. ) ;
#1579 = CARTESIAN_POINT ( 'NONE',  ( -67.09685757287223851, -4.951532557656117106, 7.634941082318295713 ) ) ;
#1580 = ADVANCED_FACE ( 'NONE', ( #3833 ), #554, .T. ) ;
#1581 = DIRECTION ( 'NONE',  ( -0.005294716611195259860, 0.9999859828897639247, 0.0000000000000000000 ) ) ;
#1582 = VECTOR ( 'NONE', #5891, 1000.000000000000000 ) ;
#1583 = CARTESIAN_POINT ( 'NONE',  ( -65.71549562782570320, -4.686556477451881086, -10.09999999999999964 ) ) ;
#1584 = CARTESIAN_POINT ( 'NONE',  ( -67.11904706659200315, 0.7508383619958440836, 8.868271632858096609 ) ) ;
#1585 = ORIENTED_EDGE ( 'NONE', *, *, #5505, .T. ) ;
#1586 = CARTESIAN_POINT ( 'NONE',  ( -67.40789909149181369, 2.670951001018777138, 8.699196557737788993 ) ) ;
#1587 = CARTESIAN_POINT ( 'NONE',  ( -67.13672593304967506, -4.658651222305786987, 7.583334938462693131 ) ) ;
#1588 = AXIS2_PLACEMENT_3D ( 'NONE', #2583, #6595, #6067 ) ;
#1589 = ORIENTED_EDGE ( 'NONE', *, *, #4807, .T. ) ;
#1590 = ORIENTED_EDGE ( 'NONE', *, *, #1250, .T. ) ;
#1591 = ADVANCED_FACE ( 'NONE', ( #5113 ), #473, .F. ) ;
#1592 = CARTESIAN_POINT ( 'NONE',  ( -66.53430276858281900, -3.918479357401496443, 8.213130921008048091 ) ) ;
#1593 = AXIS2_PLACEMENT_3D ( 'NONE', #5772, #3435, #5290 ) ;
#1594 = CARTESIAN_POINT ( 'NONE',  ( -67.12878843304969223, 2.858657379011590116, -10.09999999999999964 ) ) ;
#1595 = SURFACE_STYLE_FILL_AREA ( #3236 ) ;
#1596 = ORIENTED_EDGE ( 'NONE', *, *, #3585, .T. ) ;
#1597 = CARTESIAN_POINT ( 'NONE',  ( -67.13672593304970349, -4.658651222305083550, 7.817094651398019067 ) ) ;
#1598 = CARTESIAN_POINT ( 'NONE',  ( -66.62235942056270233, 1.508124961863795521, 8.771291757740332429 ) ) ;
#1599 = ORIENTED_EDGE ( 'NONE', *, *, #2316, .F. ) ;
#1600 = VERTEX_POINT ( 'NONE', #3986 ) ;
#1601 = CARTESIAN_POINT ( 'NONE',  ( -64.54774315259500383, 0.3460396344105000077, -10.09999999999999964 ) ) ;
#1602 = CARTESIAN_POINT ( 'NONE',  ( -64.83970852059503898, -4.930712126438733023, 7.648403619461398684 ) ) ;
#1603 = VECTOR ( 'NONE', #4428, 1000.000000000000000 ) ;
#1604 = SURFACE_STYLE_USAGE ( .BOTH. , #7402 ) ;
#1605 = EDGE_CURVE ( 'NONE', #343, #4471, #2881, .T. ) ;
#1606 = CARTESIAN_POINT ( 'NONE',  ( -66.98318744662110191, 3.237712267986305292, 8.504541096951156121 ) ) ;
#1607 = ORIENTED_EDGE ( 'NONE', *, *, #370, .F. ) ;
#1608 = CARTESIAN_POINT ( 'NONE',  ( -67.38611707177044252, -5.113008246137376034, 7.285013634621245515 ) ) ;
#1609 = CARTESIAN_POINT ( 'NONE',  ( -66.67091668585240427, -5.846297439428894016, 6.973918821653375844 ) ) ;
#1610 = EDGE_CURVE ( 'NONE', #574, #3469, #2599, .T. ) ;
#1611 = EDGE_CURVE ( 'NONE', #7422, #6440, #2791, .T. ) ;
#1612 = CARTESIAN_POINT ( 'NONE',  ( -65.12795968854929640, -2.656416781107580061, -10.09999999999999964 ) ) ;
#1613 = DIRECTION ( 'NONE',  ( 0.0000000000000000000, 0.0000000000000000000, -1.000000000000000000 ) ) ;
#1614 = CARTESIAN_POINT ( 'NONE',  ( -67.04762754073679787, 3.158250808338168625, 8.320784327912333467 ) ) ;
#1615 = CARTESIAN_POINT ( 'NONE',  ( -67.14107487905222627, -0.06108723865764591199, 8.900105659111552825 ) ) ;
#1616 = CARTESIAN_POINT ( 'NONE',  ( -64.65388574423340629, 1.910565872570530566, 8.897175846670057453 ) ) ;
#1617 = PLANE ( 'NONE',  #16 ) ;
#1618 = EDGE_CURVE ( 'NONE', #2935, #6399, #1715, .T. ) ;
#1619 = EDGE_LOOP ( 'NONE', ( #6679, #4956, #3957, #5832, #4062 ) ) ;
#1620 = DIRECTION ( 'NONE',  ( 1.000000000000000000, 0.0000000000000000000, 6.123233995736759873E-17 ) ) ;
#1621 = DIRECTION ( 'NONE',  ( -0.0000000000000000000, -0.0000000000000000000, -1.000000000000000000 ) ) ;
#1622 = DIRECTION ( 'NONE',  ( 0.0000000000000000000, 0.0000000000000000000, 1.000000000000000000 ) ) ;
#1623 = VERTEX_POINT ( 'NONE', #2230 ) ;
#1624 = ORIENTED_EDGE ( 'NONE', *, *, #1335, .T. ) ;
#1625 = DIRECTION ( 'NONE',  ( 0.0000000000000000000, 0.0000000000000000000, -1.000000000000000000 ) ) ;
#1626 = STYLED_ITEM ( 'NONE', ( #3049 ), #7035 ) ;
#1627 = EDGE_CURVE ( 'NONE', #3680, #3924, #5735, .T. ) ;
#1628 = CARTESIAN_POINT ( 'NONE',  ( -66.65062569851569663, 0.6781675028368829850, -10.09999999999999964 ) ) ;
#1629 = EDGE_CURVE ( 'NONE', #2137, #5442, #2863, .T. ) ;
#1630 = PRESENTATION_STYLE_ASSIGNMENT (( #6771 ) ) ;
#1631 = EDGE_LOOP ( 'NONE', ( #6691, #7083, #2718, #4180 ) ) ;
#1632 = CARTESIAN_POINT ( 'NONE',  ( -67.13672593304970349, -4.658651222305083550, 7.817094651398019067 ) ) ;
#1633 = VECTOR ( 'NONE', #648, 1000.000000000000000 ) ;
#1634 = CARTESIAN_POINT ( 'NONE',  ( -54.06292558495670875, 10.60760427925329985, -10.09999999999999964 ) ) ;
#1635 = ORIENTED_EDGE ( 'NONE', *, *, #743, .F. ) ;
#1636 = ORIENTED_EDGE ( 'NONE', *, *, #6287, .F. ) ;
#1637 =( LENGTH_UNIT ( ) NAMED_UNIT ( * ) SI_UNIT ( .MILLI., .METRE. ) );
#1638 = FACE_OUTER_BOUND ( 'NONE', #6844, .T. ) ;
#1639 = DIRECTION ( 'NONE',  ( -0.0000000000000000000, -0.0000000000000000000, -1.000000000000000000 ) ) ;
#1640 = CYLINDRICAL_SURFACE ( 'NONE', #620, 0.9801939601701420424 ) ;
#1641 = DIRECTION ( 'NONE',  ( 1.000000000000000000, 0.0000000000000000000, -1.836970198721029934E-16 ) ) ;
#1642 = CARTESIAN_POINT ( 'NONE',  ( -67.11904706659932174, 2.973338209365328222, 8.600538349006320971 ) ) ;
#1643 = CARTESIAN_POINT ( 'NONE',  ( -67.36915619415383105, 2.511076533057764681, -10.09999999999999964 ) ) ;
#1644 = CARTESIAN_POINT ( 'NONE',  ( -84.00000000000000000, 0.0000000000000000000, -8.850000000000004974 ) ) ;
#1645 = CARTESIAN_POINT ( 'NONE',  ( 106.3000000000000114, 1.751623080406019783E-46, -1.952699321240449855E-14 ) ) ;
#1646 = CARTESIAN_POINT ( 'NONE',  ( -65.02917465899241733, 2.069243481529200679, 8.656210532192465834 ) ) ;
#1647 = B_SPLINE_CURVE_WITH_KNOTS ( 'NONE', 3,
 ( #2349, #1752, #3543, #1825 ),
 .UNSPECIFIED., .F., .F.,
 ( 4, 4 ),
 ( 0.0000000000000000000, 1.000000000000000000 ),
 .UNSPECIFIED. ) ;
#1648 = DIRECTION ( 'NONE',  ( 0.1054690620134550033, 0.9944225846982769346, 0.0000000000000000000 ) ) ;
#1649 = CARTESIAN_POINT ( 'NONE',  ( -67.13353508027380201, -4.567102706527249367, 7.639004869325207281 ) ) ;
#1650 = DIRECTION ( 'NONE',  ( 0.0000000000000000000, 0.0000000000000000000, -1.000000000000000000 ) ) ;
#1651 = VERTEX_POINT ( 'NONE', #1067 ) ;
#1652 = B_SPLINE_CURVE_WITH_KNOTS ( 'NONE', 3,
 ( #4153, #1312, #748, #5255 ),
 .UNSPECIFIED., .F., .F.,
 ( 4, 4 ),
 ( 6.133173666733496552E-18, 0.0003997673515972055428 ),
 .UNSPECIFIED. ) ;
#1653 = EDGE_CURVE ( 'NONE', #4863, #1239, #6366, .T. ) ;
#1654 = LINE ( 'NONE', #1690, #7161 ) ;
#1655 = EDGE_CURVE ( 'NONE', #1076, #2104, #5569, .T. ) ;
#1656 = FACE_OUTER_BOUND ( 'NONE', #980, .T. ) ;
#1657 = CARTESIAN_POINT ( 'NONE',  ( -64.95940743058714872, 2.028518972840867907, 8.665743521292609941 ) ) ;
#1658 = CARTESIAN_POINT ( 'NONE',  ( -67.04632603320884243, -5.079527123529497423, 7.550390996586092918 ) ) ;
#1659 = LINE ( 'NONE', #5031, #6367 ) ;
#1660 = EDGE_LOOP ( 'NONE', ( #4291, #3204, #3058, #3782, #2972, #4523, #3461, #3304, #89, #3675, #729, #7193, #4550, #3539, #707, #1624, #3597, #2281, #3521, #3198, #4752, #5228, #104, #4011, #1313, #790, #7202, #2919, #6695, #6521, #4207, #4406, #1428, #3271, #4692, #254, #2871, #6192, #3202, #813, #1402, #2513, #5746, #6004, #860, #334, #4012, #2908, #2455 ) ) ;
#1661 = EDGE_LOOP ( 'NONE', ( #74, #1148, #3339, #3615 ) ) ;
#1662 = CARTESIAN_POINT ( 'NONE',  ( -98.70000000000001705, 3.918869757271530460E-16, 3.199999999999993960 ) ) ;
#1663 = CARTESIAN_POINT ( 'NONE',  ( -66.65512375849209548, 0.5758707560898800315, -10.09999999999999964 ) ) ;
#1664 = EDGE_CURVE ( 'NONE', #6500, #2820, #6240, .T. ) ;
#1665 = B_SPLINE_CURVE_WITH_KNOTS ( 'NONE', 3,
 ( #2038, #4936, #434, #3830 ),
 .UNSPECIFIED., .F., .F.,
 ( 4, 4 ),
 ( 1.714907003408505499E-13, 0.0002132136023277439625 ),
 .UNSPECIFIED. ) ;
#1666 = DIRECTION ( 'NONE',  ( -1.000000000000000000, 0.0000000000000000000, 0.0000000000000000000 ) ) ;
#1667 = CYLINDRICAL_SURFACE ( 'NONE', #4935, 1.113041015267282496 ) ;
#1668 = VERTEX_POINT ( 'NONE', #3341 ) ;
#1669 = CARTESIAN_POINT ( 'NONE',  ( -65.33659504471584967, -5.859523988723469579, 6.699246604344203604 ) ) ;
#1670 = EDGE_LOOP ( 'NONE', ( #4393, #4781, #935, #6999 ) ) ;
#1671 = EDGE_CURVE ( 'NONE', #2371, #5749, #2695, .T. ) ;
#1672 = ORIENTED_EDGE ( 'NONE', *, *, #4833, .T. ) ;
#1673 = FILL_AREA_STYLE ('',( #6813 ) ) ;
#1674 = CARTESIAN_POINT ( 'NONE',  ( -65.12795968854923956, -2.656416781107561853, 8.703645781225837652 ) ) ;
#1675 = CARTESIAN_POINT ( 'NONE',  ( -71.80973495877130119, 0.0000000000000000000, 1.319123430973191232E-14 ) ) ;
#1676 = FACE_OUTER_BOUND ( 'NONE', #1833, .T. ) ;
#1677 = CARTESIAN_POINT ( 'NONE',  ( -66.48269558781549904, 3.170256374024519985, -10.09999999999999964 ) ) ;
#1678 = EDGE_LOOP ( 'NONE', ( #5878, #6941, #1924, #156 ) ) ;
#1679 = VECTOR ( 'NONE', #2628, 1000.000000000000000 ) ;
#1680 = EDGE_LOOP ( 'NONE', ( #5032, #5797, #105, #2407 ) ) ;
#1681 = EDGE_CURVE ( 'NONE', #7423, #2084, #6167, .T. ) ;
#1682 = AXIS2_PLACEMENT_3D ( 'NONE', #5234, #6770, #3903 ) ;
#1683 = SURFACE_STYLE_USAGE ( .BOTH. , #6181 ) ;
#1684 = FACE_OUTER_BOUND ( 'NONE', #5464, .T. ) ;
#1685 = CARTESIAN_POINT ( 'NONE',  ( -64.88619283701748941, -4.318442114389168474, 7.782231852059434907 ) ) ;
#1686 = CARTESIAN_POINT ( 'NONE',  ( -84.00000000000000000, 0.0000000000000000000, -9.099999999999985434 ) ) ;
#1687 = AXIS2_PLACEMENT_3D ( 'NONE', #32, #4028, #2869 ) ;
#1688 = CARTESIAN_POINT ( 'NONE',  ( -65.75358379307080270, 1.047255715061673920, 8.838170368762467533 ) ) ;
#1689 = VERTEX_POINT ( 'NONE', #5601 ) ;
#1690 = CARTESIAN_POINT ( 'NONE',  ( -73.00561028366129790, 0.3107680673900601875, -10.09999999999999964 ) ) ;
#1691 = B_SPLINE_CURVE_WITH_KNOTS ( 'NONE', 3,
 ( #3303, #6580, #5493, #6083 ),
 .UNSPECIFIED., .F., .F.,
 ( 4, 4 ),
 ( 0.0000000000000000000, 1.000000000000000000 ),
 .UNSPECIFIED. ) ;
#1692 = CARTESIAN_POINT ( 'NONE',  ( -67.41189259971629610, -1.184465270464412301, 9.022585107554478512 ) ) ;
#1693 = VECTOR ( 'NONE', #5607, 1000.000000000000000 ) ;
#1694 = ORIENTED_EDGE ( 'NONE', *, *, #754, .F. ) ;
#1695 = ADVANCED_FACE ( 'NONE', ( #2192 ), #6774, .F. ) ;
#1696 = CARTESIAN_POINT ( 'NONE',  ( -65.99467776452640067, 3.045111062304179939, -10.09999999999999964 ) ) ;
#1697 = EDGE_CURVE ( 'NONE', #2426, #772, #5239, .T. ) ;
#1698 = LINE ( 'NONE', #7312, #1223 ) ;
#1699 = EDGE_LOOP ( 'NONE', ( #2306, #1975, #6590, #5427 ) ) ;
#1700 = ORIENTED_EDGE ( 'NONE', *, *, #1846, .F. ) ;
#1701 =( GEOMETRIC_REPRESENTATION_CONTEXT ( 3 ) GLOBAL_UNCERTAINTY_ASSIGNED_CONTEXT ( ( #1310 ) ) GLOBAL_UNIT_ASSIGNED_CONTEXT ( ( #6570, #5409, #2976 ) ) REPRESENTATION_CONTEXT ( 'NONE', 'WORKASPACE' ) );
#1702 = CARTESIAN_POINT ( 'NONE',  ( -67.12602349605154473, -4.816621004977466036, 7.483993726240692368 ) ) ;
#1703 = CARTESIAN_POINT ( 'NONE',  ( -67.12602349604172502, -4.816621005049229964, 7.720761756052231917 ) ) ;
#1704 = CARTESIAN_POINT ( 'NONE',  ( -64.90957729845477786, -4.278499868560856179, -10.09999999999999964 ) ) ;
#1705 = TOROIDAL_SURFACE ( 'NONE', #5897, 0.2000000000000000111, 3.000000000000000000 ) ;
#1706 = CARTESIAN_POINT ( 'NONE',  ( -67.34602771139043398, 1.053260216334406696, 8.837612024994061954 ) ) ;
#1707 = ORIENTED_EDGE ( 'NONE', *, *, #4739, .F. ) ;
#1708 = CARTESIAN_POINT ( 'NONE',  ( -67.41762339081195421, 0.5132217001821087754, 9.085747570964670672 ) ) ;
#1709 = EDGE_CURVE ( 'NONE', #4670, #889, #2651, .T. ) ;
#1710 = DIRECTION ( 'NONE',  ( 1.000000000000000000, -1.392517207389929947E-16, 0.0000000000000000000 ) ) ;
#1711 = ORIENTED_EDGE ( 'NONE', *, *, #3909, .T. ) ;
#1712 = ORIENTED_EDGE ( 'NONE', *, *, #7125, .T. ) ;
#1713 = ADVANCED_FACE ( 'NONE', ( #4061 ), #5754, .F. ) ;
#1714 = CYLINDRICAL_SURFACE ( 'NONE', #5160, 1.119168784626645152 ) ;
#1715 = B_SPLINE_CURVE_WITH_KNOTS ( 'NONE', 3,
 ( #7396, #6734, #2271, #6134 ),
 .UNSPECIFIED., .F., .F.,
 ( 4, 4 ),
 ( 1.262387378679420721E-13, 0.0001629752515267912476 ),
 .UNSPECIFIED. ) ;
#1716 = DIRECTION ( 'NONE',  ( 1.000000000000000000, 0.0000000000000000000, 6.123233995736759873E-17 ) ) ;
#1717 = DIRECTION ( 'NONE',  ( 0.0000000000000000000, 0.0000000000000000000, 1.000000000000000000 ) ) ;
#1718 = CARTESIAN_POINT ( 'NONE',  ( -64.80866951346322935, -4.770537867244822650, 7.749473707445535986 ) ) ;
#1719 = CARTESIAN_POINT ( 'NONE',  ( -67.12551075166715009, 2.935565669431931646, 8.613596896237803335 ) ) ;
#1720 = CIRCLE ( 'NONE', #3035, 9.099999999999999645 ) ;
#1721 = ORIENTED_EDGE ( 'NONE', *, *, #5811, .T. ) ;
#1722 = VERTEX_POINT ( 'NONE', #5346 ) ;
#1723 = FACE_OUTER_BOUND ( 'NONE', #5594, .T. ) ;
#1724 = CARTESIAN_POINT ( 'NONE',  ( -66.99300346700100306, -4.197924817206710735, -10.09999999999999964 ) ) ;
#1725 = EDGE_CURVE ( 'NONE', #1973, #7422, #2151, .T. ) ;
#1726 = LINE ( 'NONE', #4001, #3606 ) ;
#1727 = CARTESIAN_POINT ( 'NONE',  ( -67.34602792975113061, 1.053259616555201950, 9.038992531070878300 ) ) ;
#1728 = CARTESIAN_POINT ( 'NONE',  ( -67.07058009971629531, 0.0000000000000000000, 1.232066568541110922E-14 ) ) ;
#1729 = CARTESIAN_POINT ( 'NONE',  ( -67.04762754073337305, 0.9357509609313319210, 8.850670603921281909 ) ) ;
#1730 = ORIENTED_EDGE ( 'NONE', *, *, #1165, .F. ) ;
#1731 = LINE ( 'NONE', #2290, #3890 ) ;
#1732 = B_SPLINE_CURVE_WITH_KNOTS ( 'NONE', 3,
 ( #4038, #1126, #6301, #1166 ),
 .UNSPECIFIED., .F., .F.,
 ( 4, 4 ),
 ( 0.0000000000000000000, 0.0001795028093192672870 ),
 .UNSPECIFIED. ) ;
#1733 = PLANE ( 'NONE',  #37 ) ;
#1734 = DIRECTION ( 'NONE',  ( 9.283448049266210329E-17, 1.000000000000000000, -0.0000000000000000000 ) ) ;
#1735 = ORIENTED_EDGE ( 'NONE', *, *, #622, .F. ) ;
#1736 = CARTESIAN_POINT ( 'NONE',  ( -66.98421006156468138, 0.2505633063219186440, 9.096549787118480168 ) ) ;
#1737 = ORIENTED_EDGE ( 'NONE', *, *, #3167, .T. ) ;
#1738 = EDGE_LOOP ( 'NONE', ( #2673, #5487, #897, #1378 ) ) ;
#1739 = VERTEX_POINT ( 'NONE', #5868 ) ;
#1740 = CARTESIAN_POINT ( 'NONE',  ( -66.82563370473964426, -4.049248987169570491, 8.149452904330845016 ) ) ;
#1741 = CYLINDRICAL_SURFACE ( 'NONE', #4738, 0.8900672850981755646 ) ;
#1742 = DIRECTION ( 'NONE',  ( 0.0000000000000000000, 0.0000000000000000000, 1.000000000000000000 ) ) ;
#1743 = CARTESIAN_POINT ( 'NONE',  ( -67.11904706659090891, 2.973338209414482680, -10.09999999999999964 ) ) ;
#1744 = ORIENTED_EDGE ( 'NONE', *, *, #3216, .T. ) ;
#1745 = CYLINDRICAL_SURFACE ( 'NONE', #4832, 0.7417124510626510459 ) ;
#1746 = CYLINDRICAL_SURFACE ( 'NONE', #5641, 2.582112531085103857 ) ;
#1747 = EDGE_LOOP ( 'NONE', ( #5444, #2486, #4367, #4801 ) ) ;
#1748 = ORIENTED_EDGE ( 'NONE', *, *, #3848, .F. ) ;
#1749 = CIRCLE ( 'NONE', #2580, 3.200000000000000178 ) ;
#1750 = EDGE_CURVE ( 'NONE', #5240, #5640, #2057, .T. ) ;
#1751 = EDGE_CURVE ( 'NONE', #2082, #4964, #1539, .T. ) ;
#1752 = CARTESIAN_POINT ( 'NONE',  ( -66.98359313060552722, 1.014806592170936828, 9.043238786367362891 ) ) ;
#1753 = CARTESIAN_POINT ( 'NONE',  ( -67.43889428539347364, -4.386968732130134718, 7.973026452470247882 ) ) ;
#1754 = CARTESIAN_POINT ( 'NONE',  ( -64.99081044402925045, -4.165182614384161930, 8.090812925091775298 ) ) ;
#1755 = DIRECTION ( 'NONE',  ( 1.000000000000000000, 0.0000000000000000000, 0.0000000000000000000 ) ) ;
#1756 = CARTESIAN_POINT ( 'NONE',  ( -65.59304757034267652, 0.3882346920226907860, 9.091714570085791536 ) ) ;
#1757 = EDGE_LOOP ( 'NONE', ( #1147, #3658, #3654, #6471 ) ) ;
#1758 = VERTEX_POINT ( 'NONE', #1891 ) ;
#1759 = DIRECTION ( 'NONE',  ( 1.000000000000000000, 0.0000000000000000000, -1.836970198721029934E-16 ) ) ;
#1760 = EDGE_CURVE ( 'NONE', #2752, #5374, #1080, .T. ) ;
#1761 = B_SPLINE_CURVE_WITH_KNOTS ( 'NONE', 3,
 ( #2386, #6251, #5688, #5120 ),
 .UNSPECIFIED., .F., .F.,
 ( 4, 4 ),
 ( 3.896993644413726048E-16, 0.0001442074134178676582 ),
 .UNSPECIFIED. ) ;
#1762 = LINE ( 'NONE', #1204, #267 ) ;
#1763 = DIRECTION ( 'NONE',  ( -1.000000000000000000, 0.0000000000000000000, 0.0000000000000000000 ) ) ;
#1764 = EDGE_CURVE ( 'NONE', #2813, #4283, #1329, .T. ) ;
#1765 = CARTESIAN_POINT ( 'NONE',  ( 106.3000000000000114, 0.0000000000000000000, -1.952699321240450801E-14 ) ) ;
#1766 = ORIENTED_EDGE ( 'NONE', *, *, #3032, .T. ) ;
#1767 = DIRECTION ( 'NONE',  ( -1.000000000000000000, -0.0000000000000000000, 1.836970198721029934E-16 ) ) ;
#1768 = CARTESIAN_POINT ( 'NONE',  ( -67.36440999442301347, -5.166260747496947303, 7.491311626736166573 ) ) ;
#1769 = ORIENTED_EDGE ( 'NONE', *, *, #7098, .F. ) ;
#1770 = CARTESIAN_POINT ( 'NONE',  ( -67.09685757287223851, -4.951532557656117106, 7.634941082318295713 ) ) ;
#1771 = ORIENTED_EDGE ( 'NONE', *, *, #2209, .T. ) ;
#1772 = ORIENTED_EDGE ( 'NONE', *, *, #5439, .T. ) ;
#1773 = ORIENTED_EDGE ( 'NONE', *, *, #909, .F. ) ;
#1774 = CARTESIAN_POINT ( 'NONE',  ( -67.04762754074417330, 0.9357509609146470453, 9.051760609911616129 ) ) ;
#1775 = CYLINDRICAL_SURFACE ( 'NONE', #3288, 0.8561286656195016276 ) ;
#1776 = FACE_OUTER_BOUND ( 'NONE', #5768, .T. ) ;
#1777 = DIRECTION ( 'NONE',  ( -0.0000000000000000000, -0.0000000000000000000, -1.000000000000000000 ) ) ;
#1778 = ORIENTED_EDGE ( 'NONE', *, *, #2143, .T. ) ;
#1779 = CARTESIAN_POINT ( 'NONE',  ( -103.2999999999999972, 0.0000000000000000000, -6.325300717596081604E-15 ) ) ;
#1780 = ORIENTED_EDGE ( 'NONE', *, *, #6060, .T. ) ;
#1781 = CARTESIAN_POINT ( 'NONE',  ( -65.01076934266068008, -3.685112262224391699, 8.320453570257070552 ) ) ;
#1782 = CARTESIAN_POINT ( 'NONE',  ( -66.20392500701603922, 0.9993188375797875667, 8.843718780064097729 ) ) ;
#1783 = CARTESIAN_POINT ( 'NONE',  ( -66.82348332693275950, 3.343514479679411178, 8.248085288366887369 ) ) ;
#1784 = FACE_OUTER_BOUND ( 'NONE', #3900, .T. ) ;
#1785 = DIRECTION ( 'NONE',  ( -0.0000000000000000000, -0.0000000000000000000, -1.000000000000000000 ) ) ;
#1786 = DIRECTION ( 'NONE',  ( 1.000000000000000000, 0.0000000000000000000, 0.0000000000000000000 ) ) ;
#1787 = ORIENTED_EDGE ( 'NONE', *, *, #5563, .F. ) ;
#1788 = EDGE_CURVE ( 'NONE', #5709, #6273, #6809, .T. ) ;
#1789 = ORIENTED_EDGE ( 'NONE', *, *, #7403, .F. ) ;
#1790 = ADVANCED_FACE ( 'NONE', ( #5799 ), #1746, .F. ) ;
#1791 = CIRCLE ( 'NONE', #4424, 0.2000000000000002054 ) ;
#1792 = CARTESIAN_POINT ( 'NONE',  ( -67.27887363699635159, -4.000676932272317465, 7.950307174106307606 ) ) ;
#1793 = CARTESIAN_POINT ( 'NONE',  ( -66.56438676032765045, 1.158874961864449160, 9.025907645370844889 ) ) ;
#1794 = CIRCLE ( 'NONE', #6587, 0.2000000000000002054 ) ;
#1795 = SURFACE_STYLE_FILL_AREA ( #1906 ) ;
#1796 = EDGE_CURVE ( 'NONE', #4973, #3527, #1441, .T. ) ;
#1797 = CARTESIAN_POINT ( 'NONE',  ( -64.48566912164902476, -4.515210187953294430, 7.670050641213965292 ) ) ;
#1798 = VERTEX_POINT ( 'NONE', #1229 ) ;
#1799 = AXIS2_PLACEMENT_3D ( 'NONE', #397, #4324, #6082 ) ;
#1800 = DIRECTION ( 'NONE',  ( -1.000000000000000000, -0.0000000000000000000, 1.836970198721029934E-16 ) ) ;
#1801 = CARTESIAN_POINT ( 'NONE',  ( -66.55527055082606580, 0.06173701805691213240, 9.099842933687718016 ) ) ;
#1802 = EDGE_CURVE ( 'NONE', #3309, #6777, #2779, .T. ) ;
#1803 = CARTESIAN_POINT ( 'NONE',  ( -66.57663299669869161, 2.082819518669805525, 8.859244522421198198 ) ) ;
#1804 = DIRECTION ( 'NONE',  ( 0.7069781916727415627, 0.7072353473202114271, 0.0000000000000000000 ) ) ;
#1805 = ORIENTED_EDGE ( 'NONE', *, *, #6943, .F. ) ;
#1806 = CARTESIAN_POINT ( 'NONE',  ( -64.52793426638299934, 1.510770795186370030, 8.770836425587479113 ) ) ;
#1807 = CARTESIAN_POINT ( 'NONE',  ( -67.40675155067607704, 0.8405033330587692308, 8.860223143189866590 ) ) ;
#1808 = ORIENTED_EDGE ( 'NONE', *, *, #4076, .F. ) ;
#1809 = EDGE_CURVE ( 'NONE', #4647, #6124, #3755, .T. ) ;
#1810 = EDGE_LOOP ( 'NONE', ( #2381, #6528, #4875, #3150 ) ) ;
#1811 = B_SPLINE_CURVE_WITH_KNOTS ( 'NONE', 3,
 ( #5705, #4575, #6871, #1616 ),
 .UNSPECIFIED., .F., .F.,
 ( 4, 4 ),
 ( 0.0000000000000000000, 0.0001262311596664770119 ),
 .UNSPECIFIED. ) ;
#1812 = ORIENTED_EDGE ( 'NONE', *, *, #1222, .F. ) ;
#1813 = CARTESIAN_POINT ( 'NONE',  ( -67.24202186327163133, -3.953267896741550658, 8.196442700134786818 ) ) ;
#1814 = CARTESIAN_POINT ( 'NONE',  ( -66.98421006156468138, 2.473063153642511836, 8.757508700429362136 ) ) ;
#1815 = DIRECTION ( 'NONE',  ( 0.0000000000000000000, 0.0000000000000000000, 1.000000000000000000 ) ) ;
#1816 = CARTESIAN_POINT ( 'NONE',  ( -67.36497556754852667, 1.001215341118768309, 8.843504273799423387 ) ) ;
#1817 = ORIENTED_EDGE ( 'NONE', *, *, #4669, .F. ) ;
#1818 = CARTESIAN_POINT ( 'NONE',  ( -64.61911213883806226, -4.083775136882868750, 7.907767107810995455 ) ) ;
#1819 = ADVANCED_FACE ( 'NONE', ( #6043 ), #905, .F. ) ;
#1820 = AXIS2_PLACEMENT_3D ( 'NONE', #1433, #131, #4700 ) ;
#1821 = EDGE_LOOP ( 'NONE', ( #5668, #2375, #5491, #5524 ) ) ;
#1822 = PRESENTATION_LAYER_ASSIGNMENT (  '', '', ( #5048 ) ) ;
#1823 = ORIENTED_EDGE ( 'NONE', *, *, #2436, .T. ) ;
#1824 = STYLED_ITEM ( 'NONE', ( #6672 ), #4641 ) ;
#1825 = CARTESIAN_POINT ( 'NONE',  ( -66.98440449857444889, 1.013994926057955714, 9.043329823130909162 ) ) ;
#1826 = CARTESIAN_POINT ( 'NONE',  ( -64.86924676638300014, 3.733270642598479849, 8.079151583496406275 ) ) ;
#1827 = B_SPLINE_CURVE_WITH_KNOTS ( 'NONE', 3,
 ( #1279, #4862, #6589, #4260 ),
 .UNSPECIFIED., .F., .F.,
 ( 4, 4 ),
 ( 0.0000000000000000000, 1.000000000000000000 ),
 .UNSPECIFIED. ) ;
#1828 = LINE ( 'NONE', #4105, #7364 ) ;
#1829 = LINE ( 'NONE', #3465, #1332 ) ;
#1830 = CARTESIAN_POINT ( 'NONE',  ( -66.97857947943569457, 0.2449996413855922428, 9.096701760533132841 ) ) ;
#1831 = LINE ( 'NONE', #6979, #1213 ) ;
#1832 = CARTESIAN_POINT ( 'NONE',  ( -64.73494799151234247, -0.2948216307289478477, 8.895127133118283069 ) ) ;
#1833 = EDGE_LOOP ( 'NONE', ( #4765, #7348, #5044, #830 ) ) ;
#1834 = VERTEX_POINT ( 'NONE', #5415 ) ;
#1835 = VECTOR ( 'NONE', #3485, 1000.000000000000000 ) ;
#1836 = CARTESIAN_POINT ( 'NONE',  ( -66.43981237135652407, 3.346948729027985348, 8.462147139187438327 ) ) ;
#1837 = ADVANCED_FACE ( 'NONE', ( #7235 ), #6574, .F. ) ;
#1838 = CARTESIAN_POINT ( 'NONE',  ( -64.88620744716763511, -4.318417159173670861, 8.010200922192026951 ) ) ;
#1839 = STYLED_ITEM ( 'NONE', ( #1044 ), #5258 ) ;
#1840 = CARTESIAN_POINT ( 'NONE',  ( -66.20392500701603922, 0.9993188375797875667, 8.843718780064097729 ) ) ;
#1841 = DIRECTION ( 'NONE',  ( 0.0000000000000000000, 0.0000000000000000000, 1.000000000000000000 ) ) ;
#1842 = DIRECTION ( 'NONE',  ( 0.0000000000000000000, 0.0000000000000000000, -1.000000000000000000 ) ) ;
#1843 = VECTOR ( 'NONE', #7060, 1000.000000000000000 ) ;
#1844 = CARTESIAN_POINT ( 'NONE',  ( 98.70000000000001705, 0.0000000000000000000, -1.813089586137660369E-14 ) ) ;
#1845 = EDGE_CURVE ( 'NONE', #7025, #5384, #4247, .T. ) ;
#1846 = EDGE_CURVE ( 'NONE', #4474, #2553, #6455, .T. ) ;
#1847 = CARTESIAN_POINT ( 'NONE',  ( -66.55854446241113465, 0.03086870882614021691, 9.100000000000012079 ) ) ;
#1848 = AXIS2_PLACEMENT_3D ( 'NONE', #5706, #1137, #87 ) ;
#1849 = CARTESIAN_POINT ( 'NONE',  ( -84.00000000000000000, -0.8175626144409078311, 9.063199841748433627 ) ) ;
#1850 = VERTEX_POINT ( 'NONE', #1480 ) ;
#1851 = ORIENTED_EDGE ( 'NONE', *, *, #7409, .F. ) ;
#1852 = ORIENTED_EDGE ( 'NONE', *, *, #3766, .F. ) ;
#1853 = FACE_OUTER_BOUND ( 'NONE', #4930, .T. ) ;
#1854 = CYLINDRICAL_SURFACE ( 'NONE', #76, 0.7304784883526427297 ) ;
#1855 = CARTESIAN_POINT ( 'NONE',  ( -71.30020535340770493, 1.612270057102940024, -10.09999999999999964 ) ) ;
#1856 = CARTESIAN_POINT ( 'NONE',  ( -65.21988171581021732, -5.812069188498086625, 7.002131943066439490 ) ) ;
#1857 = VERTEX_POINT ( 'NONE', #3084 ) ;
#1858 = CARTESIAN_POINT ( 'NONE',  ( 84.00000000000000000, 0.0000000000000000000, -8.850000000000015632 ) ) ;
#1859 = ORIENTED_EDGE ( 'NONE', *, *, #3127, .T. ) ;
#1860 = ORIENTED_EDGE ( 'NONE', *, *, #4137, .F. ) ;
#1861 = EDGE_CURVE ( 'NONE', #6575, #4647, #2510, .T. ) ;
#1862 =( NAMED_UNIT ( * ) PLANE_ANGLE_UNIT ( ) SI_UNIT ( $, .RADIAN. ) );
#1863 = CARTESIAN_POINT ( 'NONE',  ( -66.59307909630726385, -3.679753718769118276, 8.323864943274257300 ) ) ;
#1864 = CARTESIAN_POINT ( 'NONE',  ( -65.44359930859961594, -3.511021024068192276, 8.178186312902839816 ) ) ;
#1865 = ORIENTED_EDGE ( 'NONE', *, *, #1050, .T. ) ;
#1866 = CARTESIAN_POINT ( 'NONE',  ( -66.82563370473964426, -4.049248987169570491, 8.149452904330845016 ) ) ;
#1867 = ORIENTED_EDGE ( 'NONE', *, *, #4137, .T. ) ;
#1868 = VERTEX_POINT ( 'NONE', #1437 ) ;
#1869 = DIRECTION ( 'NONE',  ( -1.000000000000000000, 0.0000000000000000000, 0.0000000000000000000 ) ) ;
#1870 = CARTESIAN_POINT ( 'NONE',  ( -64.49670977756728973, -4.443763201226277992, 7.711223548272179151 ) ) ;
#1871 = CARTESIAN_POINT ( 'NONE',  ( -66.28224579139306627, 3.662432598229491187, 8.330461419598929496 ) ) ;
#1872 = MECHANICAL_DESIGN_GEOMETRIC_PRESENTATION_REPRESENTATION (  '', ( #82 ), #1163 ) ;
#1873 = CARTESIAN_POINT ( 'NONE',  ( -66.94076318105057055, 1.444926967125971684, 8.984552635477871974 ) ) ;
#1874 = VERTEX_POINT ( 'NONE', #6537 ) ;
#1875 = CARTESIAN_POINT ( 'NONE',  ( -66.12380674268769098, 3.580039177792769145, 8.366201018710288650 ) ) ;
#1876 = FACE_OUTER_BOUND ( 'NONE', #2269, .T. ) ;
#1877 = FILL_AREA_STYLE_COLOUR ( '', #3358 ) ;
#1878 = B_SPLINE_CURVE_WITH_KNOTS ( 'NONE', 3,
 ( #6329, #3117, #6536, #2953 ),
 .UNSPECIFIED., .F., .F.,
 ( 4, 4 ),
 ( 6.728979520020049240E-14, 0.0002409683115751620340 ),
 .UNSPECIFIED. ) ;
#1879 = DIRECTION ( 'NONE',  ( 0.0000000000000000000, 0.0000000000000000000, 1.000000000000000000 ) ) ;
#1880 = DIRECTION ( 'NONE',  ( -1.000000000000000000, 0.0000000000000000000, 0.0000000000000000000 ) ) ;
#1881 = CARTESIAN_POINT ( 'NONE',  ( -65.33489592522055034, 2.810679360156778994, 8.445210199262449535 ) ) ;
#1882 = ORIENTED_EDGE ( 'NONE', *, *, #3108, .F. ) ;
#1883 = B_SPLINE_CURVE_WITH_KNOTS ( 'NONE', 3,
 ( #347, #1011, #6183, #3320 ),
 .UNSPECIFIED., .F., .F.,
 ( 4, 4 ),
 ( 1.300317387829090114E-13, 0.0002376396531816931063 ),
 .UNSPECIFIED. ) ;
#1884 = ORIENTED_EDGE ( 'NONE', *, *, #2368, .T. ) ;
#1885 = EDGE_CURVE ( 'NONE', #1739, #3092, #7191, .T. ) ;
#1886 = EDGE_CURVE ( 'NONE', #5967, #5825, #6532, .T. ) ;
#1887 = CARTESIAN_POINT ( 'NONE',  ( -65.15219588189360422, 0.3872233074690977772, 8.891572308098997013 ) ) ;
#1888 = CARTESIAN_POINT ( 'NONE',  ( -66.55199676638302719, 0.09260412851970527270, -10.09999999999999964 ) ) ;
#1889 = PLANE ( 'NONE',  #4077 ) ;
#1890 = ORIENTED_EDGE ( 'NONE', *, *, #6746, .T. ) ;
#1891 = CARTESIAN_POINT ( 'NONE',  ( -66.58903843304969428, 1.965853975931816766, 8.885123417562262205 ) ) ;
#1892 = ORIENTED_EDGE ( 'NONE', *, *, #6626, .T. ) ;
#1893 = ORIENTED_EDGE ( 'NONE', *, *, #1494, .T. ) ;
#1894 = ADVANCED_FACE ( 'NONE', ( #2675 ), #3752, .T. ) ;
#1895 = B_SPLINE_CURVE_WITH_KNOTS ( 'NONE', 3,
 ( #3238, #5637, #6133, #514 ),
 .UNSPECIFIED., .F., .F.,
 ( 4, 4 ),
 ( 8.037603112099566436E-15, 0.0003740095460078047412 ),
 .UNSPECIFIED. ) ;
#1896 = CYLINDRICAL_SURFACE ( 'NONE', #4313, 1.543781532501453668 ) ;
#1897 = CARTESIAN_POINT ( 'NONE',  ( -66.97725249360117061, -5.192034667741457277, 7.228608165405773001 ) ) ;
#1898 = EDGE_CURVE ( 'NONE', #440, #7319, #3497, .T. ) ;
#1899 = CARTESIAN_POINT ( 'NONE',  ( -67.36915619414021705, 2.511076533017551959, 8.746684780265537640 ) ) ;
#1900 = B_SPLINE_CURVE_WITH_KNOTS ( 'NONE', 3,
 ( #1592, #5194, #13, #1740 ),
 .UNSPECIFIED., .F., .F.,
 ( 4, 4 ),
 ( 0.0000000000000000000, 0.0003256214062982343196 ),
 .UNSPECIFIED. ) ;
#1901 = CARTESIAN_POINT ( 'NONE',  ( -66.76213483953485195, 3.368457446133905187, 8.453650908415026421 ) ) ;
#1902 = ORIENTED_EDGE ( 'NONE', *, *, #6755, .T. ) ;
#1903 = EDGE_LOOP ( 'NONE', ( #2625, #5715, #4627, #4308 ) ) ;
#1904 = CARTESIAN_POINT ( 'NONE',  ( -67.05532099846448091, -4.294521190146810774, 8.022910179441137046 ) ) ;
#1905 = UNCERTAINTY_MEASURE_WITH_UNIT (LENGTH_MEASURE( 1.000000000000000082E-05 ), #5436, 'distance_accuracy_value', 'NONE');
#1906 = FILL_AREA_STYLE ('',( #1348 ) ) ;
#1907 = ADVANCED_FACE ( 'NONE', ( #6658 ), #1923, .T. ) ;
#1908 = DIRECTION ( 'NONE',  ( 0.0000000000000000000, 0.0000000000000000000, -1.000000000000000000 ) ) ;
#1909 = ORIENTED_EDGE ( 'NONE', *, *, #4768, .F. ) ;
#1910 = CARTESIAN_POINT ( 'NONE',  ( -66.63283757010859176, 1.508069482266076511, 8.771301296652506352 ) ) ;
#1911 = CIRCLE ( 'NONE', #5277, 8.849999999999999645 ) ;
#1912 = CARTESIAN_POINT ( 'NONE',  ( -66.63747286830620453, 0.5694701317367281135, -10.09999999999999964 ) ) ;
#1913 = ORIENTED_EDGE ( 'NONE', *, *, #1122, .F. ) ;
#1914 = ORIENTED_EDGE ( 'NONE', *, *, #778, .F. ) ;
#1915 = DIRECTION ( 'NONE',  ( 1.000000000000000000, 0.0000000000000000000, -1.836970198721029934E-16 ) ) ;
#1916 = CARTESIAN_POINT ( 'NONE',  ( 103.2999999999999972, 0.0000000000000000000, -1.897590215278827558E-14 ) ) ;
#1917 = AXIS2_PLACEMENT_3D ( 'NONE', #5457, #2036, #1446 ) ;
#1918 = VECTOR ( 'NONE', #305, 1000.000000000000000 ) ;
#1919 = DIRECTION ( 'NONE',  ( -1.000000000000000000, 0.0000000000000000000, 0.0000000000000000000 ) ) ;
#1920 = EDGE_CURVE ( 'NONE', #1188, #2426, #970, .T. ) ;
#1921 = ORIENTED_EDGE ( 'NONE', *, *, #1104, .T. ) ;
#1922 = CARTESIAN_POINT ( 'NONE',  ( -67.40712804066956210, -4.269522496301595638, 8.036241512894868322 ) ) ;
#1923 = CYLINDRICAL_SURFACE ( 'NONE', #5174, 0.6281525791919373436 ) ;
#1924 = ORIENTED_EDGE ( 'NONE', *, *, #2776, .T. ) ;
#1925 = EDGE_LOOP ( 'NONE', ( #6371, #5906, #167, #1289 ) ) ;
#1926 = STYLED_ITEM ( 'NONE', ( #3592 ), #3542 ) ;
#1927 = LINE ( 'NONE', #2461, #6109 ) ;
#1928 = ADVANCED_FACE ( 'NONE', ( #7082 ), #4208, .F. ) ;
#1929 = AXIS2_PLACEMENT_3D ( 'NONE', #6412, #3551, #6015 ) ;
#1930 = ORIENTED_EDGE ( 'NONE', *, *, #2264, .T. ) ;
#1931 = CARTESIAN_POINT ( 'NONE',  ( -64.77395546498762258, -0.2804583714772774794, 9.095677165657789942 ) ) ;
#1932 = CYLINDRICAL_SURFACE ( 'NONE', #4675, 0.4841839437247641431 ) ;
#1933 = ORIENTED_EDGE ( 'NONE', *, *, #3706, .F. ) ;
#1934 = ORIENTED_EDGE ( 'NONE', *, *, #1296, .T. ) ;
#1935 = EDGE_CURVE ( 'NONE', #4647, #5303, #3974, .T. ) ;
#1936 = DIRECTION ( 'NONE',  ( -0.0000000000000000000, -0.0000000000000000000, -1.000000000000000000 ) ) ;
#1937 = ORIENTED_EDGE ( 'NONE', *, *, #6755, .F. ) ;
#1938 = ORIENTED_EDGE ( 'NONE', *, *, #2582, .T. ) ;
#1939 = CYLINDRICAL_SURFACE ( 'NONE', #2469, 2.294480709352924919 ) ;
#1940 = VECTOR ( 'NONE', #4000, 1000.000000000000000 ) ;
#1941 = ADVANCED_FACE ( 'NONE', ( #5560 ), #5707, .T. ) ;
#1942 = CARTESIAN_POINT ( 'NONE',  ( -64.96182552429610269, 0.2138970497767082868, 8.897429294582623882 ) ) ;
#1943 = CARTESIAN_POINT ( 'NONE',  ( -67.36915619415364631, 0.2885766856451503215, 8.895320314440748888 ) ) ;
#1944 = DIRECTION ( 'NONE',  ( -0.0000000000000000000, -0.0000000000000000000, -1.000000000000000000 ) ) ;
#1945 = CARTESIAN_POINT ( 'NONE',  ( -64.50636812122931474, -4.381261520358858519, 7.976194405099664486 ) ) ;
#1946 = CARTESIAN_POINT ( 'NONE',  ( -66.54906158164611440, -5.493204909691875137, 7.002478119932773026 ) ) ;
#1947 = ORIENTED_EDGE ( 'NONE', *, *, #6022, .T. ) ;
#1948 = CIRCLE ( 'NONE', #6749, 9.099999999999999645 ) ;
#1949 = ORIENTED_EDGE ( 'NONE', *, *, #7426, .T. ) ;
#1950 = CARTESIAN_POINT ( 'NONE',  ( -66.37023334486504211, -5.543465884613975270, 7.216670103671032344 ) ) ;
#1951 = CARTESIAN_POINT ( 'NONE',  ( -66.63895239694041095, 0.09321491182177654711, 9.099522589307044385 ) ) ;
#1952 = DIRECTION ( 'NONE',  ( 0.5425469366422039919, 0.8400254886252919162, -0.0000000000000000000 ) ) ;
#1953 = AXIS2_PLACEMENT_3D ( 'NONE', #5717, #590, #2861 ) ;
#1954 = LINE ( 'NONE', #5270, #6976 ) ;
#1955 = ORIENTED_EDGE ( 'NONE', *, *, #424, .F. ) ;
#1956 = SURFACE_STYLE_USAGE ( .BOTH. , #7120 ) ;
#1957 = DIRECTION ( 'NONE',  ( 0.0000000000000000000, 0.0000000000000000000, 1.000000000000000000 ) ) ;
#1958 = VERTEX_POINT ( 'NONE', #1587 ) ;
#1959 = ORIENTED_EDGE ( 'NONE', *, *, #6005, .F. ) ;
#1960 = CARTESIAN_POINT ( 'NONE',  ( -66.12380674268769098, 3.580039177792769145, 8.366201018710288650 ) ) ;
#1961 = CARTESIAN_POINT ( 'NONE',  ( -66.79285193264229292, -5.371567164380218529, 7.096214920544079874 ) ) ;
#1962 = VERTEX_POINT ( 'NONE', #6229 ) ;
#1963 = B_SPLINE_CURVE_WITH_KNOTS ( 'NONE', 3,
 ( #1168, #2251, #1047, #3365 ),
 .UNSPECIFIED., .F., .F.,
 ( 4, 4 ),
 ( 1.123258946587631705E-13, 0.0001595379293145235422 ),
 .UNSPECIFIED. ) ;
#1964 = CARTESIAN_POINT ( 'NONE',  ( -67.40675155075442149, 3.063003179983808888, 8.356315666572754708 ) ) ;
#1965 = CARTESIAN_POINT ( 'NONE',  ( -66.20392500694022431, 3.221818684938110966, 8.296377785599199584 ) ) ;
#1966 = ORIENTED_EDGE ( 'NONE', *, *, #4591, .T. ) ;
#1967 = ORIENTED_EDGE ( 'NONE', *, *, #3999, .T. ) ;
#1968 = ADVANCED_FACE ( 'NONE', ( #503 ), #545, .F. ) ;
#1969 = EDGE_CURVE ( 'NONE', #3873, #5590, #6171, .T. ) ;
#1970 = LINE ( 'NONE', #5356, #406 ) ;
#1971 = B_SPLINE_CURVE_WITH_KNOTS ( 'NONE', 3,
 ( #1602, #6778, #7361, #999 ),
 .UNSPECIFIED., .F., .F.,
 ( 4, 4 ),
 ( 0.0000000000000000000, 0.0001429257483909935635 ),
 .UNSPECIFIED. ) ;
#1972 = CARTESIAN_POINT ( 'NONE',  ( -66.53430276858281900, -3.918479357401496443, -10.09999999999999964 ) ) ;
#1973 = VERTEX_POINT ( 'NONE', #6724 ) ;
#1974 =( LENGTH_UNIT ( ) NAMED_UNIT ( * ) SI_UNIT ( .MILLI., .METRE. ) );
#1975 = ORIENTED_EDGE ( 'NONE', *, *, #3182, .F. ) ;
#1976 = ADVANCED_FACE ( 'NONE', ( #1096 ), #4506, .F. ) ;
#1977 = CARTESIAN_POINT ( 'NONE',  ( -67.45094052360761339, -4.833580988277605961, 7.473051239604974860 ) ) ;
#1978 = CARTESIAN_POINT ( 'NONE',  ( -66.97576418837121537, 0.2422177573697856245, 8.896703353378427437 ) ) ;
#1979 = AXIS2_PLACEMENT_3D ( 'NONE', #6306, #3324, #6826 ) ;
#1980 = CARTESIAN_POINT ( 'NONE',  ( -65.99467776452640067, 0.8226112148920692313, 9.062743005797639029 ) ) ;
#1981 = EDGE_CURVE ( 'NONE', #6621, #7168, #3838, .T. ) ;
#1982 = DIRECTION ( 'NONE',  ( 1.000000000000000000, -1.392517207389929947E-16, 0.0000000000000000000 ) ) ;
#1983 = CARTESIAN_POINT ( 'NONE',  ( -66.58903843304969428, -0.2566458714802979935, -10.09999999999999964 ) ) ;
#1984 = EDGE_LOOP ( 'NONE', ( #4986, #2222, #5784, #1867 ) ) ;
#1985 = ORIENTED_EDGE ( 'NONE', *, *, #1575, .T. ) ;
#1986 = CARTESIAN_POINT ( 'NONE',  ( -67.08840227052779426, 0.4134131839468139225, 8.890393103757514126 ) ) ;
#1987 = DIRECTION ( 'NONE',  ( -0.0000000000000000000, -0.0000000000000000000, -1.000000000000000000 ) ) ;
#1988 = DIRECTION ( 'NONE',  ( -0.0000000000000000000, -0.0000000000000000000, 1.000000000000000000 ) ) ;
#1989 = DIRECTION ( 'NONE',  ( 0.0000000000000000000, 0.0000000000000000000, 1.000000000000000000 ) ) ;
#1990 = ORIENTED_EDGE ( 'NONE', *, *, #1861, .T. ) ;
#1991 =( LENGTH_UNIT ( ) NAMED_UNIT ( * ) SI_UNIT ( .MILLI., .METRE. ) );
#1992 = CARTESIAN_POINT ( 'NONE',  ( -64.77395546497919554, -0.2804583714802966199, -10.09999999999999964 ) ) ;
#1993 = ORIENTED_EDGE ( 'NONE', *, *, #6140, .F. ) ;
#1994 = VERTEX_POINT ( 'NONE', #2819 ) ;
#1995 = EDGE_CURVE ( 'NONE', #4830, #2084, #5202, .T. ) ;
#1996 = LINE ( 'NONE', #7240, #4551 ) ;
#1997 = CARTESIAN_POINT ( 'NONE',  ( -64.86924676638300014, 0.0000000000000000000, 1.191628731233266239E-14 ) ) ;
#1998 = CARTESIAN_POINT ( 'NONE',  ( -64.77395546497913870, 1.942041475931817640, 8.890358536401150147 ) ) ;
#1999 = ORIENTED_EDGE ( 'NONE', *, *, #1809, .T. ) ;
#2000 = LINE ( 'NONE', #3760, #1843 ) ;
#2001 = CARTESIAN_POINT ( 'NONE',  ( -67.29233950874554182, 3.372071188053421764, -10.09999999999999964 ) ) ;
#2002 = ORIENTED_EDGE ( 'NONE', *, *, #4704, .T. ) ;
#2003 = ORIENTED_EDGE ( 'NONE', *, *, #962, .F. ) ;
#2004 = LINE ( 'NONE', #809, #864 ) ;
#2005 = EDGE_CURVE ( 'NONE', #5072, #1003, #1698, .T. ) ;
#2006 = EDGE_CURVE ( 'NONE', #6205, #2371, #450, .T. ) ;
#2007 = CARTESIAN_POINT ( 'NONE',  ( -65.06082165257592465, 0.2961472975640220273, 9.095179865079401793 ) ) ;
#2008 = FACE_OUTER_BOUND ( 'NONE', #6535, .T. ) ;
#2009 = ORIENTED_EDGE ( 'NONE', *, *, #2899, .F. ) ;
#2010 = DIRECTION ( 'NONE',  ( 0.0000000000000000000, 0.0000000000000000000, -1.000000000000000000 ) ) ;
#2011 = ORIENTED_EDGE ( 'NONE', *, *, #3819, .F. ) ;
#2012 = DIRECTION ( 'NONE',  ( -1.000000000000000000, 0.0000000000000000000, 0.0000000000000000000 ) ) ;
#2013 = CARTESIAN_POINT ( 'NONE',  ( -67.41189259971629610, -2.656416781107579173, -10.09999999999999964 ) ) ;
#2014 = EDGE_CURVE ( 'NONE', #7111, #5230, #1659, .T. ) ;
#2015 = CARTESIAN_POINT ( 'NONE',  ( -66.20392500701777294, 3.221818684993160709, -10.09999999999999964 ) ) ;
#2016 = CYLINDRICAL_SURFACE ( 'NONE', #3060, 1.648040652518459215 ) ;
#2017 = CARTESIAN_POINT ( 'NONE',  ( -67.00821076459854453, 0.9901068620135923259, 9.046008302873223883 ) ) ;
#2018 = VERTEX_POINT ( 'NONE', #2140 ) ;
#2019 = VERTEX_POINT ( 'NONE', #4470 ) ;
#2020 = ORIENTED_EDGE ( 'NONE', *, *, #7020, .F. ) ;
#2021 = CARTESIAN_POINT ( 'NONE',  ( -66.27688212926571509, -5.558095973587311001, 6.951084026854565501 ) ) ;
#2022 = CARTESIAN_POINT ( 'NONE',  ( -65.75358379307080270, 3.269755562318210185, 8.492272873777038100 ) ) ;
#2023 = EDGE_CURVE ( 'NONE', #5887, #4886, #4478, .T. ) ;
#2024 = EDGE_CURVE ( 'NONE', #3527, #6000, #5557, .T. ) ;
#2025 = VECTOR ( 'NONE', #6647, 1000.000000000000000 ) ;
#2026 = VERTEX_POINT ( 'NONE', #3298 ) ;
#2027 = DIRECTION ( 'NONE',  ( 1.000000000000000000, 0.0000000000000000000, -1.836970198721024264E-16 ) ) ;
#2028 = DIRECTION ( 'NONE',  ( -0.0000000000000000000, -0.0000000000000000000, -1.000000000000000000 ) ) ;
#2029 = CARTESIAN_POINT ( 'NONE',  ( -66.98318744662110191, 1.015212420700657203, 8.841908376637665157 ) ) ;
#2030 = VERTEX_POINT ( 'NONE', #3270 ) ;
#2031 = ORIENTED_EDGE ( 'NONE', *, *, #1935, .T. ) ;
#2032 = CYLINDRICAL_SURFACE ( 'NONE', #1799, 0.4841839437247641431 ) ;
#2033 = AXIS2_PLACEMENT_3D ( 'NONE', #493, #6866, #6337 ) ;
#2034 = AXIS2_PLACEMENT_3D ( 'NONE', #5002, #2142, #7162 ) ;
#2035 = CARTESIAN_POINT ( 'NONE',  ( -64.67012716738648237, -5.385283857143051023, 7.085811017660198274 ) ) ;
#2036 = DIRECTION ( 'NONE',  ( 0.0000000000000000000, 0.0000000000000000000, 1.000000000000000000 ) ) ;
#2037 = EDGE_CURVE ( 'NONE', #5450, #807, #3824, .T. ) ;
#2038 = CARTESIAN_POINT ( 'NONE',  ( -67.45094052352776259, -4.833580988921565513, 7.710155304761131312 ) ) ;
#2039 = CARTESIAN_POINT ( 'NONE',  ( -66.98318744662110191, 1.015212420700657203, 8.841908376637665157 ) ) ;
#2040 = DIRECTION ( 'NONE',  ( 0.0000000000000000000, 0.0000000000000000000, 1.000000000000000000 ) ) ;
#2041 = AXIS2_PLACEMENT_3D ( 'NONE', #293, #6473, #2529 ) ;
#2042 = ORIENTED_EDGE ( 'NONE', *, *, #5349, .T. ) ;
#2043 = PRESENTATION_LAYER_ASSIGNMENT (  '', '', ( #5758 ) ) ;
#2044 = VERTEX_POINT ( 'NONE', #428 ) ;
#2045 = B_SPLINE_CURVE_WITH_KNOTS ( 'NONE', 3,
 ( #1782, #3388, #2385, #668 ),
 .UNSPECIFIED., .F., .F.,
 ( 4, 4 ),
 ( 2.145514428583021636E-15, 0.0002744824758493512882 ),
 .UNSPECIFIED. ) ;
#2046 = VECTOR ( 'NONE', #6028, 1000.000000000000000 ) ;
#2047 = VECTOR ( 'NONE', #2040, 1000.000000000000000 ) ;
#2048 = UNCERTAINTY_MEASURE_WITH_UNIT (LENGTH_MEASURE( 1.000000000000000082E-05 ), #1974, 'distance_accuracy_value', 'NONE');
#2049 = CARTESIAN_POINT ( 'NONE',  ( -66.98318744662110191, 3.237712267986305292, 8.504541096951156121 ) ) ;
#2050 = CARTESIAN_POINT ( 'NONE',  ( -67.09269244944290733, 3.069595406926263426, 8.566655358877079962 ) ) ;
#2051 = VERTEX_POINT ( 'NONE', #2220 ) ;
#2052 = AXIS2_PLACEMENT_3D ( 'NONE', #3008, #6498, #3634 ) ;
#2053 = DIRECTION ( 'NONE',  ( 0.0000000000000000000, 0.0000000000000000000, -1.000000000000000000 ) ) ;
#2054 = CARTESIAN_POINT ( 'NONE',  ( -66.97576418837120116, 0.2422177573694269948, -10.09999999999999964 ) ) ;
#2055 = DIRECTION ( 'NONE',  ( -1.000000000000000000, 0.0000000000000000000, 0.0000000000000000000 ) ) ;
#2057 = B_SPLINE_CURVE_WITH_KNOTS ( 'NONE', 3,
 ( #2979, #2457, #2905, #4743 ),
 .UNSPECIFIED., .F., .F.,
 ( 4, 4 ),
 ( 2.092316757794619668E-15, 0.0001936080898403448602 ),
 .UNSPECIFIED. ) ;
#2056 = CARTESIAN_POINT ( 'NONE',  ( -66.62984216101949642, 1.158874961853036067, 9.025907645372310384 ) ) ;
#2058 = LINE ( 'NONE', #4347, #3021 ) ;
#2059 = ORIENTED_EDGE ( 'NONE', *, *, #7268, .F. ) ;
#2060 = VERTEX_POINT ( 'NONE', #4538 ) ;
#2061 = ORIENTED_EDGE ( 'NONE', *, *, #1618, .T. ) ;
#2062 = CYLINDRICAL_SURFACE ( 'NONE', #3351, 0.9710457838052605206 ) ;
#2063 = ADVANCED_FACE ( 'NONE', ( #6834 ), #2708, .F. ) ;
#2064 = CARTESIAN_POINT ( 'NONE',  ( -84.00000000000000000, 0.0000000000000000000, -5.143516556418880167E-15 ) ) ;
#2065 = EDGE_CURVE ( 'NONE', #2060, #4758, #3315, .T. ) ;
#2066 = CARTESIAN_POINT ( 'NONE',  ( -64.61216258934156542, -0.3186646456984102982, 9.094421267942534470 ) ) ;
#2067 = VECTOR ( 'NONE', #4519, 1000.000000000000000 ) ;
#2068 = CARTESIAN_POINT ( 'NONE',  ( -66.98421006156466717, 0.2505633063312007192, 8.896472223837974980 ) ) ;
#2069 = ORIENTED_EDGE ( 'NONE', *, *, #7139, .F. ) ;
#2070 = B_SPLINE_CURVE_WITH_KNOTS ( 'NONE', 3,
 ( #6446, #4712, #1830, #2387 ),
 .UNSPECIFIED., .F., .F.,
 ( 4, 4 ),
 ( 0.0000000000000000000, 1.000000000000000000 ),
 .UNSPECIFIED. ) ;
#2071 = CARTESIAN_POINT ( 'NONE',  ( -65.54019915046430356, -4.782566246032390112, -10.09999999999999964 ) ) ;
#2072 = CARTESIAN_POINT ( 'NONE',  ( -67.13672593304970349, -4.658651222308310302, -10.09999999999999964 ) ) ;
#2073 = CARTESIAN_POINT ( 'NONE',  ( -67.12151950517106513, -4.482174538530554031, 7.919731578934965377 ) ) ;
#2074 = ORIENTED_EDGE ( 'NONE', *, *, #6125, .T. ) ;
#2075 = VERTEX_POINT ( 'NONE', #2240 ) ;
#2076 = ADVANCED_FACE ( 'NONE', ( #7437 ), #3916, .F. ) ;
#2077 = FACE_OUTER_BOUND ( 'NONE', #4196, .T. ) ;
#2078 = CARTESIAN_POINT ( 'NONE',  ( -65.42334216101944833, 0.6894876159058072052, 9.073841900072578071 ) ) ;
#2079 = ORIENTED_EDGE ( 'NONE', *, *, #541, .F. ) ;
#2080 = CARTESIAN_POINT ( 'NONE',  ( -64.85201268575499967, -4.402258597263768003, 7.734993163721441967 ) ) ;
#2081 = CARTESIAN_POINT ( 'NONE',  ( -65.33650851338485666, 2.329487421310715511, 8.589731564720480606 ) ) ;
#2082 = VERTEX_POINT ( 'NONE', #6857 ) ;
#2083 = EDGE_CURVE ( 'NONE', #4876, #6491, #2763, .T. ) ;
#2084 = VERTEX_POINT ( 'NONE', #5651 ) ;
#2085 = CARTESIAN_POINT ( 'NONE',  ( -64.83843359948149043, -0.2573376243969250354, 8.896308922658850094 ) ) ;
#2086 = DIRECTION ( 'NONE',  ( 1.000000000000000000, 0.0000000000000000000, -1.836970198721029934E-16 ) ) ;
#2087 = CARTESIAN_POINT ( 'NONE',  ( -67.04632603418694714, -5.079527121562817271, 7.308105378366402505 ) ) ;
#2088 = DIRECTION ( 'NONE',  ( 0.0000000000000000000, 0.0000000000000000000, 1.000000000000000000 ) ) ;
#2089 = ORIENTED_EDGE ( 'NONE', *, *, #2681, .F. ) ;
#2090 = CARTESIAN_POINT ( 'NONE',  ( -84.00000000000000000, 0.3107680673900581336, 9.094692034823991023 ) ) ;
#2091 = VERTEX_POINT ( 'NONE', #2803 ) ;
#2092 = LINE ( 'NONE', #7213, #2229 ) ;
#2093 = DIRECTION ( 'NONE',  ( -1.000000000000000000, -0.0000000000000000000, 1.836970198721029934E-16 ) ) ;
#2094 = CARTESIAN_POINT ( 'NONE',  ( -64.52793426638299934, 1.902353975931808217, 8.694311321217837119 ) ) ;
#2095 = VECTOR ( 'NONE', #2898, 1000.000000000000000 ) ;
#2096 = CYLINDRICAL_SURFACE ( 'NONE', #4685, 0.9365880715856006455 ) ;
#2097 = VERTEX_POINT ( 'NONE', #7405 ) ;
#2098 = ORIENTED_EDGE ( 'NONE', *, *, #472, .T. ) ;
#2099 = CARTESIAN_POINT ( 'NONE',  ( -64.64989882774031571, -4.028437682491443184, 8.159995361515356649 ) ) ;
#2100 = CARTESIAN_POINT ( 'NONE',  ( -103.2999999999999972, 3.918869757271530460E-16, 3.199999999999993516 ) ) ;
#2101 = AXIS2_PLACEMENT_3D ( 'NONE', #6036, #1581, #6758 ) ;
#2102 = LINE ( 'NONE', #6037, #5985 ) ;
#2103 = DIRECTION ( 'NONE',  ( -0.0000000000000000000, -0.0000000000000000000, -1.000000000000000000 ) ) ;
#2104 = VERTEX_POINT ( 'NONE', #832 ) ;
#2105 = EDGE_CURVE ( 'NONE', #7147, #4940, #185, .T. ) ;
#2106 = CARTESIAN_POINT ( 'NONE',  ( -103.2999999999999972, 0.0000000000000000000, -6.325300717596080026E-15 ) ) ;
#2107 = CARTESIAN_POINT ( 'NONE',  ( -64.52793426638299934, -0.3201458714802982164, -10.09999999999999964 ) ) ;
#2108 = EDGE_CURVE ( 'NONE', #5271, #866, #1878, .T. ) ;
#2109 = CARTESIAN_POINT ( 'NONE',  ( -67.36497556765719708, 3.223715188232454398, 8.295641047270523316 ) ) ;
#2110 = ORIENTED_EDGE ( 'NONE', *, *, #4835, .T. ) ;
#2111 = VERTEX_POINT ( 'NONE', #3513 ) ;
#2112 = AXIS2_PLACEMENT_3D ( 'NONE', #3733, #3810, #4384 ) ;
#2113 = CYLINDRICAL_SURFACE ( 'NONE', #2034, 0.6344510512318879414 ) ;
#2114 = B_SPLINE_CURVE_WITH_KNOTS ( 'NONE', 3,
 ( #2760, #524, #1072, #1978 ),
 .UNSPECIFIED., .F., .F.,
 ( 4, 4 ),
 ( 1.111307226797642045E-18, 0.0002004652803218170140 ),
 .UNSPECIFIED. ) ;
#2115 = CARTESIAN_POINT ( 'NONE',  ( -64.18115629126710076, 1.139280759257450315, -10.09999999999999964 ) ) ;
#2116 = CARTESIAN_POINT ( 'NONE',  ( -66.97857947943569457, 2.467499827736844065, 8.759078316449196322 ) ) ;
#2117 = CARTESIAN_POINT ( 'NONE',  ( -67.05532099846448091, -4.294521190146810774, 8.022910179441137046 ) ) ;
#2118 = EDGE_CURVE ( 'NONE', #7223, #2137, #4288, .T. ) ;
#2119 = CARTESIAN_POINT ( 'NONE',  ( -71.80973495877130119, -1.524902822846710082, 8.768390466948561723 ) ) ;
#2120 = EDGE_LOOP ( 'NONE', ( #5479, #2967, #2709, #2074 ) ) ;
#2121 = ORIENTED_EDGE ( 'NONE', *, *, #247, .F. ) ;
#2122 = EDGE_CURVE ( 'NONE', #7025, #7313, #2235, .T. ) ;
#2123 = CARTESIAN_POINT ( 'NONE',  ( -64.95940743065268919, -0.1939808745329981710, 8.897885783730629328 ) ) ;
#2124 = DIRECTION ( 'NONE',  ( -1.000000000000000000, -0.0000000000000000000, 1.836970198721029934E-16 ) ) ;
#2125 = CYLINDRICAL_SURFACE ( 'NONE', #6376, 0.5141305704226828421 ) ;
#2126 = B_SPLINE_CURVE_WITH_KNOTS ( 'NONE', 3,
 ( #7197, #2641, #6049, #468 ),
 .UNSPECIFIED., .F., .F.,
 ( 4, 4 ),
 ( 0.0000000000000000000, 1.000000000000000000 ),
 .UNSPECIFIED. ) ;
#2127 = CARTESIAN_POINT ( 'NONE',  ( -65.53484858244259215, -5.535629824722692049, 7.222685624638304880 ) ) ;
#2128 = ORIENTED_EDGE ( 'NONE', *, *, #6228, .F. ) ;
#2129 = DIRECTION ( 'NONE',  ( 0.0000000000000000000, 0.0000000000000000000, -1.000000000000000000 ) ) ;
#2130 = DIRECTION ( 'NONE',  ( -1.000000000000000000, -0.0000000000000000000, 1.836970198721029934E-16 ) ) ;
#2131 = EDGE_LOOP ( 'NONE', ( #5422, #5267, #5661, #1789, #5185 ) ) ;
#2132 = CARTESIAN_POINT ( 'NONE',  ( -64.95940743065260392, -0.1939808745330480477, -10.09999999999999964 ) ) ;
#2133 = VERTEX_POINT ( 'NONE', #4031 ) ;
#2134 = CARTESIAN_POINT ( 'NONE',  ( -84.00000000000000000, 3.733270642598479849, 8.298957182026704515 ) ) ;
#2135 = B_SPLINE_CURVE_WITH_KNOTS ( 'NONE', 3,
 ( #7277, #4395, #2931, #2332 ),
 .UNSPECIFIED., .F., .F.,
 ( 4, 4 ),
 ( 0.0000000000000000000, 0.0003632516501891346105 ),
 .UNSPECIFIED. ) ;
#2136 = CARTESIAN_POINT ( 'NONE',  ( -67.36615496088089117, -4.156698625527484481, 7.869917677958643054 ) ) ;
#2137 = VERTEX_POINT ( 'NONE', #1195 ) ;
#2138 = DIRECTION ( 'NONE',  ( -1.000000000000000000, 0.0000000000000000000, 0.0000000000000000000 ) ) ;
#2139 = DIRECTION ( 'NONE',  ( 0.0000000000000000000, 0.0000000000000000000, 1.000000000000000000 ) ) ;
#2140 = CARTESIAN_POINT ( 'NONE',  ( -67.41189259971629610, -2.989791781107580260, 8.594832465244554243 ) ) ;
#2141 = ORIENTED_EDGE ( 'NONE', *, *, #6359, .F. ) ;
#2142 = DIRECTION ( 'NONE',  ( -0.0000000000000000000, -0.0000000000000000000, -1.000000000000000000 ) ) ;
#2143 = EDGE_CURVE ( 'NONE', #6244, #4973, #4811, .T. ) ;
#2144 = VECTOR ( 'NONE', #414, 1000.000000000000000 ) ;
#2145 = CARTESIAN_POINT ( 'NONE',  ( -64.88161857962073498, -5.044752214463296802, -10.09999999999999964 ) ) ;
#2146 = CARTESIAN_POINT ( 'NONE',  ( -66.97576418837122958, 2.464717604781510474, 8.759861136381118740 ) ) ;
#2147 = ORIENTED_EDGE ( 'NONE', *, *, #2747, .F. ) ;
#2148 = CARTESIAN_POINT ( 'NONE',  ( -66.61514890214799323, 0.6646106672317451114, -10.09999999999999964 ) ) ;
#2149 = DIRECTION ( 'NONE',  ( -1.392517207389929947E-16, -1.000000000000000000, 0.0000000000000000000 ) ) ;
#2150 = ORIENTED_EDGE ( 'NONE', *, *, #5730, .F. ) ;
#2151 = B_SPLINE_CURVE_WITH_KNOTS ( 'NONE', 3,
 ( #1818, #3573, #6438, #4170 ),
 .UNSPECIFIED., .F., .F.,
 ( 4, 4 ),
 ( 1.234464649946779461E-13, 0.0002074781575436876577 ),
 .UNSPECIFIED. ) ;
#2152 = ORIENTED_EDGE ( 'NONE', *, *, #2822, .T. ) ;
#2153 = CIRCLE ( 'NONE', #7, 8.900000000000000355 ) ;
#2154 = EDGE_CURVE ( 'NONE', #5972, #7169, #5997, .T. ) ;
#2155 = ADVANCED_FACE ( 'NONE', ( #6573 ), #1436, .F. ) ;
#2156 =( LENGTH_UNIT ( ) NAMED_UNIT ( * ) SI_UNIT ( .MILLI., .METRE. ) );
#2157 = PLANE ( 'NONE',  #2531 ) ;
#2158 = B_SPLINE_CURVE_WITH_KNOTS ( 'NONE', 3,
 ( #4127, #1291, #5862, #3012 ),
 .UNSPECIFIED., .F., .F.,
 ( 4, 4 ),
 ( 4.829014101274457963E-14, 0.0001973655434599179284 ),
 .UNSPECIFIED. ) ;
#2159 = DIRECTION ( 'NONE',  ( 0.0000000000000000000, 0.0000000000000000000, 1.000000000000000000 ) ) ;
#2160 = VECTOR ( 'NONE', #3200, 1000.000000000000000 ) ;
#2161 = AXIS2_PLACEMENT_3D ( 'NONE', #5406, #1987, #4274 ) ;
#2162 = DIRECTION ( 'NONE',  ( 0.0000000000000000000, 0.0000000000000000000, 1.000000000000000000 ) ) ;
#2163 = ORIENTED_EDGE ( 'NONE', *, *, #6466, .F. ) ;
#2164 = CARTESIAN_POINT ( 'NONE',  ( -65.22400612648239360, 1.962634398191480465E-15, 9.100000000000012079 ) ) ;
#2165 = VECTOR ( 'NONE', #5408, 1000.000000000000000 ) ;
#2166 = AXIS2_PLACEMENT_3D ( 'NONE', #6195, #583, #6272 ) ;
#2167 = ADVANCED_FACE ( 'NONE', ( #2918 ), #5213, .F. ) ;
#2168 = B_SPLINE_CURVE_WITH_KNOTS ( 'NONE', 3,
 ( #1282, #7178, #6144, #7302 ),
 .UNSPECIFIED., .F., .F.,
 ( 4, 4 ),
 ( 8.673617379884035472E-19, 0.0002870931918733295998 ),
 .UNSPECIFIED. ) ;
#2169 = CARTESIAN_POINT ( 'NONE',  ( -67.42247593304966813, 0.5783152339562473987, 8.881433001421926932 ) ) ;
#2170 = CARTESIAN_POINT ( 'NONE',  ( -64.95940743058714872, 2.028518972840867907, 8.665743521292609941 ) ) ;
#2171 = AXIS2_PLACEMENT_3D ( 'NONE', #5766, #4665, #638 ) ;
#2172 = DIRECTION ( 'NONE',  ( 1.000000000000000000, 0.0000000000000000000, 0.0000000000000000000 ) ) ;
#2173 = CARTESIAN_POINT ( 'NONE',  ( -64.52793426638299934, 0.0000000000000000000, 1.185358922323756280E-14 ) ) ;
#2174 = EDGE_CURVE ( 'NONE', #7314, #4968, #6369, .T. ) ;
#2175 = CARTESIAN_POINT ( 'NONE',  ( -67.20919697744950838, 2.236328431675046691, 8.614455011530447237 ) ) ;
#2176 = CARTESIAN_POINT ( 'NONE',  ( -66.80542513436458307, 2.359444451692095601, 8.788800935245921764 ) ) ;
#2177 = EDGE_CURVE ( 'NONE', #1426, #4850, #4927, .T. ) ;
#2178 = AXIS2_PLACEMENT_3D ( 'NONE', #3005, #5299, #1804 ) ;
#2179 = LINE ( 'NONE', #500, #6597 ) ;
#2180 = ORIENTED_EDGE ( 'NONE', *, *, #2995, .F. ) ;
#2181 = LINE ( 'NONE', #4394, #5555 ) ;
#2182 = CARTESIAN_POINT ( 'NONE',  ( -65.72042128737740541, -5.945570443718497522, 6.889215790054984190 ) ) ;
#2183 = AXIS2_PLACEMENT_3D ( 'NONE', #6190, #6222, #3199 ) ;
#2184 = ORIENTED_EDGE ( 'NONE', *, *, #2615, .T. ) ;
#2185 = ORIENTED_EDGE ( 'NONE', *, *, #4825, .F. ) ;
#2186 = CARTESIAN_POINT ( 'NONE',  ( -67.11277490441437976, -4.443089971999709675, 7.711738109522610074 ) ) ;
#2187 = AXIS2_PLACEMENT_3D ( 'NONE', #956, #1639, #6815 ) ;
#2188 = FACE_OUTER_BOUND ( 'NONE', #7419, .T. ) ;
#2189 = FILL_AREA_STYLE_COLOUR ( '', #6489 ) ;
#2190 = ORIENTED_EDGE ( 'NONE', *, *, #1336, .T. ) ;
#2191 = CARTESIAN_POINT ( 'NONE',  ( -67.35157569041140846, 0.2366547305605656293, 8.897004735594888913 ) ) ;
#2192 = FACE_OUTER_BOUND ( 'NONE', #7134, .T. ) ;
#2193 = ORIENTED_EDGE ( 'NONE', *, *, #3054, .F. ) ;
#2194 = B_SPLINE_CURVE_WITH_KNOTS ( 'NONE', 3,
 ( #2519, #5830, #2485, #4133 ),
 .UNSPECIFIED., .F., .F.,
 ( 4, 4 ),
 ( 4.520190572112955109E-14, 0.0001342131611372633876 ),
 .UNSPECIFIED. ) ;
#2195 = VERTEX_POINT ( 'NONE', #3269 ) ;
#2196 = STYLED_ITEM ( 'NONE', ( #411 ), #5801 ) ;
#2197 = CARTESIAN_POINT ( 'NONE',  ( -64.52793426638299934, 1.902353975931808217, 8.898935293070552532 ) ) ;
#2198 = AXIS2_PLACEMENT_3D ( 'NONE', #2106, #1620, #6121 ) ;
#2199 = DIRECTION ( 'NONE',  ( 0.0000000000000000000, 0.0000000000000000000, 1.000000000000000000 ) ) ;
#2200 = DIRECTION ( 'NONE',  ( -1.000000000000000000, 0.0000000000000000000, 0.0000000000000000000 ) ) ;
#2201 = VERTEX_POINT ( 'NONE', #6688 ) ;
#2202 = EDGE_CURVE ( 'NONE', #3203, #2893, #7345, .T. ) ;
#2203 = ADVANCED_FACE ( 'NONE', ( #1022 ), #3228, .T. ) ;
#2204 = CARTESIAN_POINT ( 'NONE',  ( -65.63193521802679697, -5.551181300838141652, 6.956607374663683174 ) ) ;
#2205 = PLANE ( 'NONE',  #3144 ) ;
#2206 = DIRECTION ( 'NONE',  ( -0.2390692616465160403, 0.9710025170594510646, 0.0000000000000000000 ) ) ;
#2207 = PLANE ( 'NONE',  #394 ) ;
#2208 = DIRECTION ( 'NONE',  ( 1.000000000000000000, 0.0000000000000000000, 0.0000000000000000000 ) ) ;
#2209 = EDGE_CURVE ( 'NONE', #1739, #4809, #4553, .T. ) ;
#2210 = CARTESIAN_POINT ( 'NONE',  ( -67.41189259971629610, 0.0000000000000000000, 1.238336377450620565E-14 ) ) ;
#2211 = ORIENTED_EDGE ( 'NONE', *, *, #6895, .F. ) ;
#2212 = APPLICATION_CONTEXT ( 'automotive_design' ) ;
#2213 = SURFACE_SIDE_STYLE ('',( #608 ) ) ;
#2214 = DIRECTION ( 'NONE',  ( -0.0000000000000000000, -0.0000000000000000000, -1.000000000000000000 ) ) ;
#2215 = EDGE_CURVE ( 'NONE', #6124, #1958, #5030, .T. ) ;
#2216 = FACE_OUTER_BOUND ( 'NONE', #6313, .T. ) ;
#2217 = CARTESIAN_POINT ( 'NONE',  ( -66.72020052161801118, 1.977434947297617596, 8.882561101032180773 ) ) ;
#2218 = ORIENTED_EDGE ( 'NONE', *, *, #4871, .T. ) ;
#2219 = FACE_OUTER_BOUND ( 'NONE', #4427, .T. ) ;
#2220 = CARTESIAN_POINT ( 'NONE',  ( -66.79285193264229292, -5.371567164380218529, 7.096214920544079874 ) ) ;
#2221 = EDGE_LOOP ( 'NONE', ( #3739, #228, #7443, #6071 ) ) ;
#2222 = ORIENTED_EDGE ( 'NONE', *, *, #4776, .F. ) ;
#2223 = DIRECTION ( 'NONE',  ( 0.0000000000000000000, 0.0000000000000000000, 1.000000000000000000 ) ) ;
#2224 = LINE ( 'NONE', #2937, #2095 ) ;
#2225 = CARTESIAN_POINT ( 'NONE',  ( -67.09269244943108390, 0.8470955595451159503, 8.859595313161834795 ) ) ;
#2226 = PLANE ( 'NONE',  #7100 ) ;
#2227 = ORIENTED_EDGE ( 'NONE', *, *, #4719, .F. ) ;
#2228 = CARTESIAN_POINT ( 'NONE',  ( -64.52793426638299934, 0.0000000000000000000, 1.185358922323756280E-14 ) ) ;
#2229 = VECTOR ( 'NONE', #2053, 1000.000000000000000 ) ;
#2230 = CARTESIAN_POINT ( 'NONE',  ( -67.33779244723828583, -4.102371309953976031, 8.122841229229258886 ) ) ;
#2231 = ADVANCED_FACE ( 'NONE', ( #3897, #6194 ), #1056, .T. ) ;
#2232 = ORIENTED_EDGE ( 'NONE', *, *, #6065, .T. ) ;
#2233 = CARTESIAN_POINT ( 'NONE',  ( -67.12602349605154473, -4.816621004977466036, 7.483993726240692368 ) ) ;
#2234 = CARTESIAN_POINT ( 'NONE',  ( -64.80977836437871531, -4.585366432928870140, 7.860523372195324043 ) ) ;
#2235 = B_SPLINE_CURVE_WITH_KNOTS ( 'NONE', 3,
 ( #6938, #1832, #798, #2389 ),
 .UNSPECIFIED., .F., .F.,
 ( 4, 4 ),
 ( 8.630918380511907008E-17, 0.0001241311804949686700 ),
 .UNSPECIFIED. ) ;
#2236 = LINE ( 'NONE', #3348, #4222 ) ;
#2237 = CARTESIAN_POINT ( 'NONE',  ( -64.58904986789789859, -5.238804307597320964, 7.194784877027243120 ) ) ;
#2238 = DIRECTION ( 'NONE',  ( 1.000000000000000000, 0.0000000000000000000, -1.836970198721029934E-16 ) ) ;
#2239 = DIRECTION ( 'NONE',  ( -1.000000000000000000, -0.0000000000000000000, 1.836970198721029934E-16 ) ) ;
#2240 = CARTESIAN_POINT ( 'NONE',  ( -67.12602349604172502, -4.816621005049229964, 7.720761756052231917 ) ) ;
#2241 = EDGE_LOOP ( 'NONE', ( #3356, #3792, #5503, #2336 ) ) ;
#2242 = B_SPLINE_CURVE_WITH_KNOTS ( 'NONE', 3,
 ( #1770, #4648, #3446, #1658 ),
 .UNSPECIFIED., .F., .F.,
 ( 4, 4 ),
 ( 9.030202070024174158E-15, 0.0001615077781226248433 ),
 .UNSPECIFIED. ) ;
#2243 = EDGE_LOOP ( 'NONE', ( #1967, #1256 ) ) ;
#2244 = DIRECTION ( 'NONE',  ( -1.000000000000000000, -0.0000000000000000000, 1.836970198721029934E-16 ) ) ;
#2245 = B_SPLINE_CURVE_WITH_KNOTS ( 'NONE', 3,
 ( #3955, #5689, #5212, #7061 ),
 .UNSPECIFIED., .F., .F.,
 ( 4, 4 ),
 ( 1.272866279589400554E-16, 0.0002838347276107806069 ),
 .UNSPECIFIED. ) ;
#2246 = B_SPLINE_CURVE_WITH_KNOTS ( 'NONE', 3,
 ( #561, #4710, #2424, #3546 ),
 .UNSPECIFIED., .F., .F.,
 ( 4, 4 ),
 ( 7.184860470357640816E-15, 0.0002376637419615213744 ),
 .UNSPECIFIED. ) ;
#2247 = EDGE_CURVE ( 'NONE', #6273, #1874, #2135, .T. ) ;
#2248 = ADVANCED_FACE ( 'NONE', ( #6078 ), #2373, .F. ) ;
#2249 = DIRECTION ( 'NONE',  ( 1.000000000000000000, 0.0000000000000000000, -1.836970198721029934E-16 ) ) ;
#2250 = CARTESIAN_POINT ( 'NONE',  ( -67.36497556754954985, 1.001215341115940793, 9.044753608623858909 ) ) ;
#2251 = CARTESIAN_POINT ( 'NONE',  ( -67.27522643738328156, 2.317146945626683330, 8.593195234173698793 ) ) ;
#2252 = CARTESIAN_POINT ( 'NONE',  ( -67.08083659642673524, 3.100620912843768284, 8.342496179231307707 ) ) ;
#2253 = VERTEX_POINT ( 'NONE', #6346 ) ;
#2254 = CARTESIAN_POINT ( 'NONE',  ( -71.80973495877130119, 0.3107680673900590218, 9.094692034823989246 ) ) ;
#2255 = EDGE_CURVE ( 'NONE', #3505, #2060, #278, .T. ) ;
#2256 = LINE ( 'NONE', #576, #751 ) ;
#2257 = CARTESIAN_POINT ( 'NONE',  ( -66.64914467743180637, 0.5408692816064489817, -10.09999999999999964 ) ) ;
#2258 = B_SPLINE_CURVE_WITH_KNOTS ( 'NONE', 3,
 ( #1027, #5073, #1062, #1183 ),
 .UNSPECIFIED., .F., .F.,
 ( 4, 4 ),
 ( 0.0000000000000000000, 0.0003647893576092161314 ),
 .UNSPECIFIED. ) ;
#2259 = VERTEX_POINT ( 'NONE', #652 ) ;
#2260 = CARTESIAN_POINT ( 'NONE',  ( -64.89376726955985930, -5.623979628359818683, 7.154079475361866614 ) ) ;
#2261 = CARTESIAN_POINT ( 'NONE',  ( -67.30140059494851812, 2.362104030146511491, 8.788086512476185774 ) ) ;
#2262 = ORIENTED_EDGE ( 'NONE', *, *, #2957, .T. ) ;
#2263 = ORIENTED_EDGE ( 'NONE', *, *, #4362, .T. ) ;
#2264 = EDGE_CURVE ( 'NONE', #3384, #6858, #2412, .T. ) ;
#2265 = DIRECTION ( 'NONE',  ( 0.0000000000000000000, 0.0000000000000000000, 1.000000000000000000 ) ) ;
#2266 = CARTESIAN_POINT ( 'NONE',  ( -66.99300346691181574, -4.197924817093067418, 7.847765748056984236 ) ) ;
#2267 = CARTESIAN_POINT ( 'NONE',  ( 98.70000000000001705, 0.0000000000000000000, -8.850000000000017408 ) ) ;
#2268 = CARTESIAN_POINT ( 'NONE',  ( -66.80599676638300366, -1.150937614440906476, 9.026923208251265152 ) ) ;
#2269 = EDGE_LOOP ( 'NONE', ( #1385, #4049, #1913, #4071 ) ) ;
#2270 = DIRECTION ( 'NONE',  ( 1.000000000000000000, 0.0000000000000000000, 0.0000000000000000000 ) ) ;
#2271 = CARTESIAN_POINT ( 'NONE',  ( -67.06691859183028726, -5.038119569223758809, 7.336885858978073216 ) ) ;
#2272 = ORIENTED_EDGE ( 'NONE', *, *, #6485, .T. ) ;
#2273 = EDGE_LOOP ( 'NONE', ( #3514, #7322, #3536, #7148 ) ) ;
#2274 = EDGE_CURVE ( 'NONE', #5825, #5190, #2329, .T. ) ;
#2275 = DIRECTION ( 'NONE',  ( 0.0000000000000000000, 0.0000000000000000000, 1.000000000000000000 ) ) ;
#2276 = LINE ( 'NONE', #4556, #1574 ) ;
#2277 = CARTESIAN_POINT ( 'NONE',  ( -67.08079331112135435, 0.8782343384687700816, 9.057575975159100068 ) ) ;
#2278 = CYLINDRICAL_SURFACE ( 'NONE', #3707, 1.209088060177568202 ) ;
#2279 = ORIENTED_EDGE ( 'NONE', *, *, #2523, .F. ) ;
#2280 = MECHANICAL_DESIGN_GEOMETRIC_PRESENTATION_REPRESENTATION (  '', ( #4906 ), #3223 ) ;
#2281 = ORIENTED_EDGE ( 'NONE', *, *, #205, .T. ) ;
#2282 = CARTESIAN_POINT ( 'NONE',  ( -67.12878843304967802, 2.782501858739858225, 8.664532189268991047 ) ) ;
#2283 = VECTOR ( 'NONE', #661, 1000.000000000000000 ) ;
#2284 = CIRCLE ( 'NONE', #6481, 8.900000000000000355 ) ;
#2285 = FACE_OUTER_BOUND ( 'NONE', #2789, .T. ) ;
#2286 = CARTESIAN_POINT ( 'NONE',  ( -67.13672593304967506, -4.658651222305786987, 7.583334938462693131 ) ) ;
#2287 = VECTOR ( 'NONE', #389, 1000.000000000000000 ) ;
#2288 = CARTESIAN_POINT ( 'NONE',  ( -64.89376726969963727, -5.623979628468349645, 6.897887585237466368 ) ) ;
#2289 = VERTEX_POINT ( 'NONE', #6227 ) ;
#2290 = CARTESIAN_POINT ( 'NONE',  ( -67.19247447104460491, 1.275477666514668984, -10.09999999999999964 ) ) ;
#2291 = CARTESIAN_POINT ( 'NONE',  ( -64.52793426638299934, 4.680478823343920070, 7.569882296590170867 ) ) ;
#2292 = VECTOR ( 'NONE', #4893, 1000.000000000000000 ) ;
#2293 = CARTESIAN_POINT ( 'NONE',  ( -66.43981237135845674, 1.124448881616599394, 9.030261054511736774 ) ) ;
#2294 = ORIENTED_EDGE ( 'NONE', *, *, #1969, .F. ) ;
#2295 = CARTESIAN_POINT ( 'NONE',  ( -64.99081044387136785, -4.165182614566301567, 7.865192546107801164 ) ) ;
#2296 = VERTEX_POINT ( 'NONE', #3447 ) ;
#2297 = ORIENTED_EDGE ( 'NONE', *, *, #5192, .T. ) ;
#2298 = VERTEX_POINT ( 'NONE', #614 ) ;
#2299 = ADVANCED_FACE ( 'NONE', ( #5187 ), #4616, .T. ) ;
#2300 = EDGE_CURVE ( 'NONE', #2051, #5719, #6622, .T. ) ;
#2301 = AXIS2_PLACEMENT_3D ( 'NONE', #6630, #997, #7360 ) ;
#2302 = CARTESIAN_POINT ( 'NONE',  ( -67.11006828145949044, -4.907347311171449178, 7.663596796118513410 ) ) ;
#2303 = CARTESIAN_POINT ( 'NONE',  ( -66.80309590458979585, 0.1547042900157969969, -10.09999999999999964 ) ) ;
#2304 =( GEOMETRIC_REPRESENTATION_CONTEXT ( 3 ) GLOBAL_UNCERTAINTY_ASSIGNED_CONTEXT ( ( #923 ) ) GLOBAL_UNIT_ASSIGNED_CONTEXT ( ( #2156, #3245, #4408 ) ) REPRESENTATION_CONTEXT ( 'NONE', 'WORKASPACE' ) );
#2305 = DIRECTION ( 'NONE',  ( 1.000000000000000000, 0.0000000000000000000, 0.0000000000000000000 ) ) ;
#2306 = ORIENTED_EDGE ( 'NONE', *, *, #2083, .F. ) ;
#2307 = DIRECTION ( 'NONE',  ( -1.000000000000000000, 0.0000000000000000000, 0.0000000000000000000 ) ) ;
#2308 = DIRECTION ( 'NONE',  ( -1.000000000000000000, -0.0000000000000000000, 1.836970198721029934E-16 ) ) ;
#2309 = ORIENTED_EDGE ( 'NONE', *, *, #6204, .T. ) ;
#2310 = ORIENTED_EDGE ( 'NONE', *, *, #54, .F. ) ;
#2311 = EDGE_CURVE ( 'NONE', #52, #1418, #6985, .T. ) ;
#2312 = DIRECTION ( 'NONE',  ( 0.0000000000000000000, 0.0000000000000000000, 1.000000000000000000 ) ) ;
#2313 = DIRECTION ( 'NONE',  ( 0.0000000000000000000, 0.0000000000000000000, 1.000000000000000000 ) ) ;
#2314 = CARTESIAN_POINT ( 'NONE',  ( -67.20495204342049078, 0.009160308717841217710, 9.099996586899990803 ) ) ;
#2315 = DIRECTION ( 'NONE',  ( 0.0000000000000000000, 0.0000000000000000000, 1.000000000000000000 ) ) ;
#2316 = EDGE_CURVE ( 'NONE', #5944, #5188, #6261, .T. ) ;
#2317 = DIRECTION ( 'NONE',  ( 1.000000000000000000, 0.0000000000000000000, -1.836970198721029934E-16 ) ) ;
#2318 = CARTESIAN_POINT ( 'NONE',  ( -64.98440170153332929, -5.225367630201927405, 7.205039010295626767 ) ) ;
#2319 = ORIENTED_EDGE ( 'NONE', *, *, #4866, .T. ) ;
#2320 = ORIENTED_EDGE ( 'NONE', *, *, #5129, .T. ) ;
#2321 = CARTESIAN_POINT ( 'NONE',  ( -64.85201268600880553, -4.402258596548807468, 7.964302809983577980 ) ) ;
#2322 = CARTESIAN_POINT ( 'NONE',  ( -66.28224579161698671, 1.439932750908761605, 8.985354398845965207 ) ) ;
#2323 = CARTESIAN_POINT ( 'NONE',  ( -66.62235942056270233, 3.730624809265144837, 8.300146898247982463 ) ) ;
#2324 = CARTESIAN_POINT ( 'NONE',  ( -64.99610674381696640, 0.2396967388835103685, 8.896809061793760520 ) ) ;
#2325 = CARTESIAN_POINT ( 'NONE',  ( -84.00000000000000000, 0.0000000000000000000, 1.543054966925670124E-14 ) ) ;
#2326 = ORIENTED_EDGE ( 'NONE', *, *, #926, .T. ) ;
#2327 = CARTESIAN_POINT ( 'NONE',  ( -66.03413181964496914, -1.649461728321715004, 8.963361112824690835 ) ) ;
#2328 = CARTESIAN_POINT ( 'NONE',  ( -64.80574676637758103, -4.728625825062496624, 7.540062776423132718 ) ) ;
#2329 = B_SPLINE_CURVE_WITH_KNOTS ( 'NONE', 3,
 ( #4505, #5745, #5144, #688 ),
 .UNSPECIFIED., .F., .F.,
 ( 4, 4 ),
 ( 1.401433537972414177E-17, 0.0001973682184176018064 ),
 .UNSPECIFIED. ) ;
#2330 = VERTEX_POINT ( 'NONE', #5922 ) ;
#2331 = CARTESIAN_POINT ( 'NONE',  ( -65.42059950095524812, -3.900939189638724436, 7.999589491262519836 ) ) ;
#2332 = CARTESIAN_POINT ( 'NONE',  ( -65.54008956189940704, -3.876146024068183760, 8.233194519753594065 ) ) ;
#2333 = ORIENTED_EDGE ( 'NONE', *, *, #5235, .T. ) ;
#2334 = ORIENTED_EDGE ( 'NONE', *, *, #4909, .T. ) ;
#2335 = B_SPLINE_CURVE_WITH_KNOTS ( 'NONE', 3,
 ( #3779, #6029, #3258, #2094 ),
 .UNSPECIFIED., .F., .F.,
 ( 4, 4 ),
 ( 0.0000000000000000000, 0.0001262317437522003758 ),
 .UNSPECIFIED. ) ;
#2336 = ORIENTED_EDGE ( 'NONE', *, *, #2383, .T. ) ;
#2337 = CARTESIAN_POINT ( 'NONE',  ( -65.06082165257592465, 0.2961472975640220273, 9.095179865079401793 ) ) ;
#2338 = CARTESIAN_POINT ( 'NONE',  ( -67.08840227032871439, 2.635913030827935710, 8.709877294997427910 ) ) ;
#2339 = CARTESIAN_POINT ( 'NONE',  ( -65.24448592305924421, 2.709859313181420148, 8.687783856748437117 ) ) ;
#2340 = ADVANCED_FACE ( 'NONE', ( #7146 ), #5893, .F. ) ;
#2341 = EDGE_CURVE ( 'NONE', #5848, #7147, #3660, .T. ) ;
#2342 = CYLINDRICAL_SURFACE ( 'NONE', #3019, 1.055896018148996696 ) ;
#2343 = VERTEX_POINT ( 'NONE', #4731 ) ;
#2344 = CARTESIAN_POINT ( 'NONE',  ( -65.80990974095612955, 1.105478486340367272, 8.831271414858631985 ) ) ;
#2345 = DIRECTION ( 'NONE',  ( 0.0000000000000000000, 0.0000000000000000000, 1.000000000000000000 ) ) ;
#2346 = ORIENTED_EDGE ( 'NONE', *, *, #3811, .T. ) ;
#2347 = ORIENTED_EDGE ( 'NONE', *, *, #4835, .F. ) ;
#2348 = VECTOR ( 'NONE', #14, 1000.000000000000000 ) ;
#2349 = CARTESIAN_POINT ( 'NONE',  ( -66.98318744662110191, 1.015212420664848958, 9.043193227003834878 ) ) ;
#2350 = CARTESIAN_POINT ( 'NONE',  ( -66.96605320155046570, 2.061987744806666356, 8.657840755076712469 ) ) ;
#2351 = AXIS2_PLACEMENT_3D ( 'NONE', #5816, #265, #5398 ) ;
#2352 = EDGE_CURVE ( 'NONE', #7074, #6955, #1525, .T. ) ;
#2353 = DIRECTION ( 'NONE',  ( 0.0000000000000000000, 0.0000000000000000000, 1.000000000000000000 ) ) ;
#2354 = LINE ( 'NONE', #704, #170 ) ;
#2355 = B_SPLINE_CURVE_WITH_KNOTS ( 'NONE', 3,
 ( #5629, #4014, #466, #6316 ),
 .UNSPECIFIED., .F., .F.,
 ( 4, 4 ),
 ( 1.540023608678766952E-14, 0.0001688127106255069617 ),
 .UNSPECIFIED. ) ;
#2356 = CARTESIAN_POINT ( 'NONE',  ( -67.04762754073679787, 3.158250808338168625, 8.320784327912333467 ) ) ;
#2357 = ORIENTED_EDGE ( 'NONE', *, *, #7269, .F. ) ;
#2358 = ORIENTED_EDGE ( 'NONE', *, *, #3249, .T. ) ;
#2359 = B_SPLINE_CURVE_WITH_KNOTS ( 'NONE', 3,
 ( #2321, #5253, #1838, #5812 ),
 .UNSPECIFIED., .F., .F.,
 ( 4, 4 ),
 ( 0.0000000000000000000, 0.0001521208098939192635 ),
 .UNSPECIFIED. ) ;
#2360 = CARTESIAN_POINT ( 'NONE',  ( 84.00000000000000000, 1.114428587224091465E-15, 9.099999999999985434 ) ) ;
#2361 = EDGE_CURVE ( 'NONE', #2829, #395, #1134, .T. ) ;
#2362 = EDGE_CURVE ( 'NONE', #316, #4823, #5366, .T. ) ;
#2363 = PLANE ( 'NONE',  #7002 ) ;
#2364 = UNCERTAINTY_MEASURE_WITH_UNIT (LENGTH_MEASURE( 1.000000000000000082E-05 ), #189, 'distance_accuracy_value', 'NONE');
#2365 = CARTESIAN_POINT ( 'NONE',  ( -64.48030926638303129, -4.586396039546273506, 7.627705551601342115 ) ) ;
#2366 = ORIENTED_EDGE ( 'NONE', *, *, #3981, .F. ) ;
#2367 = DIRECTION ( 'NONE',  ( 0.0000000000000000000, 0.0000000000000000000, -1.000000000000000000 ) ) ;
#2368 = EDGE_CURVE ( 'NONE', #5585, #5599, #3344, .T. ) ;
#2369 = DIRECTION ( 'NONE',  ( -0.0000000000000000000, -0.0000000000000000000, -1.000000000000000000 ) ) ;
#2370 = CARTESIAN_POINT ( 'NONE',  ( -67.43889894073146252, -4.387001072897048104, 7.743960814782285595 ) ) ;
#2371 = VERTEX_POINT ( 'NONE', #5441 ) ;
#2372 = DIRECTION ( 'NONE',  ( 0.0000000000000000000, 0.0000000000000000000, 1.000000000000000000 ) ) ;
#2373 = PLANE ( 'NONE',  #3700 ) ;
#2374 = VERTEX_POINT ( 'NONE', #452 ) ;
#2375 = ORIENTED_EDGE ( 'NONE', *, *, #3925, .F. ) ;
#2376 = CARTESIAN_POINT ( 'NONE',  ( -64.54774315259500383, 2.568539481822570636, -10.09999999999999964 ) ) ;
#2377 = CARTESIAN_POINT ( 'NONE',  ( -66.24408978230441392, -4.696568114307160258, -10.09999999999999964 ) ) ;
#2378 = CARTESIAN_POINT ( 'NONE',  ( -67.36915619406123312, 2.511076532784363824, 8.538412888031350789 ) ) ;
#2379 = ORIENTED_EDGE ( 'NONE', *, *, #4104, .T. ) ;
#2380 = CARTESIAN_POINT ( 'NONE',  ( -67.32899181735710670, 0.1869952373297896764, 9.098201977422260001 ) ) ;
#2381 = ORIENTED_EDGE ( 'NONE', *, *, #6812, .F. ) ;
#2382 = VERTEX_POINT ( 'NONE', #7337 ) ;
#2383 = EDGE_CURVE ( 'NONE', #5590, #5932, #6149, .T. ) ;
#2384 = CARTESIAN_POINT ( 'NONE',  ( -84.00000000000000000, 1.612270057102940912, 8.956036247301010889 ) ) ;
#2385 = CARTESIAN_POINT ( 'NONE',  ( -66.05945295462518629, 0.8874083236384606721, 8.855887381319270446 ) ) ;
#2386 = CARTESIAN_POINT ( 'NONE',  ( -64.83970852115089656, -4.930712128363396118, 7.409323714564663099 ) ) ;
#2387 = CARTESIAN_POINT ( 'NONE',  ( -66.97576418837122958, 0.2422177573693996555, 9.096775833118851295 ) ) ;
#2388 = CARTESIAN_POINT ( 'NONE',  ( -67.12878843304969223, 0.6361575315994819624, -10.09999999999999964 ) ) ;
#2389 = CARTESIAN_POINT ( 'NONE',  ( -64.65388574423364787, -0.3119339748415565494, 8.894531870499974957 ) ) ;
#2390 = ORIENTED_EDGE ( 'NONE', *, *, #6204, .F. ) ;
#2391 = ORIENTED_EDGE ( 'NONE', *, *, #6617, .T. ) ;
#2392 = CARTESIAN_POINT ( 'NONE',  ( -67.20919697746613508, 0.01382858428120493748, 8.899989256749526234 ) ) ;
#2393 = EDGE_CURVE ( 'NONE', #866, #6165, #4191, .T. ) ;
#2394 = EDGE_CURVE ( 'NONE', #1266, #4912, #2419, .T. ) ;
#2395 = PRESENTATION_STYLE_ASSIGNMENT (( #108 ) ) ;
#2396 = CARTESIAN_POINT ( 'NONE',  ( -67.41189259971629610, -1.184465270464412301, 9.022585107554478512 ) ) ;
#2397 = CYLINDRICAL_SURFACE ( 'NONE', #153, 1.315221847442385350 ) ;
#2398 = CARTESIAN_POINT ( 'NONE',  ( -67.40789909149181369, 2.670951001018777138, 8.699196557737788993 ) ) ;
#2399 = ORIENTED_EDGE ( 'NONE', *, *, #2885, .T. ) ;
#2400 = ADVANCED_FACE ( 'NONE', ( #1577 ), #2096, .F. ) ;
#2401 = FACE_OUTER_BOUND ( 'NONE', #859, .T. ) ;
#2402 = DIRECTION ( 'NONE',  ( -0.0000000000000000000, 0.0000000000000000000, 1.000000000000000000 ) ) ;
#2403 = DIRECTION ( 'NONE',  ( 1.000000000000000000, 0.0000000000000000000, 0.0000000000000000000 ) ) ;
#2404 = AXIS2_PLACEMENT_3D ( 'NONE', #5713, #588, #4623 ) ;
#2405 = CARTESIAN_POINT ( 'NONE',  ( -67.08840227052779426, 0.4134131839468139225, 8.890393103757514126 ) ) ;
#2406 = COLOUR_RGB ( '',0.4000000000000000222, 0.2000000000000000111, 0.0000000000000000000 ) ;
#2407 = ORIENTED_EDGE ( 'NONE', *, *, #567, .F. ) ;
#2408 = CYLINDRICAL_SURFACE ( 'NONE', #4980, 1.821598553235756590 ) ;
#2409 = ORIENTED_EDGE ( 'NONE', *, *, #3847, .T. ) ;
#2410 = ORIENTED_EDGE ( 'NONE', *, *, #827, .F. ) ;
#2411 = DIRECTION ( 'NONE',  ( 0.0000000000000000000, 0.0000000000000000000, 1.000000000000000000 ) ) ;
#2412 = B_SPLINE_CURVE_WITH_KNOTS ( 'NONE', 3,
 ( #2891, #6271, #5669, #7385 ),
 .UNSPECIFIED., .F., .F.,
 ( 4, 4 ),
 ( 7.612239894328935588E-16, 0.0001616330567883985303 ),
 .UNSPECIFIED. ) ;
#2413 = DIRECTION ( 'NONE',  ( -0.0000000000000000000, -0.0000000000000000000, -1.000000000000000000 ) ) ;
#2414 = AXIS2_PLACEMENT_3D ( 'NONE', #3488, #2442, #4646 ) ;
#2415 = LINE ( 'NONE', #3534, #957 ) ;
#2416 = VERTEX_POINT ( 'NONE', #4989 ) ;
#2417 = DIRECTION ( 'NONE',  ( -0.0000000000000000000, -0.0000000000000000000, -1.000000000000000000 ) ) ;
#2418 = ORIENTED_EDGE ( 'NONE', *, *, #4054, .F. ) ;
#2419 = CIRCLE ( 'NONE', #852, 8.900000000000000355 ) ;
#2420 = VERTEX_POINT ( 'NONE', #6711 ) ;
#2421 = VECTOR ( 'NONE', #1495, 1000.000000000000000 ) ;
#2422 = DIRECTION ( 'NONE',  ( 1.000000000000000000, 0.0000000000000000000, -1.836970198721029934E-16 ) ) ;
#2423 = CARTESIAN_POINT ( 'NONE',  ( -66.62289686380690057, -3.558646023468377884, 8.375323186579304746 ) ) ;
#2424 = CARTESIAN_POINT ( 'NONE',  ( -67.45734614390775619, -4.515159787963981763, 7.901236376722088117 ) ) ;
#2425 = CARTESIAN_POINT ( 'NONE',  ( -67.36440999436668164, -5.166260747635138095, -10.09999999999999964 ) ) ;
#2426 = VERTEX_POINT ( 'NONE', #2588 ) ;
#2427 = CARTESIAN_POINT ( 'NONE',  ( -64.48030926638168125, -4.732163775732810329, 7.773301885566455738 ) ) ;
#2428 = CARTESIAN_POINT ( 'NONE',  ( -66.94727066040935881, -4.139642294125614796, 8.104176504991604801 ) ) ;
#2429 = ORIENTED_EDGE ( 'NONE', *, *, #6228, .T. ) ;
#2430 = PRESENTATION_LAYER_ASSIGNMENT (  '', '', ( #4096 ) ) ;
#2431 = DIRECTION ( 'NONE',  ( -0.0000000000000000000, -0.0000000000000000000, -1.000000000000000000 ) ) ;
#2432 = B_SPLINE_CURVE_WITH_KNOTS ( 'NONE', 3,
 ( #2685, #952, #916, #3762 ),
 .UNSPECIFIED., .F., .F.,
 ( 4, 4 ),
 ( 0.0000000000000000000, 0.0003971692061880925922 ),
 .UNSPECIFIED. ) ;
#2433 = SURFACE_SIDE_STYLE ('',( #6945 ) ) ;
#2434 = B_SPLINE_CURVE_WITH_KNOTS ( 'NONE', 3,
 ( #2989, #739, #2277, #2870 ),
 .UNSPECIFIED., .F., .F.,
 ( 4, 4 ),
 ( 6.138700823560176586E-15, 9.983376354547359702E-05 ),
 .UNSPECIFIED. ) ;
#2435 = EDGE_CURVE ( 'NONE', #1528, #906, #1167, .T. ) ;
#2436 = EDGE_CURVE ( 'NONE', #6244, #529, #888, .T. ) ;
#2437 = CARTESIAN_POINT ( 'NONE',  ( -67.46216343304965335, -4.651871251675745000, 7.821131239010948200 ) ) ;
#2438 = CARTESIAN_POINT ( 'NONE',  ( -67.32190900979641413, 3.325058152858395122, 8.470923816442782694 ) ) ;
#2439 = AXIS2_PLACEMENT_3D ( 'NONE', #5679, #4657, #626 ) ;
#2440 = CARTESIAN_POINT ( 'NONE',  ( -67.12551524485299126, 0.7130395647329340614, 9.072100810814713867 ) ) ;
#2441 = CARTESIAN_POINT ( 'NONE',  ( -66.05576765614542012, 3.536271792696358052, 8.384929825179193941 ) ) ;
#2442 = DIRECTION ( 'NONE',  ( 1.000000000000000000, 0.0000000000000000000, -1.836970198721029934E-16 ) ) ;
#2443 = EDGE_CURVE ( 'NONE', #3120, #1668, #857, .T. ) ;
#2444 = MECHANICAL_DESIGN_GEOMETRIC_PRESENTATION_REPRESENTATION (  '', ( #5207 ), #4961 ) ;
#2445 = FACE_OUTER_BOUND ( 'NONE', #7291, .T. ) ;
#2446 = CARTESIAN_POINT ( 'NONE',  ( -64.96182552429610269, 2.436396897188818578, 8.560021621431157968 ) ) ;
#2447 = ORIENTED_EDGE ( 'NONE', *, *, #5547, .T. ) ;
#2448 = VERTEX_POINT ( 'NONE', #6599 ) ;
#2449 = ORIENTED_EDGE ( 'NONE', *, *, #6090, .T. ) ;
#2450 = DIRECTION ( 'NONE',  ( 0.0000000000000000000, 0.0000000000000000000, 1.000000000000000000 ) ) ;
#2451 = CARTESIAN_POINT ( 'NONE',  ( -64.83970852059503898, -4.930712126438733023, 7.648403619461398684 ) ) ;
#2452 = EDGE_CURVE ( 'NONE', #6482, #4090, #548, .T. ) ;
#2453 = B_SPLINE_CURVE_WITH_KNOTS ( 'NONE', 3,
 ( #2204, #6748, #3850, #1004 ),
 .UNSPECIFIED., .F., .F.,
 ( 4, 4 ),
 ( 1.226634733346699349E-18, 0.0002953493534814413094 ),
 .UNSPECIFIED. ) ;
#2454 = CYLINDRICAL_SURFACE ( 'NONE', #3122, 7.590272726324065466 ) ;
#2455 = ORIENTED_EDGE ( 'NONE', *, *, #6657, .T. ) ;
#2456 = FILL_AREA_STYLE ('',( #173 ) ) ;
#2457 = CARTESIAN_POINT ( 'NONE',  ( -66.50077522201542024, 3.369786494740281579, 8.453114345303411881 ) ) ;
#2458 = EDGE_LOOP ( 'NONE', ( #2981, #1851, #5628, #6918 ) ) ;
#2459 = ORIENTED_EDGE ( 'NONE', *, *, #5483, .F. ) ;
#2460 = CARTESIAN_POINT ( 'NONE',  ( -64.93216188371103215, 0.1915725025301509843, 9.098010696695782329 ) ) ;
#2461 = CARTESIAN_POINT ( 'NONE',  ( -84.00000000000000000, 1.114428587224091465E-15, 9.100000000000015632 ) ) ;
#2462 = ADVANCED_FACE ( 'NONE', ( #3738 ), #6030, .F. ) ;
#2463 = EDGE_LOOP ( 'NONE', ( #808, #4732, #1120, #382 ) ) ;
#2464 = CARTESIAN_POINT ( 'NONE',  ( -84.00000000000000000, -1.150937614440906032, 9.026923208251268704 ) ) ;
#2465 = CIRCLE ( 'NONE', #190, 3.200000000000000178 ) ;
#2466 = CARTESIAN_POINT ( 'NONE',  ( -66.69681396730899792, 3.381374809530878434, 8.448449822441190804 ) ) ;
#2467 = VERTEX_POINT ( 'NONE', #7221 ) ;
#2468 = ORIENTED_EDGE ( 'NONE', *, *, #2922, .F. ) ;
#2469 = AXIS2_PLACEMENT_3D ( 'NONE', #4725, #4231, #1314 ) ;
#2470 = CARTESIAN_POINT ( 'NONE',  ( -64.69492486641762241, -0.3053136509305336421, 9.094879189131511055 ) ) ;
#2471 = CARTESIAN_POINT ( 'NONE',  ( -64.51207495763763689, -5.002895572185089179, 7.361140446262074200 ) ) ;
#2472 = ORIENTED_EDGE ( 'NONE', *, *, #815, .F. ) ;
#2473 = EDGE_CURVE ( 'NONE', #3332, #7022, #2058, .T. ) ;
#2474 = DIRECTION ( 'NONE',  ( -0.0000000000000000000, -0.0000000000000000000, -1.000000000000000000 ) ) ;
#2475 = ADVANCED_FACE ( 'NONE', ( #1542 ), #1507, .F. ) ;
#2476 = CARTESIAN_POINT ( 'NONE',  ( -65.10596054799849242, -5.339255094970181581, -10.09999999999999964 ) ) ;
#2477 = CARTESIAN_POINT ( 'NONE',  ( -64.52793426638299934, -1.150937614440910250, -10.09999999999999964 ) ) ;
#2478 = CARTESIAN_POINT ( 'NONE',  ( -65.24451383217862599, 2.709889649665386369, 8.478058460230357696 ) ) ;
#2479 = ORIENTED_EDGE ( 'NONE', *, *, #3156, .T. ) ;
#2480 = VERTEX_POINT ( 'NONE', #4952 ) ;
#2481 = EDGE_LOOP ( 'NONE', ( #2598, #4617, #3553, #2031 ) ) ;
#2482 = FACE_OUTER_BOUND ( 'NONE', #5284, .T. ) ;
#2483 = FACE_OUTER_BOUND ( 'NONE', #1493, .T. ) ;
#2484 = EDGE_CURVE ( 'NONE', #6135, #5976, #5542, .T. ) ;
#2485 = CARTESIAN_POINT ( 'NONE',  ( -67.08905212169671017, -4.367042621387892787, 7.755050971621252565 ) ) ;
#2486 = ORIENTED_EDGE ( 'NONE', *, *, #6406, .F. ) ;
#2487 = B_SPLINE_CURVE_WITH_KNOTS ( 'NONE', 3,
 ( #5421, #3087, #5320, #246 ),
 .UNSPECIFIED., .F., .F.,
 ( 4, 4 ),
 ( 4.530685126672721920E-16, 0.0001668924890295961697 ),
 .UNSPECIFIED. ) ;
#2488 = DIRECTION ( 'NONE',  ( -1.000000000000000000, 0.0000000000000000000, 0.0000000000000000000 ) ) ;
#2489 = CARTESIAN_POINT ( 'NONE',  ( -66.58903843304969428, 1.965853975931814990, 8.680173854555752300 ) ) ;
#2490 = ORIENTED_EDGE ( 'NONE', *, *, #4276, .F. ) ;
#2491 = EDGE_CURVE ( 'NONE', #3693, #287, #5195, .T. ) ;
#2492 = EDGE_CURVE ( 'NONE', #7423, #4814, #1963, .T. ) ;
#2493 = CARTESIAN_POINT ( 'NONE',  ( -66.56181841637753394, 1.114428587224091465E-15, 9.100000000000012079 ) ) ;
#2494 = EDGE_LOOP ( 'NONE', ( #3931, #5205, #1107, #5054, #5854 ) ) ;
#2495 = CARTESIAN_POINT ( 'NONE',  ( 106.3000000000000114, 0.0000000000000000000, -1.952699321240450801E-14 ) ) ;
#2496 = FACE_OUTER_BOUND ( 'NONE', #47, .T. ) ;
#2497 = EDGE_LOOP ( 'NONE', ( #6411, #1914, #584, #839 ) ) ;
#2498 = VERTEX_POINT ( 'NONE', #7264 ) ;
#2499 = B_SPLINE_CURVE_WITH_KNOTS ( 'NONE', 3,
 ( #6823, #1649, #5059, #2286 ),
 .UNSPECIFIED., .F., .F.,
 ( 4, 4 ),
 ( 2.267949767698279938E-15, 0.0001605614111375949261 ),
 .UNSPECIFIED. ) ;
#2500 = CARTESIAN_POINT ( 'NONE',  ( -67.41189259971629610, 0.0000000000000000000, 1.238336377450620565E-14 ) ) ;
#2501 = B_SPLINE_CURVE_WITH_KNOTS ( 'NONE', 3,
 ( #6458, #6527, #270, #5402 ),
 .UNSPECIFIED., .F., .F.,
 ( 4, 4 ),
 ( 2.602085213965210642E-18, 0.0001308954802183174085 ),
 .UNSPECIFIED. ) ;
#2502 = UNCERTAINTY_MEASURE_WITH_UNIT (LENGTH_MEASURE( 1.000000000000000082E-05 ), #1637, 'distance_accuracy_value', 'NONE');
#2503 = VERTEX_POINT ( 'NONE', #6262 ) ;
#2504 = LINE ( 'NONE', #3100, #3545 ) ;
#2505 = VECTOR ( 'NONE', #2244, 1000.000000000000000 ) ;
#2506 = CARTESIAN_POINT ( 'NONE',  ( -67.45837394743959692, -4.773633389561465989, 7.511825438277031530 ) ) ;
#2507 = CARTESIAN_POINT ( 'NONE',  ( -65.93034995830929290, 1.213569324855838127, 9.018716621214416307 ) ) ;
#2508 = CYLINDRICAL_SURFACE ( 'NONE', #3609, 8.900000000000000355 ) ;
#2510 = B_SPLINE_CURVE_WITH_KNOTS ( 'NONE', 3,
 ( #4884, #1404, #2073, #3643 ),
 .UNSPECIFIED., .F., .F.,
 ( 4, 4 ),
 ( 1.753180968433698771E-15, 0.0001364120287303925846 ),
 .UNSPECIFIED. ) ;
#2509 = CARTESIAN_POINT ( 'NONE',  ( -66.82563370476847808, -4.049248987187114679, 7.925502043389070828 ) ) ;
#2511 = ORIENTED_EDGE ( 'NONE', *, *, #5088, .T. ) ;
#2512 = ORIENTED_EDGE ( 'NONE', *, *, #5915, .T. ) ;
#2513 = ORIENTED_EDGE ( 'NONE', *, *, #4563, .T. ) ;
#2514 = CARTESIAN_POINT ( 'NONE',  ( -66.55628854403809669, -5.886697224549529039, 6.675178271898192683 ) ) ;
#2515 = LINE ( 'NONE', #1888, #7282 ) ;
#2516 = AXIS2_PLACEMENT_3D ( 'NONE', #5686, #3463, #5208 ) ;
#2517 = CIRCLE ( 'NONE', #1087, 8.849999999999999645 ) ;
#2518 = DIRECTION ( 'NONE',  ( -1.000000000000000000, 0.0000000000000000000, -0.0000000000000000000 ) ) ;
#2519 = CARTESIAN_POINT ( 'NONE',  ( -67.05532099832460347, -4.294521189878503620, 7.795324737566079243 ) ) ;
#2520 = ORIENTED_EDGE ( 'NONE', *, *, #7418, .F. ) ;
#2521 = B_SPLINE_CURVE_WITH_KNOTS ( 'NONE', 3,
 ( #4120, #4760, #5856, #4008 ),
 .UNSPECIFIED., .F., .F.,
 ( 4, 4 ),
 ( 1.667578453055865763E-15, 0.0004081716360803056476 ),
 .UNSPECIFIED. ) ;
#2522 = EDGE_CURVE ( 'NONE', #6564, #2201, #7271, .T. ) ;
#2523 = EDGE_CURVE ( 'NONE', #23, #689, #6361, .T. ) ;
#2524 = DIRECTION ( 'NONE',  ( 4.234615018435899824E-16, 1.000000000000000000, -0.0000000000000000000 ) ) ;
#2525 = EDGE_LOOP ( 'NONE', ( #7041, #7387, #5295, #3162 ) ) ;
#2526 = ORIENTED_EDGE ( 'NONE', *, *, #3766, .T. ) ;
#2527 = AXIS2_PLACEMENT_3D ( 'NONE', #7158, #1957, #4360 ) ;
#2528 = CARTESIAN_POINT ( 'NONE',  ( -67.12878843304970644, 2.858657379011589228, 8.428408983279275901 ) ) ;
#2529 = DIRECTION ( 'NONE',  ( -1.000000000000000000, 0.0000000000000000000, 0.0000000000000000000 ) ) ;
#2530 = VECTOR ( 'NONE', #5350, 1000.000000000000000 ) ;
#2531 = AXIS2_PLACEMENT_3D ( 'NONE', #4336, #1496, #5049 ) ;
#2532 = VERTEX_POINT ( 'NONE', #2771 ) ;
#2533 = CARTESIAN_POINT ( 'NONE',  ( -67.29233950874652237, 1.149571340639744088, 9.027097303828067965 ) ) ;
#2534 = EDGE_CURVE ( 'NONE', #5861, #1426, #4666, .T. ) ;
#2535 = DIRECTION ( 'NONE',  ( 0.0000000000000000000, 0.0000000000000000000, 1.000000000000000000 ) ) ;
#2536 = ORIENTED_EDGE ( 'NONE', *, *, #5664, .F. ) ;
#2537 = ORIENTED_EDGE ( 'NONE', *, *, #7054, .T. ) ;
#2538 = EDGE_CURVE ( 'NONE', #5303, #1958, #2499, .T. ) ;
#2539 = DIRECTION ( 'NONE',  ( -1.000000000000000000, 0.0000000000000000000, 0.0000000000000000000 ) ) ;
#2540 = B_SPLINE_CURVE_WITH_KNOTS ( 'NONE', 3,
 ( #3440, #6991, #1280, #3588 ),
 .UNSPECIFIED., .F., .F.,
 ( 4, 4 ),
 ( 0.0000000000000000000, 1.000000000000000000 ),
 .UNSPECIFIED. ) ;
#2541 = DIRECTION ( 'NONE',  ( -0.0000000000000000000, -0.0000000000000000000, -1.000000000000000000 ) ) ;
#2542 = VECTOR ( 'NONE', #6407, 1000.000000000000000 ) ;
#2543 = CARTESIAN_POINT ( 'NONE',  ( -65.15219588189359001, 2.609723154881216978, -10.09999999999999964 ) ) ;
#2544 = ORIENTED_EDGE ( 'NONE', *, *, #3070, .T. ) ;
#2545 = ORIENTED_EDGE ( 'NONE', *, *, #1861, .F. ) ;
#2546 = CARTESIAN_POINT ( 'NONE',  ( -66.28224579139306627, 3.662432598229491187, 8.330461419598929496 ) ) ;
#2547 = AXIS2_PLACEMENT_3D ( 'NONE', #2913, #3389, #5841 ) ;
#2548 = DIRECTION ( 'NONE',  ( 0.0000000000000000000, 0.0000000000000000000, 1.000000000000000000 ) ) ;
#2549 = CARTESIAN_POINT ( 'NONE',  ( -67.41864671158212730, -5.002816254292089759, 7.601436017345081453 ) ) ;
#2550 = CARTESIAN_POINT ( 'NONE',  ( -65.35207002812610710, -5.477102530133658220, -10.09999999999999964 ) ) ;
#2551 = DIRECTION ( 'NONE',  ( 1.000000000000000000, 0.0000000000000000000, 6.123233995736789455E-17 ) ) ;
#2552 = CARTESIAN_POINT ( 'NONE',  ( -66.79285193194303361, -5.371567164872070421, 7.345492916970814079 ) ) ;
#2553 = VERTEX_POINT ( 'NONE', #2879 ) ;
#2554 = CARTESIAN_POINT ( 'NONE',  ( -66.55199676638301298, 0.09260412851655690225, 9.099528805593431358 ) ) ;
#2555 =( NAMED_UNIT ( * ) SI_UNIT ( $, .STERADIAN. ) SOLID_ANGLE_UNIT ( ) );
#2556 = MECHANICAL_DESIGN_GEOMETRIC_PRESENTATION_REPRESENTATION (  '', ( #1128 ), #4598 ) ;
#2557 = CARTESIAN_POINT ( 'NONE',  ( -67.33779244791578833, -4.102371311251697961, 7.898135832246695465 ) ) ;
#2558 = CARTESIAN_POINT ( 'NONE',  ( -66.63912694137168558, 2.315715985260209830, 8.800423846388646609 ) ) ;
#2559 = ORIENTED_EDGE ( 'NONE', *, *, #3444, .T. ) ;
#2560 = CARTESIAN_POINT ( 'NONE',  ( -66.44887421678299688, 0.6361575315994819624, -10.09999999999999964 ) ) ;
#2561 = DIRECTION ( 'NONE',  ( 0.0000000000000000000, 0.0000000000000000000, -1.000000000000000000 ) ) ;
#2562 = DIRECTION ( 'NONE',  ( 0.0000000000000000000, 0.0000000000000000000, 1.000000000000000000 ) ) ;
#2563 = ORIENTED_EDGE ( 'NONE', *, *, #1764, .T. ) ;
#2564 = VERTEX_POINT ( 'NONE', #6909 ) ;
#2565 = EDGE_CURVE ( 'NONE', #5990, #6516, #2844, .T. ) ;
#2566 = ADVANCED_FACE ( 'NONE', ( #572 ), #6184, .T. ) ;
#2567 = CARTESIAN_POINT ( 'NONE',  ( -67.12878843304970644, 2.897097029261863188, 8.415371434905370762 ) ) ;
#2568 = CARTESIAN_POINT ( 'NONE',  ( -66.98742839867574617, -3.721384618276543765, 8.304293860579294417 ) ) ;
#2569 = DIRECTION ( 'NONE',  ( 0.0000000000000000000, 0.0000000000000000000, 1.000000000000000000 ) ) ;
#2570 = DIRECTION ( 'NONE',  ( 0.0000000000000000000, 0.0000000000000000000, 1.000000000000000000 ) ) ;
#2571 = EDGE_LOOP ( 'NONE', ( #2150, #4548, #6378, #6900 ) ) ;
#2572 = ORIENTED_EDGE ( 'NONE', *, *, #7080, .F. ) ;
#2573 = ADVANCED_FACE ( 'NONE', ( #5734 ), #4039, .F. ) ;
#2574 = CARTESIAN_POINT ( 'NONE',  ( -66.86976238215140711, 2.382159102713320209, 8.782702952401768570 ) ) ;
#2575 = LINE ( 'NONE', #7173, #3006 ) ;
#2576 = DIRECTION ( 'NONE',  ( 1.000000000000000000, 0.0000000000000000000, 0.0000000000000000000 ) ) ;
#2577 = ORIENTED_EDGE ( 'NONE', *, *, #5296, .F. ) ;
#2578 = ADVANCED_FACE ( 'NONE', ( #6302 ), #5616, .F. ) ;
#2579 = FACE_OUTER_BOUND ( 'NONE', #5936, .T. ) ;
#2580 = AXIS2_PLACEMENT_3D ( 'NONE', #7109, #2551, #7073 ) ;
#2581 = ORIENTED_EDGE ( 'NONE', *, *, #3674, .T. ) ;
#2582 = EDGE_CURVE ( 'NONE', #4711, #2195, #4446, .T. ) ;
#2583 = CARTESIAN_POINT ( 'NONE',  ( -64.52793426638299934, 0.0000000000000000000, 1.185358922323756280E-14 ) ) ;
#2584 = CARTESIAN_POINT ( 'NONE',  ( -64.95984576818250389, -4.200899377731323270, 8.072425793525892956 ) ) ;
#2585 = AXIS2_PLACEMENT_3D ( 'NONE', #4612, #48, #4043 ) ;
#2586 = CARTESIAN_POINT ( 'NONE',  ( -84.00000000000000000, 0.0000000000000000000, 1.543054966925670124E-14 ) ) ;
#2587 = CARTESIAN_POINT ( 'NONE',  ( -64.93222865342987404, 2.414122600551407150, 8.773969827325590387 ) ) ;
#2588 = CARTESIAN_POINT ( 'NONE',  ( -67.41189259971629610, -2.989791781107579816, 8.382788623460678323 ) ) ;
#2589 = ORIENTED_EDGE ( 'NONE', *, *, #3531, .F. ) ;
#2590 = ORIENTED_EDGE ( 'NONE', *, *, #2797, .F. ) ;
#2591 = ORIENTED_EDGE ( 'NONE', *, *, #1452, .T. ) ;
#2592 = DIRECTION ( 'NONE',  ( -1.000000000000000000, 0.0000000000000000000, 0.0000000000000000000 ) ) ;
#2593 = CARTESIAN_POINT ( 'NONE',  ( 98.70000000000001705, 0.0000000000000000000, -3.200000000000018385 ) ) ;
#2594 = EDGE_CURVE ( 'NONE', #6805, #5190, #5659, .T. ) ;
#2595 = DIRECTION ( 'NONE',  ( 0.0000000000000000000, 0.0000000000000000000, 1.000000000000000000 ) ) ;
#2596 = CARTESIAN_POINT ( 'NONE',  ( -67.36915619415380263, 0.2885766856455752039, 9.095423217008763217 ) ) ;
#2597 = ORIENTED_EDGE ( 'NONE', *, *, #2443, .F. ) ;
#2598 = ORIENTED_EDGE ( 'NONE', *, *, #2538, .T. ) ;
#2599 = B_SPLINE_CURVE_WITH_KNOTS ( 'NONE', 3,
 ( #2828, #7355, #1669, #6890 ),
 .UNSPECIFIED., .F., .F.,
 ( 4, 4 ),
 ( 9.494434014972782727E-15, 0.0003945914712493038654 ),
 .UNSPECIFIED. ) ;
#2600 = CARTESIAN_POINT ( 'NONE',  ( -64.81442220046737646, -4.811894697500478379, 7.487033419196615469 ) ) ;
#2601 = B_SPLINE_CURVE_WITH_KNOTS ( 'NONE', 3,
 ( #885, #3135, #2574, #4183 ),
 .UNSPECIFIED., .F., .F.,
 ( 4, 4 ),
 ( 4.336808689942017736E-19, 0.0002025791560215811388 ),
 .UNSPECIFIED. ) ;
#2602 = DIRECTION ( 'NONE',  ( 0.0000000000000000000, 0.0000000000000000000, 1.000000000000000000 ) ) ;
#2603 = LINE ( 'NONE', #5039, #1086 ) ;
#2604 = DIRECTION ( 'NONE',  ( -0.0000000000000000000, -0.0000000000000000000, -1.000000000000000000 ) ) ;
#2605 =( NAMED_UNIT ( * ) SI_UNIT ( $, .STERADIAN. ) SOLID_ANGLE_UNIT ( ) );
#2606 = ORIENTED_EDGE ( 'NONE', *, *, #2688, .T. ) ;
#2607 = CARTESIAN_POINT ( 'NONE',  ( -64.54199025851886518, -4.258133028619640825, 7.815260911228666174 ) ) ;
#2608 = CARTESIAN_POINT ( 'NONE',  ( -64.52793426638299934, -0.8175626144409100515, -10.09999999999999964 ) ) ;
#2609 = VERTEX_POINT ( 'NONE', #3875 ) ;
#2610 = VERTEX_POINT ( 'NONE', #5467 ) ;
#2611 = ADVANCED_FACE ( 'NONE', ( #4409 ), #6631, .F. ) ;
#2612 = FILL_AREA_STYLE_COLOUR ( '', #629 ) ;
#2613 = DIRECTION ( 'NONE',  ( 1.000000000000000000, 0.0000000000000000000, -1.836970198721029934E-16 ) ) ;
#2614 = LINE ( 'NONE', #7207, #7212 ) ;
#2615 = EDGE_CURVE ( 'NONE', #7314, #6500, #127, .T. ) ;
#2616 = ADVANCED_FACE ( 'NONE', ( #1638 ), #3841, .F. ) ;
#2617 = FACE_OUTER_BOUND ( 'NONE', #413, .T. ) ;
#2618 = VERTEX_POINT ( 'NONE', #5605 ) ;
#2619 = B_SPLINE_CURVE_WITH_KNOTS ( 'NONE', 3,
 ( #3471, #6372, #3434, #1241 ),
 .UNSPECIFIED., .F., .F.,
 ( 4, 4 ),
 ( 2.682672877191084968E-16, 0.0001287270525381948531 ),
 .UNSPECIFIED. ) ;
#2620 = CARTESIAN_POINT ( 'NONE',  ( -64.90957729864409487, -4.278499868237489068, 8.031465549791768410 ) ) ;
#2621 = CARTESIAN_POINT ( 'NONE',  ( -67.40419842343288792, -5.058529929103803724, 7.564768566973060437 ) ) ;
#2622 = CARTESIAN_POINT ( 'NONE',  ( -66.12919615976552734, 0.9463060615854020918, 9.050820377020126983 ) ) ;
#2623 = CARTESIAN_POINT ( 'NONE',  ( -67.29233950884231774, 3.372071187899515543, 8.236451657342387378 ) ) ;
#2624 = CARTESIAN_POINT ( 'NONE',  ( -67.04762754074417330, 0.9357509609146470453, 9.051760609911616129 ) ) ;
#2625 = ORIENTED_EDGE ( 'NONE', *, *, #422, .F. ) ;
#2626 = EDGE_CURVE ( 'NONE', #1065, #4248, #3363, .T. ) ;
#2627 = EDGE_LOOP ( 'NONE', ( #2185, #6414, #6041, #3699 ) ) ;
#2628 = DIRECTION ( 'NONE',  ( 0.0000000000000000000, 0.0000000000000000000, 1.000000000000000000 ) ) ;
#2629 = LINE ( 'NONE', #4918, #680 ) ;
#2630 = B_SPLINE_CURVE_WITH_KNOTS ( 'NONE', 3,
 ( #2528, #2567, #1408, #7163 ),
 .UNSPECIFIED., .F., .F.,
 ( 4, 4 ),
 ( 4.336808689942017736E-19, 0.0001217713406921289512 ),
 .UNSPECIFIED. ) ;
#2631 = EDGE_CURVE ( 'NONE', #3409, #6981, #3840, .T. ) ;
#2632 = CARTESIAN_POINT ( 'NONE',  ( -71.80973495877130119, -0.2331160295301611396, -10.09999999999999964 ) ) ;
#2633 = CARTESIAN_POINT ( 'NONE',  ( -66.56438522404070568, 1.158874961853036067, 8.824228511478516168 ) ) ;
#2634 = ORIENTED_EDGE ( 'NONE', *, *, #5251, .T. ) ;
#2635 = LINE ( 'NONE', #3195, #7132 ) ;
#2636 = CARTESIAN_POINT ( 'NONE',  ( -66.93711172873021553, 1.061163613197296129, 8.836632341263689128 ) ) ;
#2637 = ORIENTED_EDGE ( 'NONE', *, *, #2394, .F. ) ;
#2638 = VERTEX_POINT ( 'NONE', #3911 ) ;
#2639 = AXIS2_PLACEMENT_3D ( 'NONE', #4544, #2900, #6842 ) ;
#2640 = CARTESIAN_POINT ( 'NONE',  ( -67.11904706659302633, 2.973338209401944265, 8.388638738943919648 ) ) ;
#2641 = CARTESIAN_POINT ( 'NONE',  ( -66.62934485649482497, 1.508087975090933730, 8.974166850451245736 ) ) ;
#2642 = CARTESIAN_POINT ( 'NONE',  ( -67.04762754077422926, 3.158250808280441468, 8.534368859616753511 ) ) ;
#2643 = ORIENTED_EDGE ( 'NONE', *, *, #4606, .F. ) ;
#2644 = CARTESIAN_POINT ( 'NONE',  ( -67.30140059495593619, 0.1396041827471032892, 8.898905026583872058 ) ) ;
#2645 = LINE ( 'NONE', #2608, #5527 ) ;
#2646 = AXIS2_PLACEMENT_3D ( 'NONE', #1092, #1734, #3370 ) ;
#2647 = ORIENTED_EDGE ( 'NONE', *, *, #481, .F. ) ;
#2648 = AXIS2_PLACEMENT_3D ( 'NONE', #3994, #2725, #4485 ) ;
#2649 = B_SPLINE_CURVE_WITH_KNOTS ( 'NONE', 3,
 ( #5818, #3072, #225, #2507 ),
 .UNSPECIFIED., .F., .F.,
 ( 4, 4 ),
 ( 2.743460104159948130E-15, 0.0002420227257931507263 ),
 .UNSPECIFIED. ) ;
#2650 = AXIS2_PLACEMENT_3D ( 'NONE', #4880, #4317, #6076 ) ;
#2651 = CIRCLE ( 'NONE', #6490, 3.200000000000000178 ) ;
#2652 = DIRECTION ( 'NONE',  ( 0.0000000000000000000, 0.0000000000000000000, -1.000000000000000000 ) ) ;
#2653 = CARTESIAN_POINT ( 'NONE',  ( -64.63845356594111990, -5.338489162325913640, 7.369796700936777079 ) ) ;
#2654 = UNCERTAINTY_MEASURE_WITH_UNIT (LENGTH_MEASURE( 1.000000000000000082E-05 ), #3688, 'distance_accuracy_value', 'NONE');
#2655 = CYLINDRICAL_SURFACE ( 'NONE', #7236, 1.113278642098897153 ) ;
#2656 = EDGE_LOOP ( 'NONE', ( #4800, #5410, #2846, #3253 ) ) ;
#2657 = LINE ( 'NONE', #2090, #2144 ) ;
#2658 = ORIENTED_EDGE ( 'NONE', *, *, #1151, .T. ) ;
#2659 =( NAMED_UNIT ( * ) SI_UNIT ( $, .STERADIAN. ) SOLID_ANGLE_UNIT ( ) );
#2660 = EDGE_CURVE ( 'NONE', #1994, #132, #4447, .T. ) ;
#2661 = ADVANCED_FACE ( 'NONE', ( #338, #7324 ), #2157, .T. ) ;
#2662 = CYLINDRICAL_SURFACE ( 'NONE', #2901, 15.08071957590039602 ) ;
#2663 = DIRECTION ( 'NONE',  ( -0.0000000000000000000, -0.0000000000000000000, -1.000000000000000000 ) ) ;
#2664 = DIRECTION ( 'NONE',  ( 1.000000000000000000, 0.0000000000000000000, 0.0000000000000000000 ) ) ;
#2665 = ORIENTED_EDGE ( 'NONE', *, *, #27, .T. ) ;
#2666 = EDGE_LOOP ( 'NONE', ( #2963, #1607, #1737, #6314 ) ) ;
#2667 =( BOUNDED_CURVE ( )  B_SPLINE_CURVE ( 3, ( #4466, #6761, #3326, #5621 ),
 .UNSPECIFIED., .F., .T. ) 
 B_SPLINE_CURVE_WITH_KNOTS ( ( 4, 4 ),
 ( 4.935108176130279745, 4.975539645677505618 ),
 .UNSPECIFIED. ) 
 CURVE ( )  GEOMETRIC_REPRESENTATION_ITEM ( )  RATIONAL_B_SPLINE_CURVE ( ( 1.000000000000000000, 0.9998637793284582687, 0.9998637793284582687, 1.000000000000000000 ) ) 
 REPRESENTATION_ITEM ( '' )  );
#2668 = FACE_OUTER_BOUND ( 'NONE', #211, .T. ) ;
#2669 = FACE_OUTER_BOUND ( 'NONE', #1678, .T. ) ;
#2670 = ADVANCED_FACE ( 'NONE', ( #6059 ), #921, .T. ) ;
#2671 = DIRECTION ( 'NONE',  ( 1.000000000000000000, 0.0000000000000000000, -1.836970198721029934E-16 ) ) ;
#2672 = PRESENTATION_LAYER_ASSIGNMENT (  '', '', ( #1839 ) ) ;
#2673 = ORIENTED_EDGE ( 'NONE', *, *, #825, .F. ) ;
#2674 = CARTESIAN_POINT ( 'NONE',  ( 84.00000000000000000, 0.0000000000000000000, -1.543054966925670124E-14 ) ) ;
#2675 = FACE_OUTER_BOUND ( 'NONE', #3046, .T. ) ;
#2676 = ORIENTED_EDGE ( 'NONE', *, *, #2108, .T. ) ;
#2677 = ORIENTED_EDGE ( 'NONE', *, *, #3681, .F. ) ;
#2678 = ADVANCED_FACE ( 'NONE', ( #4943 ), #3246, .T. ) ;
#2679 = CARTESIAN_POINT ( 'NONE',  ( -67.07688518474647310, -5.588536552111496469, 7.181800554576402540 ) ) ;
#2680 = VECTOR ( 'NONE', #7166, 1000.000000000000000 ) ;
#2681 = EDGE_CURVE ( 'NONE', #5159, #6220, #5805, .T. ) ;
#2682 = CARTESIAN_POINT ( 'NONE',  ( -64.90037379885750113, 1.994059876839261225, 8.673809872760635642 ) ) ;
#2683 = CARTESIAN_POINT ( 'NONE',  ( -66.77867029701339163, -5.793217620544696800, 7.017736786244595848 ) ) ;
#2684 = CARTESIAN_POINT ( 'NONE',  ( -65.51087918602357263, 0.2914778511160112107, 9.095846283861110493 ) ) ;
#2685 = CARTESIAN_POINT ( 'NONE',  ( -66.77867029701339163, -5.793217620544696800, 7.017736786244595848 ) ) ;
#2686 = ORIENTED_EDGE ( 'NONE', *, *, #7064, .F. ) ;
#2687 = VERTEX_POINT ( 'NONE', #1826 ) ;
#2688 = EDGE_CURVE ( 'NONE', #6123, #5837, #2045, .T. ) ;
#2689 = CARTESIAN_POINT ( 'NONE',  ( -65.99467776452640067, 0.8226112148920701195, -10.09999999999999964 ) ) ;
#2690 =( NAMED_UNIT ( * ) PLANE_ANGLE_UNIT ( ) SI_UNIT ( $, .RADIAN. ) );
#2691 = CARTESIAN_POINT ( 'NONE',  ( -98.70000000000001705, 0.0000000000000000000, -6.043631953792189659E-15 ) ) ;
#2692 = B_SPLINE_CURVE_WITH_KNOTS ( 'NONE', 3,
 ( #971, #5549, #7304, #3737 ),
 .UNSPECIFIED., .F., .F.,
 ( 4, 4 ),
 ( 0.0000000000000000000, 0.0003608594730664772083 ),
 .UNSPECIFIED. ) ;
#2693 = LINE ( 'NONE', #106, #6350 ) ;
#2694 = ORIENTED_EDGE ( 'NONE', *, *, #2435, .T. ) ;
#2695 = B_SPLINE_CURVE_WITH_KNOTS ( 'NONE', 3,
 ( #2751, #5041, #5007, #1598 ),
 .UNSPECIFIED., .F., .F.,
 ( 4, 4 ),
 ( 3.905950544582390049E-16, 0.0001705660995922243122 ),
 .UNSPECIFIED. ) ;
#2696 = LINE ( 'NONE', #380, #431 ) ;
#2697 = VECTOR ( 'NONE', #4798, 1000.000000000000000 ) ;
#2698 = CARTESIAN_POINT ( 'NONE',  ( -65.20219632926692555, -0.01931031508301498181, 9.100000000000012079 ) ) ;
#2699 = EDGE_LOOP ( 'NONE', ( #5453, #3502, #3837, #3062 ) ) ;
#2700 = CARTESIAN_POINT ( 'NONE',  ( -64.68576121733902085, -3.975600066485885709, 8.185822167178944397 ) ) ;
#2701 = VERTEX_POINT ( 'NONE', #5118 ) ;
#2702 = EDGE_CURVE ( 'NONE', #6669, #2638, #3381, .T. ) ;
#2703 = DIRECTION ( 'NONE',  ( 0.0000000000000000000, 0.0000000000000000000, 1.000000000000000000 ) ) ;
#2704 = VECTOR ( 'NONE', #5137, 1000.000000000000000 ) ;
#2705 = EDGE_LOOP ( 'NONE', ( #6776, #7042, #2310, #7356 ) ) ;
#2706 = CARTESIAN_POINT ( 'NONE',  ( -64.72703323492987693, -3.925528009057386303, 8.209764299302760193 ) ) ;
#2707 = DIRECTION ( 'NONE',  ( -1.000000000000000000, 0.0000000000000000000, 0.0000000000000000000 ) ) ;
#2708 = CYLINDRICAL_SURFACE ( 'NONE', #5986, 0.7415075554023098370 ) ;
#2709 = ORIENTED_EDGE ( 'NONE', *, *, #5305, .F. ) ;
#2710 = ORIENTED_EDGE ( 'NONE', *, *, #3618, .F. ) ;
#2711 = EDGE_CURVE ( 'NONE', #1689, #4968, #4073, .T. ) ;
#2712 = CARTESIAN_POINT ( 'NONE',  ( -65.99467776451513146, 3.045111062292958692, 8.362852301595506077 ) ) ;
#2713 = CARTESIAN_POINT ( 'NONE',  ( -64.95940743058714872, 2.028518972840867907, 8.665743521292609941 ) ) ;
#2714 = CARTESIAN_POINT ( 'NONE',  ( -66.71993631124659885, -0.2450882285989536558, 9.096706296547386827 ) ) ;
#2715 = CARTESIAN_POINT ( 'NONE',  ( -64.83843358134950563, -0.2573376314349396510, 9.096390076812445713 ) ) ;
#2716 = CARTESIAN_POINT ( 'NONE',  ( -64.52793426638299934, 1.510770795186370030, -10.09999999999999964 ) ) ;
#2717 = VERTEX_POINT ( 'NONE', #634 ) ;
#2718 = ORIENTED_EDGE ( 'NONE', *, *, #6657, .F. ) ;
#2719 = EDGE_CURVE ( 'NONE', #1294, #6460, #1152, .T. ) ;
#2720 = CARTESIAN_POINT ( 'NONE',  ( -64.90025034456726871, -0.2285120336707811839, 8.897132977433606982 ) ) ;
#2721 = DIRECTION ( 'NONE',  ( -0.9999859828897637026, -0.005294716611223628661, 0.0000000000000000000 ) ) ;
#2722 = B_SPLINE_CURVE_WITH_KNOTS ( 'NONE', 3,
 ( #3821, #6119, #903, #3746 ),
 .UNSPECIFIED., .F., .F.,
 ( 4, 4 ),
 ( 5.085913692835759361E-17, 0.0001980632576152701306 ),
 .UNSPECIFIED. ) ;
#2723 = CYLINDRICAL_SURFACE ( 'NONE', #1476, 0.7149456730118769476 ) ;
#2724 = DIRECTION ( 'NONE',  ( 0.0000000000000000000, 0.0000000000000000000, -1.000000000000000000 ) ) ;
#2725 = DIRECTION ( 'NONE',  ( 0.0000000000000000000, 0.0000000000000000000, 1.000000000000000000 ) ) ;
#2726 = ORIENTED_EDGE ( 'NONE', *, *, #5833, .F. ) ;
#2727 = EDGE_CURVE ( 'NONE', #5068, #2044, #534, .T. ) ;
#2728 = FACE_OUTER_BOUND ( 'NONE', #6919, .T. ) ;
#2729 = DIRECTION ( 'NONE',  ( 0.0000000000000000000, 0.0000000000000000000, -1.000000000000000000 ) ) ;
#2730 = DIRECTION ( 'NONE',  ( 1.000000000000000000, 0.0000000000000000000, 0.0000000000000000000 ) ) ;
#2731 = FACE_OUTER_BOUND ( 'NONE', #6362, .T. ) ;
#2732 = DIRECTION ( 'NONE',  ( 0.0000000000000000000, 0.0000000000000000000, 1.000000000000000000 ) ) ;
#2733 = CARTESIAN_POINT ( 'NONE',  ( -65.15739458943367879, -0.05663738396366461980, 9.099823745916070905 ) ) ;
#2734 = CARTESIAN_POINT ( 'NONE',  ( -66.96605320155046570, 2.061987744806666356, 8.657840755076712469 ) ) ;
#2735 = CYLINDRICAL_SURFACE ( 'NONE', #4985, 1.465110773627903429 ) ;
#2736 = DIRECTION ( 'NONE',  ( -0.0000000000000000000, -0.0000000000000000000, -1.000000000000000000 ) ) ;
#2737 = FACE_OUTER_BOUND ( 'NONE', #1306, .T. ) ;
#2738 = ORIENTED_EDGE ( 'NONE', *, *, #4671, .T. ) ;
#2739 = CARTESIAN_POINT ( 'NONE',  ( -67.11343441878187832, 0.7836376028554095097, 9.066255857387632844 ) ) ;
#2740 = DIRECTION ( 'NONE',  ( -0.0000000000000000000, -0.0000000000000000000, -1.000000000000000000 ) ) ;
#2741 = ORIENTED_EDGE ( 'NONE', *, *, #2814, .T. ) ;
#2742 = EDGE_LOOP ( 'NONE', ( #1059, #5847, #7063, #2418 ) ) ;
#2743 = CYLINDRICAL_SURFACE ( 'NONE', #5979, 2.181581736284250894 ) ;
#2744 = VECTOR ( 'NONE', #6113, 1000.000000000000000 ) ;
#2745 = DIRECTION ( 'NONE',  ( 0.0000000000000000000, 0.0000000000000000000, -1.000000000000000000 ) ) ;
#2746 = EDGE_CURVE ( 'NONE', #1294, #2467, #7432, .T. ) ;
#2747 = EDGE_CURVE ( 'NONE', #1994, #2253, #2839, .T. ) ;
#2748 = CARTESIAN_POINT ( 'NONE',  ( -65.33465621845118676, 0.5879049667628680753, 9.081560789087102847 ) ) ;
#2749 = ORIENTED_EDGE ( 'NONE', *, *, #4543, .T. ) ;
#2750 = CARTESIAN_POINT ( 'NONE',  ( -66.62407799311380074, 0.6829538287604529634, -10.09999999999999964 ) ) ;
#2751 = CARTESIAN_POINT ( 'NONE',  ( -66.45265163423549382, 1.491279525714443555, 8.774171492294021490 ) ) ;
#2752 = VERTEX_POINT ( 'NONE', #2350 ) ;
#2753 = VERTEX_POINT ( 'NONE', #1674 ) ;
#2754 = VECTOR ( 'NONE', #3149, 1000.000000000000000 ) ;
#2755 = AXIS2_PLACEMENT_3D ( 'NONE', #4562, #3516, #3997 ) ;
#2756 = SURFACE_STYLE_FILL_AREA ( #479 ) ;
#2757 = EDGE_CURVE ( 'NONE', #811, #2935, #5358, .T. ) ;
#2758 = CARTESIAN_POINT ( 'NONE',  ( -65.14541242622595973, -3.607226215622492127, 8.354949144681926398 ) ) ;
#2759 = AXIS2_PLACEMENT_3D ( 'NONE', #2303, #5198, #1666 ) ;
#2760 = CARTESIAN_POINT ( 'NONE',  ( -66.80542513442860297, 0.1369446043025991655, 8.898946351976317004 ) ) ;
#2761 = AXIS2_PLACEMENT_3D ( 'NONE', #144, #740, #5247 ) ;
#2762 = DIRECTION ( 'NONE',  ( 1.000000000000000000, 0.0000000000000000000, 0.0000000000000000000 ) ) ;
#2763 = LINE ( 'NONE', #1643, #6978 ) ;
#2764 = EDGE_LOOP ( 'NONE', ( #800, #1218, #6763, #6025, #3525, #6401, #1934, #283, #3528, #5948 ) ) ;
#2765 = DIRECTION ( 'NONE',  ( 0.0000000000000000000, 0.0000000000000000000, 1.000000000000000000 ) ) ;
#2766 = EDGE_CURVE ( 'NONE', #3480, #4540, #66, .T. ) ;
#2767 = FILL_AREA_STYLE ('',( #5695 ) ) ;
#2768 = VECTOR ( 'NONE', #1944, 1000.000000000000000 ) ;
#2769 = AXIS2_PLACEMENT_3D ( 'NONE', #285, #3468, #2561 ) ;
#2770 = CARTESIAN_POINT ( 'NONE',  ( -64.85201268575499967, -4.402258597263768003, 7.734993163721441967 ) ) ;
#2771 = CARTESIAN_POINT ( 'NONE',  ( -106.3000000000000114, -0.2000000000000002054, -6.313054249604605091E-15 ) ) ;
#2772 = CARTESIAN_POINT ( 'NONE',  ( -64.52793426638299934, 0.0000000000000000000, 1.185358922323756280E-14 ) ) ;
#2773 = VERTEX_POINT ( 'NONE', #6408 ) ;
#2774 = CARTESIAN_POINT ( 'NONE',  ( -67.33779244791581675, -4.102371311251762798, -10.09999999999999964 ) ) ;
#2775 = MECHANICAL_DESIGN_GEOMETRIC_PRESENTATION_REPRESENTATION (  '', ( #1824 ), #747 ) ;
#2776 = EDGE_CURVE ( 'NONE', #3565, #3943, #1235, .T. ) ;
#2777 = CARTESIAN_POINT ( 'NONE',  ( -64.35922364862260281, 3.237101397856259943, -10.09999999999999964 ) ) ;
#2778 = DIRECTION ( 'NONE',  ( 0.0000000000000000000, 0.0000000000000000000, 1.000000000000000000 ) ) ;
#2779 = B_SPLINE_CURVE_WITH_KNOTS ( 'NONE', 3,
 ( #1516, #286, #4280, #3118 ),
 .UNSPECIFIED., .F., .F.,
 ( 4, 4 ),
 ( 3.842141448745506338E-18, 0.0002409686490030714054 ),
 .UNSPECIFIED. ) ;
#2780 = DIRECTION ( 'NONE',  ( 0.0000000000000000000, 0.0000000000000000000, -1.000000000000000000 ) ) ;
#2781 = DIRECTION ( 'NONE',  ( -0.0000000000000000000, -0.0000000000000000000, -1.000000000000000000 ) ) ;
#2782 = CARTESIAN_POINT ( 'NONE',  ( -65.85558466436286551, -5.958416857404142952, 6.878027955264669480 ) ) ;
#2783 = ORIENTED_EDGE ( 'NONE', *, *, #3181, .F. ) ;
#2784 = ORIENTED_EDGE ( 'NONE', *, *, #3530, .T. ) ;
#2785 = DIRECTION ( 'NONE',  ( -0.0000000000000000000, -0.0000000000000000000, -1.000000000000000000 ) ) ;
#2786 = B_SPLINE_CURVE_WITH_KNOTS ( 'NONE', 3,
 ( #1887, #3600, #5928, #3532 ),
 .UNSPECIFIED., .F., .F.,
 ( 4, 4 ),
 ( 0.0000000000000000000, 1.000000000000000000 ),
 .UNSPECIFIED. ) ;
#2787 = VECTOR ( 'NONE', #2800, 1000.000000000000000 ) ;
#2788 = FACE_OUTER_BOUND ( 'NONE', #686, .T. ) ;
#2789 = EDGE_LOOP ( 'NONE', ( #4992, #5988, #5393, #4517, #5587 ) ) ;
#2790 = CARTESIAN_POINT ( 'NONE',  ( -65.67932144716409937, -4.604213076204570321, -10.09999999999999964 ) ) ;
#2791 = LINE ( 'NONE', #5718, #4564 ) ;
#2792 = ORIENTED_EDGE ( 'NONE', *, *, #6298, .T. ) ;
#2793 = ORIENTED_EDGE ( 'NONE', *, *, #3548, .F. ) ;
#2794 = AXIS2_PLACEMENT_3D ( 'NONE', #6252, #2238, #2724 ) ;
#2795 = EDGE_CURVE ( 'NONE', #3430, #4421, #3347, .T. ) ;
#2796 = B_SPLINE_CURVE_WITH_KNOTS ( 'NONE', 3,
 ( #3818, #1615, #4958, #7187 ),
 .UNSPECIFIED., .F., .F.,
 ( 4, 4 ),
 ( 2.040348217477633711E-17, 0.0002994575329034936204 ),
 .UNSPECIFIED. ) ;
#2797 = EDGE_CURVE ( 'NONE', #4397, #6052, #136, .T. ) ;
#2798 = FACE_OUTER_BOUND ( 'NONE', #843, .T. ) ;
#2799 = DIRECTION ( 'NONE',  ( -1.000000000000000000, -0.0000000000000000000, 1.836970198721029934E-16 ) ) ;
#2800 = DIRECTION ( 'NONE',  ( 0.0000000000000000000, 0.0000000000000000000, 1.000000000000000000 ) ) ;
#2801 = LINE ( 'NONE', #5084, #5762 ) ;
#2802 = CARTESIAN_POINT ( 'NONE',  ( -64.86924676638300014, 1.510770795186371362, 8.973715596363202707 ) ) ;
#2803 = CARTESIAN_POINT ( 'NONE',  ( -66.27688212926571509, -5.558095973587311001, 6.951084026854565501 ) ) ;
#2804 = DIRECTION ( 'NONE',  ( 1.000000000000000000, 0.0000000000000000000, -1.836970198721029934E-16 ) ) ;
#2805 = ADVANCED_FACE ( 'NONE', ( #5082 ), #1714, .F. ) ;
#2806 = B_SPLINE_CURVE_WITH_KNOTS ( 'NONE', 3,
 ( #6185, #5586, #5660, #539 ),
 .UNSPECIFIED., .F., .F.,
 ( 4, 4 ),
 ( 6.323182731981801128E-14, 0.0001687000166215049614 ),
 .UNSPECIFIED. ) ;
#2807 = CARTESIAN_POINT ( 'NONE',  ( -71.30020535340770493, -1.524902822846710082, -10.09999999999999964 ) ) ;
#2808 = PRESENTATION_STYLE_ASSIGNMENT (( #535 ) ) ;
#2809 = EDGE_CURVE ( 'NONE', #1253, #5229, #6249, .T. ) ;
#2810 = CYLINDRICAL_SURFACE ( 'NONE', #7352, 0.9401550124257668228 ) ;
#2811 = CARTESIAN_POINT ( 'NONE',  ( -67.38398878382744783, 3.171490785916852850, 8.529640378031791315 ) ) ;
#2812 = DIRECTION ( 'NONE',  ( 0.0000000000000000000, 0.0000000000000000000, 1.000000000000000000 ) ) ;
#2813 = VERTEX_POINT ( 'NONE', #6814 ) ;
#2814 = EDGE_CURVE ( 'NONE', #1246, #2820, #2832, .T. ) ;
#2815 = CARTESIAN_POINT ( 'NONE',  ( -64.61151120717862284, -5.289642148295095936, 7.157767856589766886 ) ) ;
#2816 = CARTESIAN_POINT ( 'NONE',  ( -64.52793426638299934, -2.989791781107579816, -10.09999999999999964 ) ) ;
#2817 = AXIS2_PLACEMENT_3D ( 'NONE', #4804, #7150, #5863 ) ;
#2818 = ORIENTED_EDGE ( 'NONE', *, *, #5361, .T. ) ;
#2819 = CARTESIAN_POINT ( 'NONE',  ( -65.33650851338485666, 2.329487421310715511, 8.589731564720480606 ) ) ;
#2820 = VERTEX_POINT ( 'NONE', #4174 ) ;
#2821 = VERTEX_POINT ( 'NONE', #4817 ) ;
#2822 = EDGE_CURVE ( 'NONE', #3409, #1418, #6512, .T. ) ;
#2823 = CARTESIAN_POINT ( 'NONE',  ( -64.52793426638299934, -1.150937614440910250, -10.09999999999999964 ) ) ;
#2824 = PRESENTATION_LAYER_ASSIGNMENT (  '', '', ( #5699 ) ) ;
#2825 = CARTESIAN_POINT ( 'NONE',  ( -66.12380674298970007, 1.357539330574920822, 8.795856238362608437 ) ) ;
#2826 = CARTESIAN_POINT ( 'NONE',  ( -64.65388574423340629, 1.910565872570530566, 8.897175846670057453 ) ) ;
#2827 = EDGE_LOOP ( 'NONE', ( #3260, #6563, #2526, #6859 ) ) ;
#2828 = CARTESIAN_POINT ( 'NONE',  ( -65.58725965706305772, -5.920358933690800463, 6.645250190645020538 ) ) ;
#2829 = VERTEX_POINT ( 'NONE', #1337 ) ;
#2830 = ORIENTED_EDGE ( 'NONE', *, *, #2122, .F. ) ;
#2831 = CYLINDRICAL_SURFACE ( 'NONE', #5902, 0.8632754064511333203 ) ;
#2832 = LINE ( 'NONE', #2867, #1564 ) ;
#2833 = CARTESIAN_POINT ( 'NONE',  ( -106.3000000000000114, 0.0000000000000000000, -6.508997737468182748E-15 ) ) ;
#2834 = CARTESIAN_POINT ( 'NONE',  ( -61.49874387393380459, 6.087721969917629927, -10.09999999999999964 ) ) ;
#2835 = CARTESIAN_POINT ( 'NONE',  ( -66.56511463352187263, 3.730624809265287833, 8.080373662925158129 ) ) ;
#2836 = DIRECTION ( 'NONE',  ( 0.0000000000000000000, 0.0000000000000000000, 1.000000000000000000 ) ) ;
#2837 = ORIENTED_EDGE ( 'NONE', *, *, #6483, .F. ) ;
#2838 = CARTESIAN_POINT ( 'NONE',  ( -66.17375655641487242, 3.612170308354411663, 8.134092289314992286 ) ) ;
#2839 = B_SPLINE_CURVE_WITH_KNOTS ( 'NONE', 3,
 ( #3990, #6853, #6894, #6365 ),
 .UNSPECIFIED., .F., .F.,
 ( 4, 4 ),
 ( 0.0000000000000000000, 0.0002463311412053546703 ),
 .UNSPECIFIED. ) ;
#2840 = EDGE_CURVE ( 'NONE', #5749, #3680, #5909, .T. ) ;
#2841 = ADVANCED_FACE ( 'NONE', ( #3057 ), #3577, .T. ) ;
#2842 = DIRECTION ( 'NONE',  ( -1.000000000000000000, 0.0000000000000000000, 0.0000000000000000000 ) ) ;
#2843 = CARTESIAN_POINT ( 'NONE',  ( -67.29233950874652237, 1.149571340639744088, 9.027097303828067965 ) ) ;
#2844 = LINE ( 'NONE', #1686, #5283 ) ;
#2845 = CARTESIAN_POINT ( 'NONE',  ( -66.98421006156466717, 0.2505633063312007192, 8.896472223837974980 ) ) ;
#2846 = ORIENTED_EDGE ( 'NONE', *, *, #5836, .T. ) ;
#2847 = LINE ( 'NONE', #2774, #7289 ) ;
#2848 = DIRECTION ( 'NONE',  ( 0.0000000000000000000, 0.0000000000000000000, 1.000000000000000000 ) ) ;
#2849 = CARTESIAN_POINT ( 'NONE',  ( -66.27709358362938019, 1.051224741699650744, 9.039228598315700580 ) ) ;
#2850 = EDGE_CURVE ( 'NONE', #846, #435, #5396, .T. ) ;
#2851 = ORIENTED_EDGE ( 'NONE', *, *, #4212, .F. ) ;
#2852 = DIRECTION ( 'NONE',  ( 1.000000000000000000, 0.0000000000000000000, 0.0000000000000000000 ) ) ;
#2853 = CARTESIAN_POINT ( 'NONE',  ( -67.42247593304979603, 0.7097936202233429137, 8.871898404868836963 ) ) ;
#2854 = ORIENTED_EDGE ( 'NONE', *, *, #2005, .F. ) ;
#2855 = VERTEX_POINT ( 'NONE', #5380 ) ;
#2856 = ORIENTED_EDGE ( 'NONE', *, *, #5371, .F. ) ;
#2857 = CARTESIAN_POINT ( 'NONE',  ( -65.44359930859961594, -3.511021024068192276, 8.395399416856314190 ) ) ;
#2858 = CARTESIAN_POINT ( 'NONE',  ( -65.66221952620149693, -4.693158053117249651, -10.09999999999999964 ) ) ;
#2859 = EDGE_CURVE ( 'NONE', #6611, #7168, #5348, .T. ) ;
#2860 = FACE_OUTER_BOUND ( 'NONE', #585, .T. ) ;
#2861 = DIRECTION ( 'NONE',  ( 1.000000000000000000, 0.0000000000000000000, 0.0000000000000000000 ) ) ;
#2862 = B_SPLINE_CURVE_WITH_KNOTS ( 'NONE', 3,
 ( #1117, #1042, #2835, #5122 ),
 .UNSPECIFIED., .F., .F.,
 ( 4, 4 ),
 ( 0.0000000000000000000, 0.0001707180665984960738 ),
 .UNSPECIFIED. ) ;
#2863 = LINE ( 'NONE', #5157, #1454 ) ;
#2864 = ORIENTED_EDGE ( 'NONE', *, *, #6838, .T. ) ;
#2865 = ORIENTED_EDGE ( 'NONE', *, *, #388, .F. ) ;
#2866 = CARTESIAN_POINT ( 'NONE',  ( -66.45265163423509591, 3.713779373126476102, 8.088129744739539717 ) ) ;
#2867 = CARTESIAN_POINT ( 'NONE',  ( -84.00000000000000000, 1.510770795186372695, 8.973715596363206259 ) ) ;
#2868 = CARTESIAN_POINT ( 'NONE',  ( -66.62235942056270233, 1.508124961863795521, 8.771291757740332429 ) ) ;
#2869 = DIRECTION ( 'NONE',  ( -1.000000000000000000, 0.0000000000000000000, 0.0000000000000000000 ) ) ;
#2870 = CARTESIAN_POINT ( 'NONE',  ( -67.09269244943399713, 0.8470955595374808356, 9.060487244790541794 ) ) ;
#2871 = ORIENTED_EDGE ( 'NONE', *, *, #244, .T. ) ;
#2872 = AXIS2_PLACEMENT_3D ( 'NONE', #6502, #1915, #4735 ) ;
#2873 = B_SPLINE_CURVE_WITH_KNOTS ( 'NONE', 3,
 ( #1922, #5933, #4773, #7051 ),
 .UNSPECIFIED., .F., .F.,
 ( 4, 4 ),
 ( 1.288126853968108672E-13, 0.0002006151899318624090 ),
 .UNSPECIFIED. ) ;
#2874 = CARTESIAN_POINT ( 'NONE',  ( -67.03774862226011066, -4.260814468907794250, 8.040952788091997760 ) ) ;
#2875 = CIRCLE ( 'NONE', #3595, 3.200000000000000178 ) ;
#2876 = CARTESIAN_POINT ( 'NONE',  ( -65.12795968854926798, -2.656416781107544089, -10.09999999999999964 ) ) ;
#2877 = B_SPLINE_CURVE_WITH_KNOTS ( 'NONE', 3,
 ( #6457, #649, #3561, #1315 ),
 .UNSPECIFIED., .F., .F.,
 ( 4, 4 ),
 ( 5.421010862427522170E-20, 0.0005923083048864426388 ),
 .UNSPECIFIED. ) ;
#2878 = CARTESIAN_POINT ( 'NONE',  ( -71.30020535340770493, 0.3107680673900595769, 8.894572682725737423 ) ) ;
#2879 = CARTESIAN_POINT ( 'NONE',  ( -67.11904706659932174, 2.973338209365328222, 8.600538349006320971 ) ) ;
#2880 = MECHANICAL_DESIGN_GEOMETRIC_PRESENTATION_REPRESENTATION (  '', ( #1926 ), #1453 ) ;
#2881 = CIRCLE ( 'NONE', #1339, 8.900000000000000355 ) ;
#2882 = CARTESIAN_POINT ( 'NONE',  ( -64.48030926638304550, -4.657286943678577984, 7.584172883330207782 ) ) ;
#2883 = ORIENTED_EDGE ( 'NONE', *, *, #4533, .T. ) ;
#2884 = EDGE_CURVE ( 'NONE', #1264, #1850, #7211, .T. ) ;
#2885 = EDGE_CURVE ( 'NONE', #4154, #6736, #7087, .T. ) ;
#2886 = CARTESIAN_POINT ( 'NONE',  ( -67.28809654712145516, -5.323086123035960959, 7.380701465764766489 ) ) ;
#2887 = CIRCLE ( 'NONE', #5996, 9.099999999999999645 ) ;
#2888 = VECTOR ( 'NONE', #4967, 1000.000000000000000 ) ;
#2889 = EDGE_LOOP ( 'NONE', ( #850, #1550, #5214, #4560 ) ) ;
#2890 = CARTESIAN_POINT ( 'NONE',  ( -70.10428868674109992, 0.0000000000000000000, 1.287794891200797399E-14 ) ) ;
#2891 = CARTESIAN_POINT ( 'NONE',  ( -67.19247447104407911, 1.275477666515214770, 8.808130149028290390 ) ) ;
#2892 = ORIENTED_EDGE ( 'NONE', *, *, #1061, .F. ) ;
#2893 = VERTEX_POINT ( 'NONE', #1960 ) ;
#2894 = ORIENTED_EDGE ( 'NONE', *, *, #6189, .F. ) ;
#2895 = VECTOR ( 'NONE', #6635, 1000.000000000000000 ) ;
#2896 = DIRECTION ( 'NONE',  ( 0.0000000000000000000, 0.0000000000000000000, 1.000000000000000000 ) ) ;
#2897 = B_SPLINE_CURVE_WITH_KNOTS ( 'NONE', 3,
 ( #3970, #4498, #542, #5492 ),
 .UNSPECIFIED., .F., .F.,
 ( 4, 4 ),
 ( 2.909239260161739571E-14, 0.0001919788892532259164 ),
 .UNSPECIFIED. ) ;
#2898 = DIRECTION ( 'NONE',  ( -0.0000000000000000000, -0.0000000000000000000, -1.000000000000000000 ) ) ;
#2899 = EDGE_CURVE ( 'NONE', #2467, #2343, #4736, .T. ) ;
#2900 = DIRECTION ( 'NONE',  ( -1.000000000000000000, 0.0000000000000000000, 0.0000000000000000000 ) ) ;
#2901 = AXIS2_PLACEMENT_3D ( 'NONE', #1356, #5921, #4233 ) ;
#2902 = CARTESIAN_POINT ( 'NONE',  ( -67.20919697746614929, 0.01382858428122645325, 9.099989492865198315 ) ) ;
#2903 = ORIENTED_EDGE ( 'NONE', *, *, #2014, .F. ) ;
#2904 = DIRECTION ( 'NONE',  ( -1.000000000000000000, 0.0000000000000000000, -6.123233995736747547E-17 ) ) ;
#2905 = CARTESIAN_POINT ( 'NONE',  ( -66.56409090437657028, 3.381374809273990589, 8.448449822257780184 ) ) ;
#2906 = ORIENTED_EDGE ( 'NONE', *, *, #5046, .F. ) ;
#2907 = EDGE_CURVE ( 'NONE', #7238, #4619, #845, .T. ) ;
#2908 = ORIENTED_EDGE ( 'NONE', *, *, #3108, .T. ) ;
#2909 = EDGE_CURVE ( 'NONE', #1689, #640, #1927, .T. ) ;
#2910 = VECTOR ( 'NONE', #523, 1000.000000000000000 ) ;
#2911 = SURFACE_SIDE_STYLE ('',( #5117 ) ) ;
#2912 = CARTESIAN_POINT ( 'NONE',  ( 103.2999999999999972, 0.0000000000000000000, -1.897590215278827558E-14 ) ) ;
#2913 = CARTESIAN_POINT ( 'NONE',  ( -73.22192028941690012, -6.177771933824150352, -10.09999999999999964 ) ) ;
#2914 = LINE ( 'NONE', #2425, #5883 ) ;
#2915 = FACE_OUTER_BOUND ( 'NONE', #1427, .T. ) ;
#2916 = CARTESIAN_POINT ( 'NONE',  ( -66.99300346700100306, -4.197924817206712511, 8.073873124410626545 ) ) ;
#2917 = AXIS2_PLACEMENT_3D ( 'NONE', #1526, #7395, #6806 ) ;
#2918 = FACE_OUTER_BOUND ( 'NONE', #936, .T. ) ;
#2919 = ORIENTED_EDGE ( 'NONE', *, *, #3557, .T. ) ;
#2920 = ORIENTED_EDGE ( 'NONE', *, *, #7175, .T. ) ;
#2921 = CARTESIAN_POINT ( 'NONE',  ( -67.11550833387374837, 2.708205597310108015, 8.687999039822200231 ) ) ;
#2922 = EDGE_CURVE ( 'NONE', #1407, #3505, #2487, .T. ) ;
#2923 = AXIS2_PLACEMENT_3D ( 'NONE', #727, #5904, #868 ) ;
#2924 = FILL_AREA_STYLE ('',( #645 ) ) ;
#2925 = ORIENTED_EDGE ( 'NONE', *, *, #2473, .F. ) ;
#2926 = CARTESIAN_POINT ( 'NONE',  ( -66.56181841637753394, 1.114428587224091465E-15, 9.100000000000012079 ) ) ;
#2927 = CARTESIAN_POINT ( 'NONE',  ( -65.59304757034267652, 2.610734539434800716, 8.717457494281367403 ) ) ;
#2928 = CARTESIAN_POINT ( 'NONE',  ( -67.40712804070207653, -4.269522496404826839, 7.809044605628352009 ) ) ;
#2929 = VERTEX_POINT ( 'NONE', #838 ) ;
#2930 = DIRECTION ( 'NONE',  ( 0.0000000000000000000, 0.0000000000000000000, 1.000000000000000000 ) ) ;
#2931 = CARTESIAN_POINT ( 'NONE',  ( -65.42066850696949132, -3.900924871481020073, 8.221528764663050382 ) ) ;
#2932 = EDGE_CURVE ( 'NONE', #3152, #6413, #6879, .T. ) ;
#2933 = EDGE_LOOP ( 'NONE', ( #5316, #6436, #3598, #6992 ) ) ;
#2934 = ORIENTED_EDGE ( 'NONE', *, *, #7175, .F. ) ;
#2935 = VERTEX_POINT ( 'NONE', #4285 ) ;
#2936 = CARTESIAN_POINT ( 'NONE',  ( -66.62585213852877075, 3.730606316054012606, 8.080382201049218338 ) ) ;
#2937 = CARTESIAN_POINT ( 'NONE',  ( -64.81442220050622893, -4.811894697779726116, -10.09999999999999964 ) ) ;
#2938 = CYLINDRICAL_SURFACE ( 'NONE', #1682, 0.7415075554023098370 ) ;
#2939 = LINE ( 'NONE', #1743, #3244 ) ;
#2940 = VERTEX_POINT ( 'NONE', #1269 ) ;
#2941 = ADVANCED_FACE ( 'NONE', ( #3025 ), #4709, .F. ) ;
#2942 = CYLINDRICAL_SURFACE ( 'NONE', #5803, 1.047251300640442029 ) ;
#2943 = EDGE_CURVE ( 'NONE', #6413, #5788, #6305, .T. ) ;
#2944 = ORIENTED_EDGE ( 'NONE', *, *, #1494, .F. ) ;
#2945 = VECTOR ( 'NONE', #6882, 1000.000000000000000 ) ;
#2946 = CARTESIAN_POINT ( 'NONE',  ( -64.52793426638299934, 0.0000000000000000000, 1.185358922323756280E-14 ) ) ;
#2947 = CARTESIAN_POINT ( 'NONE',  ( -67.12602349605154473, -4.816621004977466036, 7.483993726240692368 ) ) ;
#2948 = CIRCLE ( 'NONE', #1035, 3.200000000000000178 ) ;
#2949 = CARTESIAN_POINT ( 'NONE',  ( -67.41189259971629610, -0.8175626144409088303, 8.862369399402661330 ) ) ;
#2950 = CARTESIAN_POINT ( 'NONE',  ( -66.82348332693275950, 3.343514479679411178, 8.248085288366887369 ) ) ;
#2951 = ADVANCED_FACE ( 'NONE', ( #139 ), #1896, .F. ) ;
#2952 = CARTESIAN_POINT ( 'NONE',  ( -66.98440449857443468, 3.236494773470041775, 8.290663518760201356 ) ) ;
#2953 = CARTESIAN_POINT ( 'NONE',  ( -65.15739458943367879, -0.05663738396366461980, 9.099823745916070905 ) ) ;
#2954 = ORIENTED_EDGE ( 'NONE', *, *, #107, .F. ) ;
#2955 = ORIENTED_EDGE ( 'NONE', *, *, #3013, .F. ) ;
#2956 = CARTESIAN_POINT ( 'NONE',  ( -67.31068956345087884, -4.050456767434021721, 7.925100769254341593 ) ) ;
#2957 = EDGE_CURVE ( 'NONE', #11, #3575, #5272, .T. ) ;
#2958 = CARTESIAN_POINT ( 'NONE',  ( -66.03353242018401659, -1.649848862219155388, 8.760202315864516365 ) ) ;
#2959 = B_SPLINE_CURVE_WITH_KNOTS ( 'NONE', 3,
 ( #7116, #235, #5307, #2451 ),
 .UNSPECIFIED., .F., .F.,
 ( 4, 4 ),
 ( 5.351521823706367494E-14, 0.0001426419644603721263 ),
 .UNSPECIFIED. ) ;
#2960 = EDGE_CURVE ( 'NONE', #3489, #1294, #5176, .T. ) ;
#2961 = CARTESIAN_POINT ( 'NONE',  ( -64.52776374131818216, -5.063065796351880365, 7.319519433802459396 ) ) ;
#2962 = SURFACE_STYLE_USAGE ( .BOTH. , #682 ) ;
#2963 = ORIENTED_EDGE ( 'NONE', *, *, #3751, .F. ) ;
#2964 = DIRECTION ( 'NONE',  ( -0.0000000000000000000, -0.0000000000000000000, -1.000000000000000000 ) ) ;
#2965 = CARTESIAN_POINT ( 'NONE',  ( 84.00000000000000000, 1.083812417245407678E-15, 8.849999999999985434 ) ) ;
#2966 = CARTESIAN_POINT ( 'NONE',  ( -67.44745403328700206, -4.446436080983370509, 7.709682624967737929 ) ) ;
#2967 = ORIENTED_EDGE ( 'NONE', *, *, #2594, .F. ) ;
#2968 = DIRECTION ( 'NONE',  ( -0.0000000000000000000, -0.0000000000000000000, -1.000000000000000000 ) ) ;
#2969 = CARTESIAN_POINT ( 'NONE',  ( -66.92673836034951762, -5.259919372810143656, 7.426310034557141115 ) ) ;
#2970 = ORIENTED_EDGE ( 'NONE', *, *, #4727, .F. ) ;
#2971 = ORIENTED_EDGE ( 'NONE', *, *, #205, .F. ) ;
#2972 = ORIENTED_EDGE ( 'NONE', *, *, #1131, .T. ) ;
#2973 = DIRECTION ( 'NONE',  ( -0.0000000000000000000, -0.0000000000000000000, -1.000000000000000000 ) ) ;
#2974 = DIRECTION ( 'NONE',  ( -1.000000000000000000, 0.0000000000000000000, 0.0000000000000000000 ) ) ;
#2975 = CARTESIAN_POINT ( 'NONE',  ( -66.27688212924115874, -5.558095973591152372, 7.205384732847372575 ) ) ;
#2976 =( NAMED_UNIT ( * ) SI_UNIT ( $, .STERADIAN. ) SOLID_ANGLE_UNIT ( ) );
#2977 = EDGE_LOOP ( 'NONE', ( #2577, #4745, #5567, #2970 ) ) ;
#2978 = CARTESIAN_POINT ( 'NONE',  ( -65.58725965706305772, -5.920358933690800463, 6.645250190645020538 ) ) ;
#2979 = CARTESIAN_POINT ( 'NONE',  ( -66.43981237135652407, 3.346948729027985348, 8.462147139187438327 ) ) ;
#2980 = ORIENTED_EDGE ( 'NONE', *, *, #1296, .F. ) ;
#2981 = ORIENTED_EDGE ( 'NONE', *, *, #1405, .F. ) ;
#2982 = ADVANCED_FACE ( 'NONE', ( #398 ), #6619, .T. ) ;
#2983 = EDGE_CURVE ( 'NONE', #6323, #4227, #368, .T. ) ;
#2984 =( LENGTH_UNIT ( ) NAMED_UNIT ( * ) SI_UNIT ( .MILLI., .METRE. ) );
#2985 = DIRECTION ( 'NONE',  ( 1.000000000000000000, 0.0000000000000000000, 6.123233995736750012E-17 ) ) ;
#2986 = DIRECTION ( 'NONE',  ( 0.0000000000000000000, 0.0000000000000000000, 1.000000000000000000 ) ) ;
#2987 = CYLINDRICAL_SURFACE ( 'NONE', #6847, 1.315221847442385350 ) ;
#2988 = ORIENTED_EDGE ( 'NONE', *, *, #5504, .F. ) ;
#2989 = CARTESIAN_POINT ( 'NONE',  ( -67.04762754074417330, 0.9357509609146470453, 9.051760609911616129 ) ) ;
#2990 = CARTESIAN_POINT ( 'NONE',  ( -67.02938114554304150, 3.186373159671474387, 8.310110161231595072 ) ) ;
#2991 = VERTEX_POINT ( 'NONE', #3235 ) ;
#2992 = ORIENTED_EDGE ( 'NONE', *, *, #175, .T. ) ;
#2993 = CARTESIAN_POINT ( 'NONE',  ( -67.19247447135379048, 3.497977513614050071, 8.183773781957237148 ) ) ;
#2994 = B_SPLINE_CURVE_WITH_KNOTS ( 'NONE', 3,
 ( #699, #2460, #212, #7018 ),
 .UNSPECIFIED., .F., .F.,
 ( 4, 4 ),
 ( 2.288975306806749459E-15, 0.0001113882058378021505 ),
 .UNSPECIFIED. ) ;
#2995 = EDGE_CURVE ( 'NONE', #4421, #3680, #2126, .T. ) ;
#2996 = DIRECTION ( 'NONE',  ( 0.0000000000000000000, 0.0000000000000000000, 1.000000000000000000 ) ) ;
#2997 = LINE ( 'NONE', #152, #6593 ) ;
#2998 = EDGE_CURVE ( 'NONE', #2609, #5241, #3757, .T. ) ;
#2999 = DIRECTION ( 'NONE',  ( 0.0000000000000000000, 0.0000000000000000000, -1.000000000000000000 ) ) ;
#3000 = ORIENTED_EDGE ( 'NONE', *, *, #6091, .T. ) ;
#3001 = AXIS2_PLACEMENT_3D ( 'NONE', #4492, #6218, #1085 ) ;
#3002 = CARTESIAN_POINT ( 'NONE',  ( -67.11904706659120734, 0.7508383620006993109, 9.068971372440667977 ) ) ;
#3003 = CARTESIAN_POINT ( 'NONE',  ( -71.30020535340770493, 0.3107680673900590218, 9.094692034823989246 ) ) ;
#3004 = SURFACE_STYLE_FILL_AREA ( #1316 ) ;
#3005 = CARTESIAN_POINT ( 'NONE',  ( -66.98440449857440626, 1.013994926057910195, -10.09999999999999964 ) ) ;
#3006 = VECTOR ( 'NONE', #4377, 1000.000000000000000 ) ;
#3007 = DIRECTION ( 'NONE',  ( 0.0000000000000000000, 0.0000000000000000000, 1.000000000000000000 ) ) ;
#3008 = CARTESIAN_POINT ( 'NONE',  ( -71.30020535340770493, 0.0000000000000000000, 1.309763523969001123E-14 ) ) ;
#3009 = ORIENTED_EDGE ( 'NONE', *, *, #2215, .T. ) ;
#3010 = ORIENTED_EDGE ( 'NONE', *, *, #6913, .F. ) ;
#3011 = VERTEX_POINT ( 'NONE', #3165 ) ;
#3012 = CARTESIAN_POINT ( 'NONE',  ( -66.82348332695623583, 1.121014632257738564, 9.030688024412327763 ) ) ;
#3013 = EDGE_CURVE ( 'NONE', #4891, #1543, #330, .T. ) ;
#3014 = VECTOR ( 'NONE', #2736, 1000.000000000000000 ) ;
#3015 = DIRECTION ( 'NONE',  ( -1.000000000000000000, -0.0000000000000000000, 1.836970198721029934E-16 ) ) ;
#3016 = ORIENTED_EDGE ( 'NONE', *, *, #509, .F. ) ;
#3017 = CARTESIAN_POINT ( 'NONE',  ( -67.36915619415364631, 0.2885766856451503215, 8.895320314440748888 ) ) ;
#3018 = DIRECTION ( 'NONE',  ( 0.0000000000000000000, 0.0000000000000000000, 1.000000000000000000 ) ) ;
#3019 = AXIS2_PLACEMENT_3D ( 'NONE', #4624, #4588, #7393 ) ;
#3020 = ORIENTED_EDGE ( 'NONE', *, *, #803, .T. ) ;
#3021 = VECTOR ( 'NONE', #6643, 1000.000000000000000 ) ;
#3022 = EDGE_LOOP ( 'NONE', ( #1288, #5767, #3063, #5866 ) ) ;
#3023 = AXIS2_PLACEMENT_3D ( 'NONE', #1567, #7208, #3691 ) ;
#3024 = DIRECTION ( 'NONE',  ( 0.0000000000000000000, 0.0000000000000000000, -1.000000000000000000 ) ) ;
#3025 = FACE_OUTER_BOUND ( 'NONE', #5434, .T. ) ;
#3026 = LINE ( 'NONE', #3682, #262 ) ;
#3027 = EDGE_LOOP ( 'NONE', ( #6169, #1098, #7159, #4351 ) ) ;
#3028 = CARTESIAN_POINT ( 'NONE',  ( -66.14221669977830231, -5.958416857762918184, 6.878027955432013840 ) ) ;
#3029 = ORIENTED_EDGE ( 'NONE', *, *, #1103, .F. ) ;
#3030 = ADVANCED_FACE ( 'NONE', ( #5528 ), #3867, .F. ) ;
#3031 = ORIENTED_EDGE ( 'NONE', *, *, #5454, .F. ) ;
#3032 = EDGE_CURVE ( 'NONE', #1418, #2259, #6693, .T. ) ;
#3033 = AXIS2_PLACEMENT_3D ( 'NONE', #2946, #3948, #29 ) ;
#3034 = CARTESIAN_POINT ( 'NONE',  ( -66.62984216101949642, 2.839685547767489826, -10.09999999999999964 ) ) ;
#3035 = AXIS2_PLACEMENT_3D ( 'NONE', #2500, #4826, #3687 ) ;
#3036 = CARTESIAN_POINT ( 'NONE',  ( -64.49325324590778052, -4.879406808352998226, 7.443210946802365946 ) ) ;
#3037 = EDGE_CURVE ( 'NONE', #1360, #5967, #1691, .T. ) ;
#3038 = CARTESIAN_POINT ( 'NONE',  ( -66.66776767670980064, 2.979238064815790121, -10.09999999999999964 ) ) ;
#3039 = ORIENTED_EDGE ( 'NONE', *, *, #126, .T. ) ;
#3040 = LINE ( 'NONE', #1249, #5094 ) ;
#3041 = DIRECTION ( 'NONE',  ( 1.000000000000000000, 0.0000000000000000000, -1.836970198721029934E-16 ) ) ;
#3042 = EDGE_CURVE ( 'NONE', #889, #5972, #1212, .T. ) ;
#3043 =( NAMED_UNIT ( * ) SI_UNIT ( $, .STERADIAN. ) SOLID_ANGLE_UNIT ( ) );
#3044 = AXIS2_PLACEMENT_3D ( 'NONE', #6968, #663, #2307 ) ;
#3045 = DIRECTION ( 'NONE',  ( -1.000000000000000000, -0.0000000000000000000, 1.836970198721029934E-16 ) ) ;
#3046 = EDGE_LOOP ( 'NONE', ( #2061, #6638, #7138, #3445 ) ) ;
#3047 = ORIENTED_EDGE ( 'NONE', *, *, #7239, .F. ) ;
#3048 = DIRECTION ( 'NONE',  ( 1.000000000000000000, 0.0000000000000000000, 0.0000000000000000000 ) ) ;
#3049 = PRESENTATION_STYLE_ASSIGNMENT (( #3705 ) ) ;
#3050 = CARTESIAN_POINT ( 'NONE',  ( -64.83655353275204902, -4.445811164572876173, 7.940229181503541511 ) ) ;
#3051 = B_SPLINE_CURVE_WITH_KNOTS ( 'NONE', 3,
 ( #4368, #6665, #2684, #7288 ),
 .UNSPECIFIED., .F., .F.,
 ( 4, 4 ),
 ( 1.816610445310738738E-16, 0.0003807503781115239281 ),
 .UNSPECIFIED. ) ;
#3052 = ORIENTED_EDGE ( 'NONE', *, *, #4262, .T. ) ;
#3053 = DIRECTION ( 'NONE',  ( 1.000000000000000000, 0.0000000000000000000, 6.123233995736789455E-17 ) ) ;
#3054 = EDGE_CURVE ( 'NONE', #2480, #7275, #2603, .T. ) ;
#3055 = ORIENTED_EDGE ( 'NONE', *, *, #5836, .F. ) ;
#3056 = B_SPLINE_CURVE_WITH_KNOTS ( 'NONE', 3,
 ( #1642, #1719, #6210, #563 ),
 .UNSPECIFIED., .F., .F.,
 ( 4, 4 ),
 ( 5.251472279398267334E-14, 0.0001214562754362933451 ),
 .UNSPECIFIED. ) ;
#3057 = FACE_OUTER_BOUND ( 'NONE', #1068, .T. ) ;
#3058 = ORIENTED_EDGE ( 'NONE', *, *, #6164, .T. ) ;
#3059 = CARTESIAN_POINT ( 'NONE',  ( -67.40789909149181369, 2.670951001018777138, 8.699196557737788993 ) ) ;
#3060 = AXIS2_PLACEMENT_3D ( 'NONE', #1046, #3884, #5022 ) ;
#3061 = DIRECTION ( 'NONE',  ( -0.0000000000000000000, -0.0000000000000000000, 1.000000000000000000 ) ) ;
#3062 = ORIENTED_EDGE ( 'NONE', *, *, #3981, .T. ) ;
#3063 = ORIENTED_EDGE ( 'NONE', *, *, #744, .F. ) ;
#3064 = AXIS2_PLACEMENT_3D ( 'NONE', #3926, #1767, #2367 ) ;
#3065 = CARTESIAN_POINT ( 'NONE',  ( -67.20919697746272448, 2.236328431689574625, 8.820931648392763336 ) ) ;
#3066 = FILL_AREA_STYLE_COLOUR ( '', #721 ) ;
#3067 = ORIENTED_EDGE ( 'NONE', *, *, #5953, .F. ) ;
#3068 = CARTESIAN_POINT ( 'NONE',  ( -67.04762754073337305, 3.158250808343406213, -10.09999999999999964 ) ) ;
#3069 = ADVANCED_FACE ( 'NONE', ( #2188 ), #7351, .F. ) ;
#3070 = EDGE_CURVE ( 'NONE', #2298, #208, #5716, .T. ) ;
#3071 = CARTESIAN_POINT ( 'NONE',  ( -65.51088012232689550, 0.2914789542904550612, 8.895752893788591464 ) ) ;
#3072 = CARTESIAN_POINT ( 'NONE',  ( -66.05602620072761511, 1.313938258008906290, 9.004749334548172612 ) ) ;
#3073 = CARTESIAN_POINT ( 'NONE',  ( -67.45735124020542628, -4.515195193691011966, 7.670026907020342399 ) ) ;
#3074 = LINE ( 'NONE', #5365, #1029 ) ;
#3075 = DIRECTION ( 'NONE',  ( 0.1054690620134550033, 0.9944225846982769346, 0.0000000000000000000 ) ) ;
#3076 = ORIENTED_EDGE ( 'NONE', *, *, #1030, .T. ) ;
#3077 = ORIENTED_EDGE ( 'NONE', *, *, #4223, .T. ) ;
#3078 = VERTEX_POINT ( 'NONE', #989 ) ;
#3079 = CYLINDRICAL_SURFACE ( 'NONE', #2817, 2.181581736284222917 ) ;
#3080 = B_SPLINE_CURVE_WITH_KNOTS ( 'NONE', 3,
 ( #2826, #5154, #207, #237 ),
 .UNSPECIFIED., .F., .F.,
 ( 4, 4 ),
 ( 0.0000000000000000000, 0.0001243138253221115160 ),
 .UNSPECIFIED. ) ;
#3081 = ADVANCED_FACE ( 'NONE', ( #2077 ), #948, .F. ) ;
#3082 = CARTESIAN_POINT ( 'NONE',  ( -64.65388574423880641, -0.3119339748407259361, 9.094652120633327286 ) ) ;
#3083 = ORIENTED_EDGE ( 'NONE', *, *, #126, .F. ) ;
#3084 = CARTESIAN_POINT ( 'NONE',  ( -71.80973495877130119, 1.612270057102940246, 8.752747298018466182 ) ) ;
#3085 = VERTEX_POINT ( 'NONE', #6803 ) ;
#3086 = CARTESIAN_POINT ( 'NONE',  ( -67.41189259971629610, 4.315353823343920148, 8.011723995455112046 ) ) ;
#3087 = CARTESIAN_POINT ( 'NONE',  ( -67.38398495847907554, 0.9490014457497722988, 8.849415658183309219 ) ) ;
#3088 = CARTESIAN_POINT ( 'NONE',  ( -66.86610434739330344, -5.320044708332342331, 7.135215477353182401 ) ) ;
#3089 = EDGE_LOOP ( 'NONE', ( #446, #6110 ) ) ;
#3090 = CARTESIAN_POINT ( 'NONE',  ( -67.42247593304999498, 2.932461895756296677, 8.403306644711246776 ) ) ;
#3091 = CARTESIAN_POINT ( 'NONE',  ( -71.80973495877130119, -0.2331160295301597796, 9.097013626282876686 ) ) ;
#3092 = VERTEX_POINT ( 'NONE', #2225 ) ;
#3093 = ORIENTED_EDGE ( 'NONE', *, *, #4402, .T. ) ;
#3094 = DIRECTION ( 'NONE',  ( -0.0000000000000000000, -0.0000000000000000000, -1.000000000000000000 ) ) ;
#3095 = CARTESIAN_POINT ( 'NONE',  ( -67.32912179291409416, 2.409718332485997649, 8.567712441299111248 ) ) ;
#3096 = FACE_OUTER_BOUND ( 'NONE', #950, .T. ) ;
#3097 = ORIENTED_EDGE ( 'NONE', *, *, #6465, .T. ) ;
#3098 = DIRECTION ( 'NONE',  ( 0.7028694631326012354, 0.7113188580346292422, -0.0000000000000000000 ) ) ;
#3099 = ORIENTED_EDGE ( 'NONE', *, *, #5349, .F. ) ;
#3100 = CARTESIAN_POINT ( 'NONE',  ( -71.80973495877130119, 0.3107680673900600210, 8.894572682725739199 ) ) ;
#3101 = CARTESIAN_POINT ( 'NONE',  ( -65.87401767640677974, -2.175596535957212918, 8.644684947082243553 ) ) ;
#3102 = CARTESIAN_POINT ( 'NONE',  ( -67.05308016664376680, -0.1225563723118103798, 9.099253872533475729 ) ) ;
#3103 = CARTESIAN_POINT ( 'NONE',  ( -65.99285779611270186, -5.958416857401521050, 6.611147294791846818 ) ) ;
#3104 = CARTESIAN_POINT ( 'NONE',  ( -65.15219588189360422, 2.609723154881194773, 8.508780468132735919 ) ) ;
#3105 = ORIENTED_EDGE ( 'NONE', *, *, #2766, .F. ) ;
#3106 = VECTOR ( 'NONE', #2223, 1000.000000000000000 ) ;
#3107 = CARTESIAN_POINT ( 'NONE',  ( -66.27688212924115874, -5.558095973591152372, 7.205384732847372575 ) ) ;
#3108 = EDGE_CURVE ( 'NONE', #4940, #5903, #6700, .T. ) ;
#3109 = ADVANCED_FACE ( 'NONE', ( #5075 ), #18, .F. ) ;
#3110 = CARTESIAN_POINT ( 'NONE',  ( -66.80599676638300366, -1.150937614440910250, 8.825267282505681266 ) ) ;
#3111 = FACE_OUTER_BOUND ( 'NONE', #6627, .T. ) ;
#3112 = AXIS2_PLACEMENT_3D ( 'NONE', #3208, #5498, #2652 ) ;
#3113 = AXIS2_PLACEMENT_3D ( 'NONE', #1566, #5468, #3176 ) ;
#3114 = CARTESIAN_POINT ( 'NONE',  ( -67.40789909148870152, 2.670951000997965785, 8.489759758100824172 ) ) ;
#3115 = ORIENTED_EDGE ( 'NONE', *, *, #1039, .T. ) ;
#3116 = FACE_OUTER_BOUND ( 'NONE', #4278, .T. ) ;
#3117 = CARTESIAN_POINT ( 'NONE',  ( -65.02898535289844517, -0.1533668688203878028, 9.098798210228594030 ) ) ;
#3118 = CARTESIAN_POINT ( 'NONE',  ( -64.95940743065268919, -0.1939808745329981710, 8.897885783730629328 ) ) ;
#3119 = ORIENTED_EDGE ( 'NONE', *, *, #481, .T. ) ;
#3120 = VERTEX_POINT ( 'NONE', #6318 ) ;
#3121 = ADVANCED_FACE ( 'NONE', ( #3416 ), #550, .T. ) ;
#3122 = AXIS2_PLACEMENT_3D ( 'NONE', #4654, #6434, #5343 ) ;
#3123 = DIRECTION ( 'NONE',  ( 0.0000000000000000000, 0.0000000000000000000, 1.000000000000000000 ) ) ;
#3124 = VECTOR ( 'NONE', #2740, 1000.000000000000000 ) ;
#3125 = CARTESIAN_POINT ( 'NONE',  ( -65.99285779611270186, -5.958416857401521050, -10.09999999999999964 ) ) ;
#3126 = VECTOR ( 'NONE', #2103, 1000.000000000000000 ) ;
#3127 = EDGE_CURVE ( 'NONE', #5170, #2618, #4016, .T. ) ;
#3128 = VECTOR ( 'NONE', #4420, 1000.000000000000000 ) ;
#3129 = ORIENTED_EDGE ( 'NONE', *, *, #3308, .T. ) ;
#3130 = CARTESIAN_POINT ( 'NONE',  ( -64.58769118798930720, -4.140252643377483999, 7.878600665035852657 ) ) ;
#3131 = DIRECTION ( 'NONE',  ( -1.000000000000000000, 0.0000000000000000000, 0.0000000000000000000 ) ) ;
#3132 = ORIENTED_EDGE ( 'NONE', *, *, #6569, .T. ) ;
#3133 = EDGE_CURVE ( 'NONE', #3668, #1290, #4587, .T. ) ;
#3134 = PRESENTATION_LAYER_ASSIGNMENT (  '', '', ( #1233 ) ) ;
#3135 = CARTESIAN_POINT ( 'NONE',  ( -66.92740785801377967, 2.418039996317578932, 8.772994577829448914 ) ) ;
#3136 = CARTESIAN_POINT ( 'NONE',  ( -64.52793426638299934, -2.622268958061370281, 8.504922428311026295 ) ) ;
#3137 = MECHANICAL_DESIGN_GEOMETRIC_PRESENTATION_REPRESENTATION (  '', ( #7242 ), #6863 ) ;
#3138 = CYLINDRICAL_SURFACE ( 'NONE', #3023, 0.6799142162667026756 ) ;
#3139 = ORIENTED_EDGE ( 'NONE', *, *, #7192, .F. ) ;
#3140 = ADVANCED_FACE ( 'NONE', ( #1776 ), #6199, .F. ) ;
#3141 = CARTESIAN_POINT ( 'NONE',  ( -64.72703323492987693, -3.925528009057386303, 8.209764299302760193 ) ) ;
#3142 = EDGE_LOOP ( 'NONE', ( #4333, #5367, #4815, #2472 ) ) ;
#3143 = B_SPLINE_CURVE_WITH_KNOTS ( 'NONE', 3,
 ( #3784, #3190, #1951, #2554 ),
 .UNSPECIFIED., .F., .F.,
 ( 4, 4 ),
 ( 3.395392329217486381E-15, 0.0002572786977760032094 ),
 .UNSPECIFIED. ) ;
#3144 = AXIS2_PLACEMENT_3D ( 'NONE', #1645, #2249, #6680 ) ;
#3145 = B_SPLINE_CURVE_WITH_KNOTS ( 'NONE', 3,
 ( #3398, #1082, #4525, #3882 ),
 .UNSPECIFIED., .F., .F.,
 ( 4, 4 ),
 ( 3.658052859264492744E-15, 0.0003772343874403826197 ),
 .UNSPECIFIED. ) ;
#3146 = CARTESIAN_POINT ( 'NONE',  ( -65.42536745600290260, 0.1977269100319557771, 8.898266060646687237 ) ) ;
#3147 = LINE ( 'NONE', #2013, #4440 ) ;
#3148 = FACE_OUTER_BOUND ( 'NONE', #7232, .T. ) ;
#3149 = DIRECTION ( 'NONE',  ( 0.0000000000000000000, 0.0000000000000000000, 1.000000000000000000 ) ) ;
#3150 = ORIENTED_EDGE ( 'NONE', *, *, #1151, .F. ) ;
#3151 = ORIENTED_EDGE ( 'NONE', *, *, #2274, .F. ) ;
#3152 = VERTEX_POINT ( 'NONE', #510 ) ;
#3153 = B_SPLINE_CURVE_WITH_KNOTS ( 'NONE', 3,
 ( #2546, #5257, #7034, #1875 ),
 .UNSPECIFIED., .F., .F.,
 ( 4, 4 ),
 ( 2.891194470157389123E-13, 0.0001821233832467830953 ),
 .UNSPECIFIED. ) ;
#3154 = CARTESIAN_POINT ( 'NONE',  ( -66.77867029611267924, -5.793217620988404981, 6.756376957798432059 ) ) ;
#3155 = CARTESIAN_POINT ( 'NONE',  ( -66.97725249243033829, -5.192034669314930184, 7.473471482024399926 ) ) ;
#3156 = EDGE_CURVE ( 'NONE', #4154, #6726, #3895, .T. ) ;
#3157 = DIRECTION ( 'NONE',  ( 0.0000000000000000000, 0.0000000000000000000, 1.000000000000000000 ) ) ;
#3158 = VERTEX_POINT ( 'NONE', #2267 ) ;
#3159 = FILL_AREA_STYLE_COLOUR ( '', #3744 ) ;
#3160 = CARTESIAN_POINT ( 'NONE',  ( -66.18332477835950556, 0.6437229556095529492, -10.09999999999999964 ) ) ;
#3161 = ORIENTED_EDGE ( 'NONE', *, *, #6800, .T. ) ;
#3162 = ORIENTED_EDGE ( 'NONE', *, *, #309, .F. ) ;
#3163 = CARTESIAN_POINT ( 'NONE',  ( -67.41864671158212730, -5.002816254292089759, 7.601436017345081453 ) ) ;
#3164 = FACE_OUTER_BOUND ( 'NONE', #2699, .T. ) ;
#3165 = CARTESIAN_POINT ( 'NONE',  ( -67.41189259971629610, -0.8175626144409082752, 9.063199841748430075 ) ) ;
#3166 = ADVANCED_FACE ( 'NONE', ( #5795 ), #3454, .T. ) ;
#3167 = EDGE_CURVE ( 'NONE', #5220, #6044, #6923, .T. ) ;
#3168 = ORIENTED_EDGE ( 'NONE', *, *, #6474, .F. ) ;
#3169 = LINE ( 'NONE', #3723, #5912 ) ;
#3170 = CARTESIAN_POINT ( 'NONE',  ( -67.24202186365930345, -3.953267897240288153, -10.09999999999999964 ) ) ;
#3171 = ORIENTED_EDGE ( 'NONE', *, *, #5811, .F. ) ;
#3172 = ORIENTED_EDGE ( 'NONE', *, *, #3625, .T. ) ;
#3173 = AXIS2_PLACEMENT_3D ( 'NONE', #7046, #1952, #4164 ) ;
#3174 = ADVANCED_FACE ( 'NONE', ( #7392 ), #2938, .F. ) ;
#3175 = LINE ( 'NONE', #3769, #3979 ) ;
#3176 = DIRECTION ( 'NONE',  ( 1.000000000000000000, -4.357835199126469771E-16, 0.0000000000000000000 ) ) ;
#3177 = DIRECTION ( 'NONE',  ( 0.0000000000000000000, 0.0000000000000000000, 1.000000000000000000 ) ) ;
#3178 = VERTEX_POINT ( 'NONE', #1063 ) ;
#3179 = CARTESIAN_POINT ( 'NONE',  ( 84.00000000000000000, 0.0000000000000000000, -1.543054966925670124E-14 ) ) ;
#3180 = ORIENTED_EDGE ( 'NONE', *, *, #622, .T. ) ;
#3181 = EDGE_CURVE ( 'NONE', #6205, #3996, #3337, .T. ) ;
#3182 = EDGE_CURVE ( 'NONE', #1962, #4876, #6782, .T. ) ;
#3183 = CARTESIAN_POINT ( 'NONE',  ( -66.62235942056270233, 3.730624809243124229, 8.080373662935388168 ) ) ;
#3184 = CARTESIAN_POINT ( 'NONE',  ( -66.62235942056268811, 1.508124961853037904, 8.974160634813484805 ) ) ;
#3185 = DIRECTION ( 'NONE',  ( -0.0000000000000000000, -0.0000000000000000000, -1.000000000000000000 ) ) ;
#3186 = CARTESIAN_POINT ( 'NONE',  ( -66.44449332371719663, -4.573199232142330928, -10.09999999999999964 ) ) ;
#3187 = ORIENTED_EDGE ( 'NONE', *, *, #4776, .T. ) ;
#3188 = ORIENTED_EDGE ( 'NONE', *, *, #4825, .T. ) ;
#3189 = ORIENTED_EDGE ( 'NONE', *, *, #3032, .F. ) ;
#3190 = CARTESIAN_POINT ( 'NONE',  ( -66.72342864050850153, 0.1079952505499251203, 9.099405215769843736 ) ) ;
#3191 = DIRECTION ( 'NONE',  ( 1.000000000000000000, 0.0000000000000000000, -1.836970198721029934E-16 ) ) ;
#3192 = CARTESIAN_POINT ( 'NONE',  ( -71.30020535340770493, -1.524902822846710304, 8.768390466948559947 ) ) ;
#3193 = CARTESIAN_POINT ( 'NONE',  ( -67.19247447135379048, 3.497977513614050071, 8.183773781957237148 ) ) ;
#3194 = ORIENTED_EDGE ( 'NONE', *, *, #2006, .T. ) ;
#3195 = CARTESIAN_POINT ( 'NONE',  ( -66.58903843304969428, 1.965853975931816766, -10.09999999999999964 ) ) ;
#3196 = CARTESIAN_POINT ( 'NONE',  ( -66.96605320176560383, -0.1605121025116209299, 8.898552458964745782 ) ) ;
#3197 = VERTEX_POINT ( 'NONE', #724 ) ;
#3198 = ORIENTED_EDGE ( 'NONE', *, *, #3548, .T. ) ;
#3199 = DIRECTION ( 'NONE',  ( 1.000000000000000000, 0.0000000000000000000, 0.0000000000000000000 ) ) ;
#3200 = DIRECTION ( 'NONE',  ( -0.0000000000000000000, -0.0000000000000000000, -1.000000000000000000 ) ) ;
#3201 = CARTESIAN_POINT ( 'NONE',  ( -67.12878843304969223, 0.6361575314810319348, 9.077736700033780082 ) ) ;
#3202 = ORIENTED_EDGE ( 'NONE', *, *, #5697, .T. ) ;
#3203 = VERTEX_POINT ( 'NONE', #1365 ) ;
#3204 = ORIENTED_EDGE ( 'NONE', *, *, #6775, .T. ) ;
#3205 = ADVANCED_FACE ( 'NONE', ( #4771 ), #6965, .T. ) ;
#3206 = EDGE_CURVE ( 'NONE', #1524, #4283, #4244, .T. ) ;
#3207 = SURFACE_SIDE_STYLE ('',( #7294 ) ) ;
#3208 = CARTESIAN_POINT ( 'NONE',  ( -84.00000000000000000, 0.0000000000000000000, 1.543054966925670124E-14 ) ) ;
#3209 = FACE_OUTER_BOUND ( 'NONE', #264, .T. ) ;
#3210 = CARTESIAN_POINT ( 'NONE',  ( -64.52793426638299934, 0.0000000000000000000, 1.185358922323756280E-14 ) ) ;
#3211 = CARTESIAN_POINT ( 'NONE',  ( -71.80973495877130119, 0.0000000000000000000, 1.319123430973191232E-14 ) ) ;
#3212 = CARTESIAN_POINT ( 'NONE',  ( -65.26274932882988367, 0.03430309036182371818, 9.100000000000012079 ) ) ;
#3213 = EDGE_CURVE ( 'NONE', #2044, #4856, #4452, .T. ) ;
#3214 =( NAMED_UNIT ( * ) SI_UNIT ( $, .STERADIAN. ) SOLID_ANGLE_UNIT ( ) );
#3215 = CARTESIAN_POINT ( 'NONE',  ( -67.40675155066885793, 3.063003180515556867, 8.569014617571369286 ) ) ;
#3216 = EDGE_CURVE ( 'NONE', #2330, #343, #2415, .T. ) ;
#3217 = CARTESIAN_POINT ( 'NONE',  ( -64.90127314851503115, 2.393405189058453786, 8.779635319419160311 ) ) ;
#3218 = CARTESIAN_POINT ( 'NONE',  ( -64.89376726955985930, -5.623979628359818683, 7.154079475361866614 ) ) ;
#3219 = ORIENTED_EDGE ( 'NONE', *, *, #1364, .F. ) ;
#3220 = ORIENTED_EDGE ( 'NONE', *, *, #6162, .T. ) ;
#3221 = ORIENTED_EDGE ( 'NONE', *, *, #1030, .F. ) ;
#3222 = DIRECTION ( 'NONE',  ( 0.0000000000000000000, 0.0000000000000000000, 1.000000000000000000 ) ) ;
#3223 =( GEOMETRIC_REPRESENTATION_CONTEXT ( 3 ) GLOBAL_UNCERTAINTY_ASSIGNED_CONTEXT ( ( #2048 ) ) GLOBAL_UNIT_ASSIGNED_CONTEXT ( ( #1974, #7102, #927 ) ) REPRESENTATION_CONTEXT ( 'NONE', 'WORKASPACE' ) );
#3224 = DIRECTION ( 'NONE',  ( 1.000000000000000000, 0.0000000000000000000, -1.836970198721029934E-16 ) ) ;
#3225 = CARTESIAN_POINT ( 'NONE',  ( -66.98421006156466717, 2.473063153743310760, 8.549500490531443120 ) ) ;
#3226 = ORIENTED_EDGE ( 'NONE', *, *, #1969, .T. ) ;
#3227 = CARTESIAN_POINT ( 'NONE',  ( -66.48269558781549904, 0.9477565266124450272, -10.09999999999999964 ) ) ;
#3228 = CYLINDRICAL_SURFACE ( 'NONE', #3721, 0.7776440986516780507 ) ;
#3229 = DIRECTION ( 'NONE',  ( 0.0000000000000000000, 0.0000000000000000000, -1.000000000000000000 ) ) ;
#3230 = ORIENTED_EDGE ( 'NONE', *, *, #1725, .F. ) ;
#3231 = B_SPLINE_CURVE_WITH_KNOTS ( 'NONE', 3,
 ( #5069, #3297, #1479, #3749 ),
 .UNSPECIFIED., .F., .F.,
 ( 4, 4 ),
 ( 0.0000000000000000000, 0.0002219749604284718049 ),
 .UNSPECIFIED. ) ;
#3232 = ORIENTED_EDGE ( 'NONE', *, *, #786, .F. ) ;
#3233 = ADVANCED_FACE ( 'NONE', ( #6504 ), #2454, .T. ) ;
#3234 = AXIS2_PLACEMENT_3D ( 'NONE', #1031, #3274, #3797 ) ;
#3235 = CARTESIAN_POINT ( 'NONE',  ( -65.12795968854923956, -2.656416781107562297, 8.494318682805014120 ) ) ;
#3236 = FILL_AREA_STYLE ('',( #2189 ) ) ;
#3237 = VERTEX_POINT ( 'NONE', #171 ) ;
#3238 = CARTESIAN_POINT ( 'NONE',  ( -64.67012716743705880, -5.385283857217782355, 7.335442575413548383 ) ) ;
#3239 = CARTESIAN_POINT ( 'NONE',  ( -66.35511311516326316, 3.315218884573525759, 8.259569986671186470 ) ) ;
#3240 = AXIS2_PLACEMENT_3D ( 'NONE', #456, #6872, #1053 ) ;
#3241 = VERTEX_POINT ( 'NONE', #2975 ) ;
#3242 =( GEOMETRIC_REPRESENTATION_CONTEXT ( 3 ) GLOBAL_UNCERTAINTY_ASSIGNED_CONTEXT ( ( #6019 ) ) GLOBAL_UNIT_ASSIGNED_CONTEXT ( ( #3519, #6417, #3806 ) ) REPRESENTATION_CONTEXT ( 'NONE', 'WORKASPACE' ) );
#3243 = ORIENTED_EDGE ( 'NONE', *, *, #6474, .T. ) ;
#3244 = VECTOR ( 'NONE', #1777, 1000.000000000000000 ) ;
#3245 =( NAMED_UNIT ( * ) PLANE_ANGLE_UNIT ( ) SI_UNIT ( $, .RADIAN. ) );
#3246 = CYLINDRICAL_SURFACE ( 'NONE', #4433, 8.900000000000000355 ) ;
#3247 = CARTESIAN_POINT ( 'NONE',  ( -64.67012716743705880, -5.385283857217782355, 7.335442575413548383 ) ) ;
#3248 = UNCERTAINTY_MEASURE_WITH_UNIT (LENGTH_MEASURE( 1.000000000000000082E-05 ), #5098, 'distance_accuracy_value', 'NONE');
#3249 = EDGE_CURVE ( 'NONE', #2687, #1197, #693, .T. ) ;
#3250 = FACE_OUTER_BOUND ( 'NONE', #6585, .T. ) ;
#3251 = PRESENTATION_LAYER_ASSIGNMENT (  '', '', ( #6495 ) ) ;
#3252 = PLANE ( 'NONE',  #7330 ) ;
#3253 = ORIENTED_EDGE ( 'NONE', *, *, #2108, .F. ) ;
#3254 = PRODUCT_CONTEXT ( 'NONE', #2212, 'mechanical' ) ;
#3255 = B_SPLINE_CURVE_WITH_KNOTS ( 'NONE', 3,
 ( #2164, #3212, #964, #5506 ),
 .UNSPECIFIED., .F., .F.,
 ( 4, 4 ),
 ( 8.737921274002296331E-05, 0.0002426007623254462461 ),
 .UNSPECIFIED. ) ;
#3256 = AXIS2_PLACEMENT_3D ( 'NONE', #245, #2422, #3024 ) ;
#3257 = EDGE_CURVE ( 'NONE', #7223, #4716, #1954, .T. ) ;
#3258 = CARTESIAN_POINT ( 'NONE',  ( -64.57019099715435573, 1.901097480910316273, 8.694586247915488286 ) ) ;
#3259 = CARTESIAN_POINT ( 'NONE',  ( -64.52793426638299934, 0.0000000000000000000, 1.185358922323756280E-14 ) ) ;
#3260 = ORIENTED_EDGE ( 'NONE', *, *, #5130, .F. ) ;
#3261 = CARTESIAN_POINT ( 'NONE',  ( -67.06584126280557712, 3.130178814628375328, 8.331439380769314340 ) ) ;
#3262 = CIRCLE ( 'NONE', #42, 8.900000000000000355 ) ;
#3263 = CARTESIAN_POINT ( 'NONE',  ( -67.36497556754837035, 3.223715188531302012, -10.09999999999999964 ) ) ;
#3264 = DIRECTION ( 'NONE',  ( 0.0000000000000000000, 0.0000000000000000000, 1.000000000000000000 ) ) ;
#3265 = B_SPLINE_CURVE_WITH_KNOTS ( 'NONE', 3,
 ( #5486, #2633, #4924, #7231 ),
 .UNSPECIFIED., .F., .F.,
 ( 4, 4 ),
 ( 0.0000000000000000000, 0.0001931742837382858006 ),
 .UNSPECIFIED. ) ;
#3266 = VECTOR ( 'NONE', #3954, 1000.000000000000000 ) ;
#3267 = VERTEX_POINT ( 'NONE', #3082 ) ;
#3268 = PLANE ( 'NONE',  #4718 ) ;
#3269 = CARTESIAN_POINT ( 'NONE',  ( -70.10428868674109992, 1.114428587224093240E-15, 9.100000000000012079 ) ) ;
#3270 = CARTESIAN_POINT ( 'NONE',  ( -67.42247593304969655, 2.866222803019701004, 8.636826201993999419 ) ) ;
#3271 = ORIENTED_EDGE ( 'NONE', *, *, #294, .T. ) ;
#3272 = VERTEX_POINT ( 'NONE', #130 ) ;
#3273 = AXIS2_PLACEMENT_3D ( 'NONE', #597, #4634, #6936 ) ;
#3274 = DIRECTION ( 'NONE',  ( -0.5417230815015500189, -0.8405570194629660152, 0.0000000000000000000 ) ) ;
#3275 = EDGE_CURVE ( 'NONE', #6264, #6982, #7156, .T. ) ;
#3276 = CARTESIAN_POINT ( 'NONE',  ( -67.24202186365928924, -3.953267897240292150, 7.973811694080159107 ) ) ;
#3277 = ORIENTED_EDGE ( 'NONE', *, *, #6607, .T. ) ;
#3278 = CARTESIAN_POINT ( 'NONE',  ( -64.52793426638076824, -0.3201458714802321581, 8.894240081140962317 ) ) ;
#3279 = AXIS2_PLACEMENT_3D ( 'NONE', #3227, #5522, #392 ) ;
#3280 = ORIENTED_EDGE ( 'NONE', *, *, #5088, .F. ) ;
#3281 = DIRECTION ( 'NONE',  ( -1.000000000000000000, -0.0000000000000000000, 1.836970198721029934E-16 ) ) ;
#3282 = LINE ( 'NONE', #2689, #2067 ) ;
#3283 = PRODUCT_DEFINITION_SHAPE ( 'NONE', 'NONE',  #4215 ) ;
#3284 = DIRECTION ( 'NONE',  ( 1.000000000000000000, 0.0000000000000000000, 6.123233995736759873E-17 ) ) ;
#3285 = FACE_OUTER_BOUND ( 'NONE', #4831, .T. ) ;
#3286 = DIRECTION ( 'NONE',  ( 0.0000000000000000000, 0.0000000000000000000, -1.000000000000000000 ) ) ;
#3287 = CARTESIAN_POINT ( 'NONE',  ( -66.97725249243033829, -5.192034669314930184, 7.473471482024399926 ) ) ;
#3288 = AXIS2_PLACEMENT_3D ( 'NONE', #2858, #5108, #3936 ) ;
#3289 = ORIENTED_EDGE ( 'NONE', *, *, #112, .F. ) ;
#3290 = ORIENTED_EDGE ( 'NONE', *, *, #6800, .F. ) ;
#3291 = ADVANCED_FACE ( 'NONE', ( #5309 ), #7048, .T. ) ;
#3292 = FACE_OUTER_BOUND ( 'NONE', #4839, .T. ) ;
#3293 = ADVANCED_FACE ( 'NONE', ( #4165 ), #1889, .F. ) ;
#3294 = AXIS2_PLACEMENT_3D ( 'NONE', #4081, #5582, #2729 ) ;
#3295 = DIRECTION ( 'NONE',  ( 0.0000000000000000000, 0.0000000000000000000, 1.000000000000000000 ) ) ;
#3296 = ORIENTED_EDGE ( 'NONE', *, *, #5596, .F. ) ;
#3297 = CARTESIAN_POINT ( 'NONE',  ( -64.50053454886486293, -4.941668560329681270, 7.641685196704854910 ) ) ;
#3298 = CARTESIAN_POINT ( 'NONE',  ( -66.55199676638301298, 0.09260412851970334369, 8.899518215913786889 ) ) ;
#3299 = ORIENTED_EDGE ( 'NONE', *, *, #5063, .F. ) ;
#3300 = ORIENTED_EDGE ( 'NONE', *, *, #5010, .T. ) ;
#3301 = CARTESIAN_POINT ( 'NONE',  ( -67.03712100003251351, -4.259610585749410205, 7.814558427200527291 ) ) ;
#3302 = EDGE_CURVE ( 'NONE', #6582, #1962, #6429, .T. ) ;
#3303 = CARTESIAN_POINT ( 'NONE',  ( -66.98440449857443468, 1.013994926058642276, 8.842048082312578217 ) ) ;
#3304 = ORIENTED_EDGE ( 'NONE', *, *, #2899, .T. ) ;
#3305 = DIRECTION ( 'NONE',  ( -0.0000000000000000000, -0.0000000000000000000, -1.000000000000000000 ) ) ;
#3306 = CARTESIAN_POINT ( 'NONE',  ( -67.30140059495610672, 2.362104030159545509, -10.09999999999999964 ) ) ;
#3307 = ORIENTED_EDGE ( 'NONE', *, *, #4639, .T. ) ;
#3308 = EDGE_CURVE ( 'NONE', #7267, #593, #6464, .T. ) ;
#3309 = VERTEX_POINT ( 'NONE', #1326 ) ;
#3310 = CYLINDRICAL_SURFACE ( 'NONE', #2301, 3.200000000000000178 ) ;
#3311 = DIRECTION ( 'NONE',  ( 0.0000000000000000000, 0.0000000000000000000, -1.000000000000000000 ) ) ;
#3312 = LINE ( 'NONE', #5119, #988 ) ;
#3313 = DIRECTION ( 'NONE',  ( 0.0000000000000000000, 0.0000000000000000000, -1.000000000000000000 ) ) ;
#3314 = CARTESIAN_POINT ( 'NONE',  ( -65.03834297262429232, -5.286510799006377326, 7.160108218769567934 ) ) ;
#3315 = LINE ( 'NONE', #445, #848 ) ;
#3316 = CARTESIAN_POINT ( 'NONE',  ( -67.07058009971629531, 6.103937156677250009, -10.09999999999999964 ) ) ;
#3317 = B_SPLINE_CURVE_WITH_KNOTS ( 'NONE', 3,
 ( #3556, #6488, #5882, #258 ),
 .UNSPECIFIED., .F., .F.,
 ( 4, 4 ),
 ( 5.994092230849578675E-15, 0.0002426007815222849990 ),
 .UNSPECIFIED. ) ;
#3318 = CARTESIAN_POINT ( 'NONE',  ( -67.04762754073337305, 0.9357509609313319210, 8.850670603921281909 ) ) ;
#3319 = SURFACE_SIDE_STYLE ('',( #6182 ) ) ;
#3320 = CARTESIAN_POINT ( 'NONE',  ( -67.12878843304970644, 2.858657379011589228, 8.428408983279275901 ) ) ;
#3321 = CARTESIAN_POINT ( 'NONE',  ( -66.26901003214790364, -4.626791252969930213, -10.09999999999999964 ) ) ;
#3322 = DIRECTION ( 'NONE',  ( 0.0000000000000000000, 0.0000000000000000000, 1.000000000000000000 ) ) ;
#3323 = ORIENTED_EDGE ( 'NONE', *, *, #4531, .T. ) ;
#3324 = DIRECTION ( 'NONE',  ( 1.000000000000000000, 0.0000000000000000000, -1.836970198721029934E-16 ) ) ;
#3325 = CARTESIAN_POINT ( 'NONE',  ( 106.3000000000000114, 0.2000000000000002054, -1.956373261637893045E-14 ) ) ;
#3326 = CARTESIAN_POINT ( 'NONE',  ( -66.56428128300056812, 2.199278533537906810, 8.624822496795003346 ) ) ;
#3327 = CYLINDRICAL_SURFACE ( 'NONE', #4805, 0.7776440986516780507 ) ;
#3328 = EDGE_CURVE ( 'NONE', #5599, #2687, #5865, .T. ) ;
#3329 = DIRECTION ( 'NONE',  ( -1.000000000000000000, 0.0000000000000000000, 0.0000000000000000000 ) ) ;
#3330 = EDGE_CURVE ( 'NONE', #2564, #1524, #5520, .T. ) ;
#3331 = CARTESIAN_POINT ( 'NONE',  ( -66.28224579181338072, 1.439932750988900612, 8.782744085570850956 ) ) ;
#3332 = VERTEX_POINT ( 'NONE', #3225 ) ;
#3333 = ORIENTED_EDGE ( 'NONE', *, *, #5845, .T. ) ;
#3334 = CARTESIAN_POINT ( 'NONE',  ( -67.05532099832460347, -4.294521189878503620, 7.795324737566079243 ) ) ;
#3335 = B_SPLINE_CURVE_WITH_KNOTS ( 'NONE', 3,
 ( #1048, #5097, #4389, #2845 ),
 .UNSPECIFIED., .F., .F.,
 ( 4, 4 ),
 ( 0.0000000000000000000, 1.000000000000000000 ),
 .UNSPECIFIED. ) ;
#3336 = MECHANICAL_DESIGN_GEOMETRIC_PRESENTATION_REPRESENTATION (  '', ( #603 ), #365 ) ;
#3337 = LINE ( 'NONE', #5632, #723 ) ;
#3338 = CARTESIAN_POINT ( 'NONE',  ( -66.12380674298970007, 1.357539330574920822, 8.795856238362608437 ) ) ;
#3339 = ORIENTED_EDGE ( 'NONE', *, *, #4300, .T. ) ;
#3340 = EDGE_CURVE ( 'NONE', #4968, #3267, #5703, .T. ) ;
#3341 = CARTESIAN_POINT ( 'NONE',  ( -64.54199025848970450, -4.258133028706225787, 8.042282207796574767 ) ) ;
#3342 = ORIENTED_EDGE ( 'NONE', *, *, #3569, .T. ) ;
#3343 = ORIENTED_EDGE ( 'NONE', *, *, #5244, .T. ) ;
#3344 = CIRCLE ( 'NONE', #3946, 8.900000000000000355 ) ;
#3345 = EDGE_CURVE ( 'NONE', #7275, #5008, #3593, .T. ) ;
#3346 = CARTESIAN_POINT ( 'NONE',  ( -103.2999999999999972, -3.200000000000000178, -6.129357229732503158E-15 ) ) ;
#3347 = LINE ( 'NONE', #522, #251 ) ;
#3348 = CARTESIAN_POINT ( 'NONE',  ( -67.41189259971629610, 4.315353823343920148, 7.783811494335610703 ) ) ;
#3349 = VECTOR ( 'NONE', #4518, 1000.000000000000000 ) ;
#3350 = CARTESIAN_POINT ( 'NONE',  ( 98.70000000000001705, 1.083812417245407678E-15, 8.849999999999983658 ) ) ;
#3351 = AXIS2_PLACEMENT_3D ( 'NONE', #4310, #6530, #6604 ) ;
#3352 = CARTESIAN_POINT ( 'NONE',  ( -84.00000000000000000, 1.114428587224091465E-15, 9.100000000000015632 ) ) ;
#3353 = ADVANCED_FACE ( 'NONE', ( #7272 ), #5484, .T. ) ;
#3354 = CARTESIAN_POINT ( 'NONE',  ( 84.00000000000000000, 0.0000000000000000000, -1.543054966925660342E-14 ) ) ;
#3355 = EDGE_LOOP ( 'NONE', ( #4581, #6456, #547, #4423 ) ) ;
#3356 = ORIENTED_EDGE ( 'NONE', *, *, #4262, .F. ) ;
#3357 = CARTESIAN_POINT ( 'NONE',  ( -66.54906158098590652, -5.493204909905269773, -10.09999999999999964 ) ) ;
#3358 = COLOUR_RGB ( '',1.000000000000000000, 0.5999999999999999778, 0.2000000000000000111 ) ;
#3359 = AXIS2_PLACEMENT_3D ( 'NONE', #3160, #2562, #4848 ) ;
#3360 = DIRECTION ( 'NONE',  ( 0.0000000000000000000, 0.0000000000000000000, 1.000000000000000000 ) ) ;
#3361 = ADVANCED_FACE ( 'NONE', ( #940 ), #4355, .F. ) ;
#3362 = VECTOR ( 'NONE', #4655, 1000.000000000000000 ) ;
#3363 = CIRCLE ( 'NONE', #7206, 8.900000000000000355 ) ;
#3364 = CARTESIAN_POINT ( 'NONE',  ( -66.63283757446089339, 3.730569328873804658, 8.300171834514406655 ) ) ;
#3365 = CARTESIAN_POINT ( 'NONE',  ( -67.20919697744950838, 2.236328431675046691, 8.614455011530447237 ) ) ;
#3366 = CARTESIAN_POINT ( 'NONE',  ( -67.20919697746613508, 2.236328431693325847, -10.09999999999999964 ) ) ;
#3367 = ORIENTED_EDGE ( 'NONE', *, *, #1381, .T. ) ;
#3368 = FACE_OUTER_BOUND ( 'NONE', #6284, .T. ) ;
#3369 = CARTESIAN_POINT ( 'NONE',  ( -67.36915619406123312, 2.511076532784363824, 8.538412888031350789 ) ) ;
#3370 = DIRECTION ( 'NONE',  ( -1.000000000000000000, 9.283448049266210329E-17, 0.0000000000000000000 ) ) ;
#3371 = SURFACE_STYLE_USAGE ( .BOTH. , #7273 ) ;
#3372 = DIRECTION ( 'NONE',  ( -0.0000000000000000000, -0.0000000000000000000, -1.000000000000000000 ) ) ;
#3373 = CARTESIAN_POINT ( 'NONE',  ( -67.12878843304969223, 0.6361575314810319348, 9.077736700033780082 ) ) ;
#3374 = ORIENTED_EDGE ( 'NONE', *, *, #3439, .T. ) ;
#3375 = ORIENTED_EDGE ( 'NONE', *, *, #4691, .T. ) ;
#3376 = CARTESIAN_POINT ( 'NONE',  ( -67.12706081969980687, -4.521341510183826351, 7.665994452664886438 ) ) ;
#3377 = CARTESIAN_POINT ( 'NONE',  ( -65.22031226200738274, 2.217222713594231287, 8.825911834930543876 ) ) ;
#3378 = CARTESIAN_POINT ( 'NONE',  ( -67.19247447135379048, 3.497977513614050071, 8.183773781957237148 ) ) ;
#3379 = DIRECTION ( 'NONE',  ( 0.0000000000000000000, 0.0000000000000000000, -1.000000000000000000 ) ) ;
#3380 = ORIENTED_EDGE ( 'NONE', *, *, #4271, .T. ) ;
#3381 = B_SPLINE_CURVE_WITH_KNOTS ( 'NONE', 3,
 ( #5164, #1753, #594, #1154 ),
 .UNSPECIFIED., .F., .F.,
 ( 4, 4 ),
 ( 1.904866274563433733E-13, 0.0002055246122212992161 ),
 .UNSPECIFIED. ) ;
#3382 = DIRECTION ( 'NONE',  ( 0.0000000000000000000, 0.0000000000000000000, 1.000000000000000000 ) ) ;
#3383 = DIRECTION ( 'NONE',  ( 0.0000000000000000000, 0.0000000000000000000, 1.000000000000000000 ) ) ;
#3384 = VERTEX_POINT ( 'NONE', #6118 ) ;
#3385 = ORIENTED_EDGE ( 'NONE', *, *, #1396, .T. ) ;
#3386 = EDGE_CURVE ( 'NONE', #3493, #5562, #902, .T. ) ;
#3387 = CYLINDRICAL_SURFACE ( 'NONE', #3617, 1.357491653618647653 ) ;
#3388 = CARTESIAN_POINT ( 'NONE',  ( -66.12919600545353660, 0.9463059521164199905, 8.849709107933561469 ) ) ;
#3389 = DIRECTION ( 'NONE',  ( 0.0000000000000000000, 0.0000000000000000000, 1.000000000000000000 ) ) ;
#3390 = AXIS2_PLACEMENT_3D ( 'NONE', #5103, #53, #6312 ) ;
#3391 = CARTESIAN_POINT ( 'NONE',  ( -65.64059131676330594, 3.152957319488982169, 8.323738977797017213 ) ) ;
#3392 = DIRECTION ( 'NONE',  ( 0.0000000000000000000, 0.0000000000000000000, 1.000000000000000000 ) ) ;
#3393 = DIRECTION ( 'NONE',  ( 0.0000000000000000000, 0.0000000000000000000, 1.000000000000000000 ) ) ;
#3394 = VERTEX_POINT ( 'NONE', #978 ) ;
#3395 = ORIENTED_EDGE ( 'NONE', *, *, #6667, .T. ) ;
#3396 = CARTESIAN_POINT ( 'NONE',  ( -65.44359930859961594, -3.511021024068190055, -10.09999999999999964 ) ) ;
#3397 = EDGE_CURVE ( 'NONE', #1407, #4766, #2102, .T. ) ;
#3398 = CARTESIAN_POINT ( 'NONE',  ( -64.89376726969963727, -5.623979628468349645, 6.897887585237466368 ) ) ;
#3399 = B_SPLINE_CURVE_WITH_KNOTS ( 'NONE', 3,
 ( #3503, #4099, #6400, #3537 ),
 .UNSPECIFIED., .F., .F.,
 ( 4, 4 ),
 ( 1.660845916451394328E-13, 0.0001754676138184750849 ),
 .UNSPECIFIED. ) ;
#3400 = DIRECTION ( 'NONE',  ( -1.000000000000000000, 0.0000000000000000000, 0.0000000000000000000 ) ) ;
#3401 = CARTESIAN_POINT ( 'NONE',  ( -66.56512080220434768, 3.730624809265144837, 8.300146898247984240 ) ) ;
#3402 = CARTESIAN_POINT ( 'NONE',  ( -65.35207002812609289, -5.477102530133649338, 7.015080033356978717 ) ) ;
#3403 = ADVANCED_FACE ( 'NONE', ( #5556 ), #1475, .T. ) ;
#3404 = LINE ( 'NONE', #3366, #5748 ) ;
#3405 = CARTESIAN_POINT ( 'NONE',  ( -66.63283757446089339, 3.730569329631984399, 8.080399277066039332 ) ) ;
#3406 = DIRECTION ( 'NONE',  ( -1.000000000000000000, 0.0000000000000000000, 0.0000000000000000000 ) ) ;
#3407 = AXIS2_PLACEMENT_3D ( 'NONE', #169, #1292, #2974 ) ;
#3408 = DIRECTION ( 'NONE',  ( -0.0000000000000000000, -0.0000000000000000000, -1.000000000000000000 ) ) ;
#3409 = VERTEX_POINT ( 'NONE', #3192 ) ;
#3410 = LINE ( 'NONE', #544, #4113 ) ;
#3411 = CARTESIAN_POINT ( 'NONE',  ( -67.24452156476846199, 2.275175898885185788, 8.811082836628719051 ) ) ;
#3412 = ORIENTED_EDGE ( 'NONE', *, *, #6287, .T. ) ;
#3413 = ORIENTED_EDGE ( 'NONE', *, *, #2361, .F. ) ;
#3414 = CARTESIAN_POINT ( 'NONE',  ( -65.54008956189940704, -3.876146024068183760, 8.233194519753594065 ) ) ;
#3415 = FACE_OUTER_BOUND ( 'NONE', #1670, .T. ) ;
#3416 = FACE_OUTER_BOUND ( 'NONE', #1557, .T. ) ;
#3417 = FACE_OUTER_BOUND ( 'NONE', #7414, .T. ) ;
#3418 = VERTEX_POINT ( 'NONE', #7309 ) ;
#3419 = B_SPLINE_CURVE_WITH_KNOTS ( 'NONE', 3,
 ( #6865, #605, #1685, #492 ),
 .UNSPECIFIED., .F., .F.,
 ( 4, 4 ),
 ( 1.939479807224432123E-18, 0.0001530024670660750079 ),
 .UNSPECIFIED. ) ;
#3420 = FACE_OUTER_BOUND ( 'NONE', #759, .T. ) ;
#3421 = CARTESIAN_POINT ( 'NONE',  ( -64.49325324595476161, -4.879406808754954916, -10.09999999999999964 ) ) ;
#3422 = ORIENTED_EDGE ( 'NONE', *, *, #519, .F. ) ;
#3423 = ORIENTED_EDGE ( 'NONE', *, *, #3901, .F. ) ;
#3424 = CARTESIAN_POINT ( 'NONE',  ( -64.89941624182726798, -3.749525914764695766, 8.071930566021823239 ) ) ;
#3425 = CARTESIAN_POINT ( 'NONE',  ( -64.69497239163979430, 1.917193863687690847, 8.691053661182802870 ) ) ;
#3426 = CARTESIAN_POINT ( 'NONE',  ( -64.48030926638303129, -4.732202345381088193, 7.538168852620888316 ) ) ;
#3427 = CARTESIAN_POINT ( 'NONE',  ( -67.12878843305381338, 0.6745398799306971949, 8.874484589008028834 ) ) ;
#3428 = LINE ( 'NONE', #3580, #4108 ) ;
#3429 = CARTESIAN_POINT ( 'NONE',  ( -98.70000000000001705, 3.918869757271531446E-16, 3.199999999999994404 ) ) ;
#3430 = VERTEX_POINT ( 'NONE', #1513 ) ;
#3431 = EDGE_CURVE ( 'NONE', #3872, #1380, #3637, .T. ) ;
#3432 = ORIENTED_EDGE ( 'NONE', *, *, #6567, .T. ) ;
#3433 = EDGE_CURVE ( 'NONE', #529, #4172, #6154, .T. ) ;
#3434 = CARTESIAN_POINT ( 'NONE',  ( -64.99610664939842763, 0.2396966678249097260, 9.096879217384348237 ) ) ;
#3435 = DIRECTION ( 'NONE',  ( -1.000000000000000000, -0.0000000000000000000, 1.836970198721029934E-16 ) ) ;
#3436 = CARTESIAN_POINT ( 'NONE',  ( -66.12380674298736949, 1.357539330573436676, 8.998171312324879878 ) ) ;
#3437 = CARTESIAN_POINT ( 'NONE',  ( -66.94076318105084056, 1.444926967125847783, 8.781923824520040611 ) ) ;
#3438 = CARTESIAN_POINT ( 'NONE',  ( -61.49874387393369801, 3.865222122505609814, -10.09999999999999964 ) ) ;
#3439 = EDGE_CURVE ( 'NONE', #3584, #1874, #279, .T. ) ;
#3440 = CARTESIAN_POINT ( 'NONE',  ( -66.98318744662110191, 3.237712267986305292, 8.504541096951156121 ) ) ;
#3441 = EDGE_LOOP ( 'NONE', ( #3822, #1438, #4148, #2128 ) ) ;
#3442 = CARTESIAN_POINT ( 'NONE',  ( -64.80574676638303799, -4.686556477328054804, 7.566121092396991266 ) ) ;
#3443 = CARTESIAN_POINT ( 'NONE',  ( -67.07688518474647310, -5.588536552111496469, 7.181800554576402540 ) ) ;
#3444 = EDGE_CURVE ( 'NONE', #7365, #5450, #6038, .T. ) ;
#3445 = ORIENTED_EDGE ( 'NONE', *, *, #4484, .T. ) ;
#3446 = CARTESIAN_POINT ( 'NONE',  ( -67.06691645694809267, -5.038123862317070767, 7.578245049233998998 ) ) ;
#3447 = CARTESIAN_POINT ( 'NONE',  ( -66.96605320176432485, 2.061987744899920649, 8.863306749734141121 ) ) ;
#3448 = VERTEX_POINT ( 'NONE', #6568 ) ;
#3449 = ADVANCED_FACE ( 'NONE', ( #6915 ), #543, .F. ) ;
#3450 = ORIENTED_EDGE ( 'NONE', *, *, #4768, .T. ) ;
#3451 = ORIENTED_EDGE ( 'NONE', *, *, #1502, .F. ) ;
#3452 = CARTESIAN_POINT ( 'NONE',  ( -67.41189259971629610, 0.0000000000000000000, 1.238336377450620565E-14 ) ) ;
#3453 = CARTESIAN_POINT ( 'NONE',  ( -66.58903843304969428, -0.2566458714806878483, 8.896298831327815293 ) ) ;
#3454 = CYLINDRICAL_SURFACE ( 'NONE', #4920, 0.4732438067297922712 ) ;
#3455 = LINE ( 'NONE', #19, #745 ) ;
#3456 = ORIENTED_EDGE ( 'NONE', *, *, #2711, .T. ) ;
#3457 = CARTESIAN_POINT ( 'NONE',  ( -106.3000000000000114, 0.2000000000000002054, -6.496751269476707814E-15 ) ) ;
#3458 = CARTESIAN_POINT ( 'NONE',  ( -66.84587417987916069, 2.009573156791799153, 8.670324034953740266 ) ) ;
#3459 = ADVANCED_FACE ( 'NONE', ( #2216 ), #6191, .F. ) ;
#3460 = EDGE_LOOP ( 'NONE', ( #625, #6558 ) ) ;
#3461 = ORIENTED_EDGE ( 'NONE', *, *, #4054, .T. ) ;
#3462 = CARTESIAN_POINT ( 'NONE',  ( -65.63193521802679697, -5.551181300838133659, -10.09999999999999964 ) ) ;
#3463 = DIRECTION ( 'NONE',  ( 1.000000000000000000, 0.0000000000000000000, -1.836970198721029934E-16 ) ) ;
#3464 = CARTESIAN_POINT ( 'NONE',  ( -66.94076318105176426, 3.667426814537572355, 8.328263958353565144 ) ) ;
#3465 = CARTESIAN_POINT ( 'NONE',  ( -66.97725249233096179, -5.192034669448481132, -10.09999999999999964 ) ) ;
#3466 = CYLINDRICAL_SURFACE ( 'NONE', #6873, 1.035557578532519951 ) ;
#3467 = CARTESIAN_POINT ( 'NONE',  ( -67.09269244943551769, 3.069595406945620830, 8.353896338694811519 ) ) ;
#3468 = DIRECTION ( 'NONE',  ( 1.000000000000000000, 0.0000000000000000000, 6.123233995736789455E-17 ) ) ;
#3469 = VERTEX_POINT ( 'NONE', #7381 ) ;
#3470 = EDGE_LOOP ( 'NONE', ( #6320, #20, #2818, #5627 ) ) ;
#3471 = CARTESIAN_POINT ( 'NONE',  ( -65.06082165257592465, 0.2961472975640220273, 9.095179865079401793 ) ) ;
#3472 = AXIS2_PLACEMENT_3D ( 'NONE', #5970, #5874, #213 ) ;
#3473 = VECTOR ( 'NONE', #4664, 1000.000000000000000 ) ;
#3474 = ADVANCED_FACE ( 'NONE', ( #7417 ), #5, .F. ) ;
#3475 = CARTESIAN_POINT ( 'NONE',  ( -65.27235923763360859, -2.141467490509536109, 8.653164904827288950 ) ) ;
#3476 = CARTESIAN_POINT ( 'NONE',  ( -66.02022914321530322, -4.651871251681930275, -10.09999999999999964 ) ) ;
#3477 = CARTESIAN_POINT ( 'NONE',  ( -64.81802110930448180, -4.534715868969411368, 7.658090622845696416 ) ) ;
#3478 = AXIS2_PLACEMENT_3D ( 'NONE', #7230, #4962, #6609 ) ;
#3479 = CYLINDRICAL_SURFACE ( 'NONE', #7204, 8.849999999999999645 ) ;
#3480 = VERTEX_POINT ( 'NONE', #4576 ) ;
#3481 = B_SPLINE_CURVE_WITH_KNOTS ( 'NONE', 3,
 ( #1215, #6796, #5786, #1736 ),
 .UNSPECIFIED., .F., .F.,
 ( 4, 4 ),
 ( 3.401270689494720411E-15, 0.0001935909272680119350 ),
 .UNSPECIFIED. ) ;
#3482 = CARTESIAN_POINT ( 'NONE',  ( -64.52793426638299934, -2.622268958061370281, 8.713994807870149018 ) ) ;
#3483 = EDGE_CURVE ( 'NONE', #2503, #1397, #5335, .T. ) ;
#3484 = EDGE_CURVE ( 'NONE', #2018, #2426, #6223, .T. ) ;
#3485 = DIRECTION ( 'NONE',  ( 0.0000000000000000000, 0.0000000000000000000, 1.000000000000000000 ) ) ;
#3486 = PRESENTATION_LAYER_ASSIGNMENT (  '', '', ( #969 ) ) ;
#3487 = VECTOR ( 'NONE', #7305, 1000.000000000000000 ) ;
#3488 = CARTESIAN_POINT ( 'NONE',  ( 103.2999999999999972, 0.0000000000000000000, -1.897590215278819985E-14 ) ) ;
#3489 = VERTEX_POINT ( 'NONE', #1657 ) ;
#3490 = DIRECTION ( 'NONE',  ( 0.0000000000000000000, 2.309263891220325604E-14, -1.000000000000000000 ) ) ;
#3491 = ORIENTED_EDGE ( 'NONE', *, *, #6855, .T. ) ;
#3492 = ORIENTED_EDGE ( 'NONE', *, *, #5411, .T. ) ;
#3493 = VERTEX_POINT ( 'NONE', #4535 ) ;
#3494 = MECHANICAL_DESIGN_GEOMETRIC_PRESENTATION_REPRESENTATION (  '', ( #1233 ), #4941 ) ;
#3495 = LINE ( 'NONE', #4093, #733 ) ;
#3496 = CARTESIAN_POINT ( 'NONE',  ( -66.62289686365923558, -3.558646024068181202, 8.157575526796172483 ) ) ;
#3497 = B_SPLINE_CURVE_WITH_KNOTS ( 'NONE', 3,
 ( #3196, #833, #5489, #354 ),
 .UNSPECIFIED., .F., .F.,
 ( 4, 4 ),
 ( 1.002887009549091601E-18, 0.0003890847159728039835 ),
 .UNSPECIFIED. ) ;
#3498 = ADVANCED_FACE ( 'NONE', ( #4046 ), #6829, .F. ) ;
#3499 = CARTESIAN_POINT ( 'NONE',  ( -67.29233950884231774, 3.372071187899515543, 8.236451657342387378 ) ) ;
#3500 = AXIS2_PLACEMENT_3D ( 'NONE', #5573, #442, #5011 ) ;
#3501 = DIRECTION ( 'NONE',  ( 0.0000000000000000000, 0.0000000000000000000, 1.000000000000000000 ) ) ;
#3502 = ORIENTED_EDGE ( 'NONE', *, *, #5236, .T. ) ;
#3503 = CARTESIAN_POINT ( 'NONE',  ( -67.29233950884231774, 3.372071187899515543, 8.236451657342387378 ) ) ;
#3504 = CARTESIAN_POINT ( 'NONE',  ( -67.30140059495612093, 0.1396041827474445163, 9.098929094797895800 ) ) ;
#3505 = VERTEX_POINT ( 'NONE', #1175 ) ;
#3506 = CIRCLE ( 'NONE', #1593, 9.099999999999999645 ) ;
#3507 = ADVANCED_FACE ( 'NONE', ( #5666 ), #1617, .F. ) ;
#3508 = CARTESIAN_POINT ( 'NONE',  ( -67.42247593304969655, 0.6437229556095018790, 9.077203355462605927 ) ) ;
#3509 = DIRECTION ( 'NONE',  ( 0.0000000000000000000, 0.0000000000000000000, -1.000000000000000000 ) ) ;
#3510 = CARTESIAN_POINT ( 'NONE',  ( -65.47609095121102030, -3.633971380221046488, 8.125401836143209877 ) ) ;
#3511 = DIRECTION ( 'NONE',  ( -1.000000000000000000, 0.0000000000000000000, 0.0000000000000000000 ) ) ;
#3512 = AXIS2_PLACEMENT_3D ( 'NONE', #2833, #1716, #1156 ) ;
#3513 = CARTESIAN_POINT ( 'NONE',  ( -64.52793426638299934, -0.8175626144409089413, 9.063199841748430075 ) ) ;
#3514 = ORIENTED_EDGE ( 'NONE', *, *, #2840, .F. ) ;
#3515 = ORIENTED_EDGE ( 'NONE', *, *, #6005, .T. ) ;
#3516 = DIRECTION ( 'NONE',  ( 0.0000000000000000000, 0.0000000000000000000, 1.000000000000000000 ) ) ;
#3517 = CIRCLE ( 'NONE', #299, 8.900000000000000355 ) ;
#3518 = CARTESIAN_POINT ( 'NONE',  ( -64.54199025851886518, -4.258133028619640825, 7.815260911228666174 ) ) ;
#3519 =( LENGTH_UNIT ( ) NAMED_UNIT ( * ) SI_UNIT ( .MILLI., .METRE. ) );
#3520 = CARTESIAN_POINT ( 'NONE',  ( -66.33715122800296626, 3.684838957048118147, 8.320610611245482957 ) ) ;
#3521 = ORIENTED_EDGE ( 'NONE', *, *, #4858, .T. ) ;
#3522 = CARTESIAN_POINT ( 'NONE',  ( -64.95940743064976175, 2.028518972877407123, 8.871026478185973119 ) ) ;
#3523 = CARTESIAN_POINT ( 'NONE',  ( -64.81442220046737646, -4.811894697500478379, 7.487033419196615469 ) ) ;
#3524 = DIRECTION ( 'NONE',  ( -1.000000000000000000, 0.0000000000000000000, 0.0000000000000000000 ) ) ;
#3525 = ORIENTED_EDGE ( 'NONE', *, *, #5328, .T. ) ;
#3526 = CARTESIAN_POINT ( 'NONE',  ( -64.96091085256905728, -4.199670836993943723, 7.846930057943811043 ) ) ;
#3527 = VERTEX_POINT ( 'NONE', #1133 ) ;
#3528 = ORIENTED_EDGE ( 'NONE', *, *, #778, .T. ) ;
#3529 = ORIENTED_EDGE ( 'NONE', *, *, #3249, .F. ) ;
#3530 = EDGE_CURVE ( 'NONE', #5374, #349, #2667, .T. ) ;
#3531 = EDGE_CURVE ( 'NONE', #1065, #1246, #2179, .T. ) ;
#3532 = CARTESIAN_POINT ( 'NONE',  ( -65.42334216101946254, 0.6894876160326791625, 8.873252325237785954 ) ) ;
#3533 = CARTESIAN_POINT ( 'NONE',  ( -67.03065463696542281, 2.520047241007329575, 8.744240701590401343 ) ) ;
#3534 = CARTESIAN_POINT ( 'NONE',  ( -67.07058009971629531, 6.103937156677250009, 6.477032591189811228 ) ) ;
#3535 = CARTESIAN_POINT ( 'NONE',  ( -65.15219588189360422, 0.3872233074690965560, -10.09999999999999964 ) ) ;
#3536 = ORIENTED_EDGE ( 'NONE', *, *, #4178, .T. ) ;
#3537 = CARTESIAN_POINT ( 'NONE',  ( -67.36497556765719708, 3.223715188232454398, 8.295641047270523316 ) ) ;
#3538 = DIRECTION ( 'NONE',  ( 0.0000000000000000000, 0.0000000000000000000, -1.000000000000000000 ) ) ;
#3539 = ORIENTED_EDGE ( 'NONE', *, *, #509, .T. ) ;
#3540 = ORIENTED_EDGE ( 'NONE', *, *, #148, .T. ) ;
#3541 = AXIS2_PLACEMENT_3D ( 'NONE', #7039, #3633, #1880 ) ;
#3542 = ADVANCED_FACE ( 'NONE', ( #5065 ), #5639, .T. ) ;
#3543 = CARTESIAN_POINT ( 'NONE',  ( -66.98399881458996674, 1.014400760646003485, 9.043284318408518985 ) ) ;
#3544 = CARTESIAN_POINT ( 'NONE',  ( -71.80973495877130119, 1.612270057102940024, -10.09999999999999964 ) ) ;
#3545 = VECTOR ( 'NONE', #6492, 1000.000000000000000 ) ;
#3546 = CARTESIAN_POINT ( 'NONE',  ( -67.44745403326946587, -4.446436080861418283, 7.939723306187310925 ) ) ;
#3547 = DIRECTION ( 'NONE',  ( 0.0000000000000000000, 0.0000000000000000000, 1.000000000000000000 ) ) ;
#3548 = EDGE_CURVE ( 'NONE', #3864, #4474, #1498, .T. ) ;
#3549 = VERTEX_POINT ( 'NONE', #6996 ) ;
#3550 = CARTESIAN_POINT ( 'NONE',  ( -64.48469168347499192, -4.806197675336027153, 7.727741339682674848 ) ) ;
#3551 = DIRECTION ( 'NONE',  ( -0.0000000000000000000, -0.0000000000000000000, -1.000000000000000000 ) ) ;
#3552 = ORIENTED_EDGE ( 'NONE', *, *, #2118, .F. ) ;
#3553 = ORIENTED_EDGE ( 'NONE', *, *, #1809, .F. ) ;
#3554 = CARTESIAN_POINT ( 'NONE',  ( -67.12138349644872903, 3.569886287279259829, 8.153037928305186810 ) ) ;
#3555 =( LENGTH_UNIT ( ) NAMED_UNIT ( * ) SI_UNIT ( .MILLI., .METRE. ) );
#3556 = CARTESIAN_POINT ( 'NONE',  ( -65.33650851391384151, 0.1069875744387752264, 8.899356923897137506 ) ) ;
#3557 = EDGE_CURVE ( 'NONE', #7298, #1758, #6007, .T. ) ;
#3558 = DIRECTION ( 'NONE',  ( -1.000000000000000000, -0.0000000000000000000, 1.836970198721029934E-16 ) ) ;
#3559 = EDGE_LOOP ( 'NONE', ( #1492, #2992, #782, #5682 ) ) ;
#3560 = CARTESIAN_POINT ( 'NONE',  ( -67.07058009971629531, 0.0000000000000000000, 1.232066568541110922E-14 ) ) ;
#3561 = CARTESIAN_POINT ( 'NONE',  ( -65.85525807904261342, 0.6831443525349909507, 9.075402197943697402 ) ) ;
#3562 = DIRECTION ( 'NONE',  ( 0.0000000000000000000, 0.0000000000000000000, -1.000000000000000000 ) ) ;
#3563 = ORIENTED_EDGE ( 'NONE', *, *, #5612, .F. ) ;
#3564 = ORIENTED_EDGE ( 'NONE', *, *, #4104, .F. ) ;
#3565 = VERTEX_POINT ( 'NONE', #7037 ) ;
#3566 = CARTESIAN_POINT ( 'NONE',  ( -64.52793426638299934, 4.680478823343920070, -10.09999999999999964 ) ) ;
#3567 = DIRECTION ( 'NONE',  ( -0.0000000000000000000, 0.0000000000000000000, 1.000000000000000000 ) ) ;
#3568 = CARTESIAN_POINT ( 'NONE',  ( -67.42247593304956865, 2.801051792953255237, 8.448008498451647696 ) ) ;
#3569 = EDGE_CURVE ( 'NONE', #3241, #995, #6861, .T. ) ;
#3570 = EDGE_CURVE ( 'NONE', #593, #1868, #2649, .T. ) ;
#3571 = EDGE_LOOP ( 'NONE', ( #55, #4667, #3599, #1959 ) ) ;
#3572 = FILL_AREA_STYLE ('',( #3159 ) ) ;
#3573 = CARTESIAN_POINT ( 'NONE',  ( -64.64987914964626725, -4.028473057284967851, 7.936326532046110493 ) ) ;
#3574 = ORIENTED_EDGE ( 'NONE', *, *, #1131, .F. ) ;
#3575 = VERTEX_POINT ( 'NONE', #117 ) ;
#3576 = DIRECTION ( 'NONE',  ( 1.000000000000000000, 0.0000000000000000000, -1.836970198721029934E-16 ) ) ;
#3577 = CYLINDRICAL_SURFACE ( 'NONE', #2041, 1.522311555624280999 ) ;
#3578 = B_SPLINE_CURVE_WITH_KNOTS ( 'NONE', 3,
 ( #1866, #1273, #2428, #2916 ),
 .UNSPECIFIED., .F., .F.,
 ( 4, 4 ),
 ( 5.728934462533192598E-14, 0.0002362825489038915359 ),
 .UNSPECIFIED. ) ;
#3579 = EDGE_CURVE ( 'NONE', #1543, #7068, #5785, .T. ) ;
#3580 = CARTESIAN_POINT ( 'NONE',  ( -84.00000000000000000, 1.114428587224091465E-15, 9.100000000000015632 ) ) ;
#3581 = CARTESIAN_POINT ( 'NONE',  ( -71.30020535340770493, -1.524902822846710082, 8.971324951247412471 ) ) ;
#3582 = ORIENTED_EDGE ( 'NONE', *, *, #40, .F. ) ;
#3583 = B_SPLINE_CURVE_WITH_KNOTS ( 'NONE', 3,
 ( #3655, #6551, #1455, #3065 ),
 .UNSPECIFIED., .F., .F.,
 ( 4, 4 ),
 ( 1.501579849820078048E-15, 0.0003024745666798272538 ),
 .UNSPECIFIED. ) ;
#3584 = VERTEX_POINT ( 'NONE', #3629 ) ;
#3585 = EDGE_CURVE ( 'NONE', #1380, #6196, #4343, .T. ) ;
#3586 = CARTESIAN_POINT ( 'NONE',  ( -67.12706081969980687, -4.521341510183826351, 7.665994452664886438 ) ) ;
#3587 = B_SPLINE_CURVE_WITH_KNOTS ( 'NONE', 3,
 ( #2607, #840, #3130, #4218 ),
 .UNSPECIFIED., .F., .F.,
 ( 4, 4 ),
 ( 3.305304255444892219E-15, 0.0002119100168458035833 ),
 .UNSPECIFIED. ) ;
#3588 = CARTESIAN_POINT ( 'NONE',  ( -66.98440449857446310, 3.236494773470059982, 8.505004502132917921 ) ) ;
#3589 = VERTEX_POINT ( 'NONE', #1943 ) ;
#3590 = DIRECTION ( 'NONE',  ( 0.0000000000000000000, 0.0000000000000000000, -1.000000000000000000 ) ) ;
#3591 = ADVANCED_FACE ( 'NONE', ( #6385 ), #1251, .F. ) ;
#3592 = PRESENTATION_STYLE_ASSIGNMENT (( #1284 ) ) ;
#3593 = CIRCLE ( 'NONE', #3715, 9.099999999999999645 ) ;
#3594 = LINE ( 'NONE', #2550, #2768 ) ;
#3595 = AXIS2_PLACEMENT_3D ( 'NONE', #276, #1473, #7186 ) ;
#3596 = CARTESIAN_POINT ( 'NONE',  ( -71.30020535340770493, -0.2331160295301610008, 8.896946493981870319 ) ) ;
#3597 = ORIENTED_EDGE ( 'NONE', *, *, #1122, .T. ) ;
#3598 = ORIENTED_EDGE ( 'NONE', *, *, #4353, .T. ) ;
#3599 = ORIENTED_EDGE ( 'NONE', *, *, #7281, .T. ) ;
#3600 = CARTESIAN_POINT ( 'NONE',  ( -65.24431133907927460, 0.4871694050928266351, 8.887219708002021434 ) ) ;
#3601 = CARTESIAN_POINT ( 'NONE',  ( -98.70000000000001705, 0.0000000000000000000, -6.043631953792189659E-15 ) ) ;
#3602 = VECTOR ( 'NONE', #6310, 1000.000000000000000 ) ;
#3603 = AXIS2_PLACEMENT_3D ( 'NONE', #250, #4290, #2535 ) ;
#3604 = CARTESIAN_POINT ( 'NONE',  ( -64.52793426638299934, 3.733270642598479849, 8.079151583496402722 ) ) ;
#3605 = ORIENTED_EDGE ( 'NONE', *, *, #5411, .F. ) ;
#3606 = VECTOR ( 'NONE', #4526, 1000.000000000000000 ) ;
#3607 = ORIENTED_EDGE ( 'NONE', *, *, #4671, .F. ) ;
#3608 = ORIENTED_EDGE ( 'NONE', *, *, #5063, .T. ) ;
#3609 = AXIS2_PLACEMENT_3D ( 'NONE', #2586, #378, #6105 ) ;
#3610 = FILL_AREA_STYLE_COLOUR ( '', #275 ) ;
#3611 = CARTESIAN_POINT ( 'NONE',  ( -71.30020535340770493, -1.524902822846710304, -10.09999999999999964 ) ) ;
#3612 = ORIENTED_EDGE ( 'NONE', *, *, #232, .F. ) ;
#3613 = CARTESIAN_POINT ( 'NONE',  ( -67.39976073567318338, 2.616743933009265000, 8.715839982403672082 ) ) ;
#3614 = CARTESIAN_POINT ( 'NONE',  ( -65.99285779611270186, -5.958416857401521050, 6.878027955266942328 ) ) ;
#3615 = ORIENTED_EDGE ( 'NONE', *, *, #4871, .F. ) ;
#3616 = ORIENTED_EDGE ( 'NONE', *, *, #1386, .F. ) ;
#3617 = AXIS2_PLACEMENT_3D ( 'NONE', #5759, #4594, #6893 ) ;
#3618 = EDGE_CURVE ( 'NONE', #574, #6621, #6423, .T. ) ;
#3619 = EDGE_CURVE ( 'NONE', #4034, #6044, #7141, .T. ) ;
#3620 = CARTESIAN_POINT ( 'NONE',  ( -66.94732680709347505, -4.139713848302043253, 7.878903943970372303 ) ) ;
#3621 = VECTOR ( 'NONE', #2996, 1000.000000000000000 ) ;
#3622 = PRODUCT_DEFINITION_CONTEXT ( 'detailed design', #6442, 'design' ) ;
#3623 = CARTESIAN_POINT ( 'NONE',  ( -65.99467776451513146, 3.045111062292958692, 8.362852301595506077 ) ) ;
#3624 = ORIENTED_EDGE ( 'NONE', *, *, #4228, .T. ) ;
#3625 = EDGE_CURVE ( 'NONE', #1188, #4080, #3147, .T. ) ;
#3626 = PRESENTATION_LAYER_ASSIGNMENT (  '', '', ( #3989 ) ) ;
#3627 = CARTESIAN_POINT ( 'NONE',  ( 103.2999999999999972, 0.2000000000000000111, -1.896365568479672886E-14 ) ) ;
#3628 = CARTESIAN_POINT ( 'NONE',  ( -64.86924676638300014, 0.1519700315994838291, 8.898702439653540353 ) ) ;
#3629 = CARTESIAN_POINT ( 'NONE',  ( -65.54008956189940704, -3.876146024068184204, 8.011584861942145253 ) ) ;
#3630 = TOROIDAL_SURFACE ( 'NONE', #2198, 0.2000000000000000111, 3.000000000000000000 ) ;
#3631 = PLANE ( 'NONE',  #2178 ) ;
#3632 = EDGE_CURVE ( 'NONE', #6955, #2051, #4908, .T. ) ;
#3633 = DIRECTION ( 'NONE',  ( -0.0000000000000000000, -0.0000000000000000000, -1.000000000000000000 ) ) ;
#3634 = DIRECTION ( 'NONE',  ( 0.0000000000000000000, 0.0000000000000000000, -1.000000000000000000 ) ) ;
#3635 = VERTEX_POINT ( 'NONE', #5051 ) ;
#3636 = ORIENTED_EDGE ( 'NONE', *, *, #2024, .T. ) ;
#3637 = B_SPLINE_CURVE_WITH_KNOTS ( 'NONE', 3,
 ( #2557, #2136, #862, #4426 ),
 .UNSPECIFIED., .F., .F.,
 ( 4, 4 ),
 ( 2.453269466693398698E-18, 0.0002017032220503224549 ),
 .UNSPECIFIED. ) ;
#3638 = CARTESIAN_POINT ( 'NONE',  ( -65.99467776452597434, 0.8226112148916954192, 8.861902210537794033 ) ) ;
#3639 = FACE_OUTER_BOUND ( 'NONE', #4651, .T. ) ;
#3640 = DIRECTION ( 'NONE',  ( -1.000000000000000000, 0.0000000000000000000, 0.0000000000000000000 ) ) ;
#3641 = DIRECTION ( 'NONE',  ( 0.0000000000000000000, 0.0000000000000000000, 1.000000000000000000 ) ) ;
#3642 = ORIENTED_EDGE ( 'NONE', *, *, #5646, .T. ) ;
#3643 = CARTESIAN_POINT ( 'NONE',  ( -67.12706081971110450, -4.521341510263865437, 7.897307829100058463 ) ) ;
#3644 = ORIENTED_EDGE ( 'NONE', *, *, #3991, .F. ) ;
#3645 = ORIENTED_EDGE ( 'NONE', *, *, #3959, .T. ) ;
#3646 = FILL_AREA_STYLE ('',( #3610 ) ) ;
#3647 = CARTESIAN_POINT ( 'NONE',  ( -64.95940743064976175, 2.028518972877407123, 8.871026478185973119 ) ) ;
#3648 = CARTESIAN_POINT ( 'NONE',  ( -64.96182552429610269, 2.436396897188818578, 8.560021621431157968 ) ) ;
#3649 = ORIENTED_EDGE ( 'NONE', *, *, #6331, .F. ) ;
#3650 = CARTESIAN_POINT ( 'NONE',  ( -67.41719889528445719, 2.998049752820185265, 8.380124312630860217 ) ) ;
#3651 = AXIS2_PLACEMENT_3D ( 'NONE', #6107, #1463, #3853 ) ;
#3652 = CARTESIAN_POINT ( 'NONE',  ( -65.15219588189360422, 2.609723154881194773, 8.508780468132735919 ) ) ;
#3653 = ORIENTED_EDGE ( 'NONE', *, *, #2143, .F. ) ;
#3654 = ORIENTED_EDGE ( 'NONE', *, *, #4312, .F. ) ;
#3655 = CARTESIAN_POINT ( 'NONE',  ( -66.96605320176432485, 2.061987744899920649, 8.863306749734141121 ) ) ;
#3656 = EDGE_CURVE ( 'NONE', #4536, #208, #855, .T. ) ;
#3657 = EDGE_CURVE ( 'NONE', #5170, #5709, #7241, .T. ) ;
#3658 = ORIENTED_EDGE ( 'NONE', *, *, #5429, .F. ) ;
#3659 = FACE_BOUND ( 'NONE', #1660, .T. ) ;
#3660 = B_SPLINE_CURVE_WITH_KNOTS ( 'NONE', 3,
 ( #820, #5301, #5264, #271 ),
 .UNSPECIFIED., .F., .F.,
 ( 4, 4 ),
 ( 1.873872267574800228E-14, 0.0002514992929980724989 ),
 .UNSPECIFIED. ) ;
#3661 = ORIENTED_EDGE ( 'NONE', *, *, #5046, .T. ) ;
#3662 = CARTESIAN_POINT ( 'NONE',  ( -64.83970852059503898, -4.930712126438733023, 7.648403619461398684 ) ) ;
#3663 = FACE_OUTER_BOUND ( 'NONE', #3559, .T. ) ;
#3664 = ADVANCED_FACE ( 'NONE', ( #6596 ), #3696, .F. ) ;
#3665 = CARTESIAN_POINT ( 'NONE',  ( -64.49670977749819656, -4.443763201673379015, 7.941219591942647149 ) ) ;
#3666 = DIRECTION ( 'NONE',  ( 0.0000000000000000000, 0.0000000000000000000, -1.000000000000000000 ) ) ;
#3667 = ORIENTED_EDGE ( 'NONE', *, *, #1764, .F. ) ;
#3668 = VERTEX_POINT ( 'NONE', #1505 ) ;
#3669 = B_SPLINE_CURVE_WITH_KNOTS ( 'NONE', 3,
 ( #4632, #4663, #6290, #5278 ),
 .UNSPECIFIED., .F., .F.,
 ( 4, 4 ),
 ( 1.226634733346699349E-18, 0.0003968859051988115022 ),
 .UNSPECIFIED. ) ;
#3670 = CARTESIAN_POINT ( 'NONE',  ( -66.46089235447256272, -5.521703925382857925, 7.233399172069746363 ) ) ;
#3671 = FACE_OUTER_BOUND ( 'NONE', #4265, .T. ) ;
#3672 = ADVANCED_FACE ( 'NONE', ( #3663 ), #1462, .T. ) ;
#3673 = CARTESIAN_POINT ( 'NONE',  ( -66.12380674298968586, 1.357539330574922154, -10.09999999999999964 ) ) ;
#3674 = EDGE_CURVE ( 'NONE', #7397, #1722, #1136, .T. ) ;
#3675 = ORIENTED_EDGE ( 'NONE', *, *, #6944, .T. ) ;
#3676 =( NAMED_UNIT ( * ) SI_UNIT ( $, .STERADIAN. ) SOLID_ANGLE_UNIT ( ) );
#3677 = CARTESIAN_POINT ( 'NONE',  ( -65.44359930859961594, -3.511021024068192276, 8.178186312902839816 ) ) ;
#3678 = CARTESIAN_POINT ( 'NONE',  ( -67.10458448235259254, 3.038475222236083351, 8.577806312489215657 ) ) ;
#3679 = ORIENTED_EDGE ( 'NONE', *, *, #40, .T. ) ;
#3680 = VERTEX_POINT ( 'NONE', #3184 ) ;
#3681 = EDGE_CURVE ( 'NONE', #3448, #6645, #1221, .T. ) ;
#3682 = CARTESIAN_POINT ( 'NONE',  ( -64.52793426638299934, -2.989791781107580704, -10.09999999999999964 ) ) ;
#3683 = ORIENTED_EDGE ( 'NONE', *, *, #4489, .F. ) ;
#3684 = FACE_OUTER_BOUND ( 'NONE', #2571, .T. ) ;
#3685 = CYLINDRICAL_SURFACE ( 'NONE', #3836, 1.002126098829034362 ) ;
#3686 = ORIENTED_EDGE ( 'NONE', *, *, #3619, .T. ) ;
#3687 = DIRECTION ( 'NONE',  ( 0.0000000000000000000, 0.0000000000000000000, -1.000000000000000000 ) ) ;
#3688 =( LENGTH_UNIT ( ) NAMED_UNIT ( * ) SI_UNIT ( .MILLI., .METRE. ) );
#3689 = UNCERTAINTY_MEASURE_WITH_UNIT (LENGTH_MEASURE( 1.000000000000000082E-05 ), #6852, 'distance_accuracy_value', 'NONE');
#3690 = CARTESIAN_POINT ( 'NONE',  ( -64.58904986793339731, -5.238804307677625616, -10.09999999999999964 ) ) ;
#3691 = DIRECTION ( 'NONE',  ( -1.000000000000000000, 0.0000000000000000000, 0.0000000000000000000 ) ) ;
#3692 = CARTESIAN_POINT ( 'NONE',  ( -64.89953318805105198, -3.749458265948582891, 8.291954854015809673 ) ) ;
#3693 = VERTEX_POINT ( 'NONE', #2237 ) ;
#3694 = ADVANCED_FACE ( 'NONE', ( #5955 ), #1640, .T. ) ;
#3695 = CARTESIAN_POINT ( 'NONE',  ( -65.59304757032762723, 0.3882346920049681849, 8.891528205203199420 ) ) ;
#3696 = PLANE ( 'NONE',  #3961 ) ;
#3697 = CARTESIAN_POINT ( 'NONE',  ( -65.09261740205685953, 2.547759912023920492, 8.736122555009862012 ) ) ;
#3698 = CARTESIAN_POINT ( 'NONE',  ( -84.00000000000000000, 0.0000000000000000000, 1.543054966925670124E-14 ) ) ;
#3699 = ORIENTED_EDGE ( 'NONE', *, *, #3953, .T. ) ;
#3700 = AXIS2_PLACEMENT_3D ( 'NONE', #3929, #5787, #4051 ) ;
#3701 = EDGE_LOOP ( 'NONE', ( #1272, #2059, #3787, #5558 ) ) ;
#3702 = ORIENTED_EDGE ( 'NONE', *, *, #3431, .T. ) ;
#3703 = CYLINDRICAL_SURFACE ( 'NONE', #6235, 0.7795546310627454734 ) ;
#3704 = EDGE_CURVE ( 'NONE', #4681, #5230, #2114, .T. ) ;
#3705 = SURFACE_STYLE_USAGE ( .BOTH. , #1400 ) ;
#3706 = EDGE_CURVE ( 'NONE', #556, #1049, #4267, .T. ) ;
#3707 = AXIS2_PLACEMENT_3D ( 'NONE', #1677, #5765, #6328 ) ;
#3708 = DIRECTION ( 'NONE',  ( 0.0000000000000000000, 0.0000000000000000000, 1.000000000000000000 ) ) ;
#3709 = EDGE_LOOP ( 'NONE', ( #1730, #887, #4508, #6449 ) ) ;
#3710 = SURFACE_STYLE_FILL_AREA ( #3572 ) ;
#3711 = CARTESIAN_POINT ( 'NONE',  ( -65.64059899958250810, 3.152965868272730177, 8.537240076006840539 ) ) ;
#3712 = DIRECTION ( 'NONE',  ( -0.0000000000000000000, -0.0000000000000000000, -1.000000000000000000 ) ) ;
#3713 = ORIENTED_EDGE ( 'NONE', *, *, #6886, .T. ) ;
#3714 = VERTEX_POINT ( 'NONE', #3350 ) ;
#3715 = AXIS2_PLACEMENT_3D ( 'NONE', #4922, #2671, #320 ) ;
#3716 = AXIS2_PLACEMENT_3D ( 'NONE', #5610, #483, #4559 ) ;
#3717 = EDGE_CURVE ( 'NONE', #7279, #5848, #2801, .T. ) ;
#3718 = CARTESIAN_POINT ( 'NONE',  ( -66.86979348895575015, 2.382170085173527685, 8.575302978940658960 ) ) ;
#3719 = DIRECTION ( 'NONE',  ( -1.000000000000000000, -0.0000000000000000000, 1.836970198721029934E-16 ) ) ;
#3720 = PRESENTATION_LAYER_ASSIGNMENT (  '', '', ( #6727 ) ) ;
#3721 = AXIS2_PLACEMENT_3D ( 'NONE', #5592, #2028, #2707 ) ;
#3722 = ORIENTED_EDGE ( 'NONE', *, *, #4312, .T. ) ;
#3723 = CARTESIAN_POINT ( 'NONE',  ( -65.75358379307081691, 1.047255715061665704, -10.09999999999999964 ) ) ;
#3724 = CARTESIAN_POINT ( 'NONE',  ( -66.98440449857444889, 1.013994926057955714, 9.043329823130909162 ) ) ;
#3725 = ORIENTED_EDGE ( 'NONE', *, *, #5013, .T. ) ;
#3726 = ORIENTED_EDGE ( 'NONE', *, *, #77, .T. ) ;
#3727 = ADVANCED_FACE ( 'NONE', ( #1784 ), #1271, .T. ) ;
#3728 = CYLINDRICAL_SURFACE ( 'NONE', #7251, 0.5416892614976548392 ) ;
#3729 = CARTESIAN_POINT ( 'NONE',  ( -64.52776374164746187, -5.063065797614776820, 7.561439329190153380 ) ) ;
#3730 = CIRCLE ( 'NONE', #1588, 9.099999999999999645 ) ;
#3731 = ORIENTED_EDGE ( 'NONE', *, *, #6886, .F. ) ;
#3732 = LINE ( 'NONE', #4297, #6706 ) ;
#3733 = CARTESIAN_POINT ( 'NONE',  ( 0.0000000000000000000, 0.0000000000000000000, 0.0000000000000000000 ) ) ;
#3734 =( GEOMETRIC_REPRESENTATION_CONTEXT ( 3 ) GLOBAL_UNCERTAINTY_ASSIGNED_CONTEXT ( ( #7172 ) ) GLOBAL_UNIT_ASSIGNED_CONTEXT ( ( #3555, #4720, #4151 ) ) REPRESENTATION_CONTEXT ( 'NONE', 'WORKASPACE' ) );
#3735 = CYLINDRICAL_SURFACE ( 'NONE', #6994, 0.9401550124256002894 ) ;
#3736 = DIRECTION ( 'NONE',  ( -0.0000000000000000000, -0.0000000000000000000, -1.000000000000000000 ) ) ;
#3737 = CARTESIAN_POINT ( 'NONE',  ( -66.98742839867574617, -3.721384618276543765, 8.304293860579294417 ) ) ;
#3738 = FACE_OUTER_BOUND ( 'NONE', #1821, .T. ) ;
#3739 = ORIENTED_EDGE ( 'NONE', *, *, #6838, .F. ) ;
#3740 = ORIENTED_EDGE ( 'NONE', *, *, #4563, .F. ) ;
#3741 = CARTESIAN_POINT ( 'NONE',  ( -66.13663508983310635, -4.665788391643539867, -10.09999999999999964 ) ) ;
#3742 = VERTEX_POINT ( 'NONE', #7434 ) ;
#3743 = CYLINDRICAL_SURFACE ( 'NONE', #2585, 1.522311555624433765 ) ;
#3744 = COLOUR_RGB ( '',0.4000000000000000222, 0.2000000000000000111, 0.0000000000000000000 ) ;
#3745 = CARTESIAN_POINT ( 'NONE',  ( -70.10428868674109992, -0.2331160295301611673, -10.09999999999999964 ) ) ;
#3746 = CARTESIAN_POINT ( 'NONE',  ( -67.40675155066885793, 0.8405033331033978650, 9.061101155325566481 ) ) ;
#3747 = ORIENTED_EDGE ( 'NONE', *, *, #2850, .T. ) ;
#3748 = EDGE_CURVE ( 'NONE', #5188, #6070, #4074, .T. ) ;
#3749 = CARTESIAN_POINT ( 'NONE',  ( -64.52776374164746187, -5.063065797614776820, 7.561439329190153380 ) ) ;
#3750 = DIRECTION ( 'NONE',  ( 0.0000000000000000000, 0.0000000000000000000, 1.000000000000000000 ) ) ;
#3751 = EDGE_CURVE ( 'NONE', #5191, #4034, #2914, .T. ) ;
#3752 = CYLINDRICAL_SURFACE ( 'NONE', #7219, 0.8058419012378359447 ) ;
#3753 = ORIENTED_EDGE ( 'NONE', *, *, #694, .T. ) ;
#3754 = CARTESIAN_POINT ( 'NONE',  ( -98.70000000000001705, 0.0000000000000000000, -3.200000000000006395 ) ) ;
#3755 = B_SPLINE_CURVE_WITH_KNOTS ( 'NONE', 3,
 ( #4319, #6508, #7121, #325 ),
 .UNSPECIFIED., .F., .F.,
 ( 4, 4 ),
 ( 3.452641993618165829E-15, 0.0001593158037196842187 ),
 .UNSPECIFIED. ) ;
#3756 = DIRECTION ( 'NONE',  ( -0.0000000000000000000, -0.0000000000000000000, -1.000000000000000000 ) ) ;
#3757 = LINE ( 'NONE', #1594, #5035 ) ;
#3758 = CARTESIAN_POINT ( 'NONE',  ( -66.98742839894607926, -3.721384618448835724, 8.084633357275555099 ) ) ;
#3759 = ORIENTED_EDGE ( 'NONE', *, *, #3213, .F. ) ;
#3760 = CARTESIAN_POINT ( 'NONE',  ( -64.52793426638299934, 4.680478823343920070, 7.569882296590170867 ) ) ;
#3761 = ADVANCED_FACE ( 'NONE', ( #5842 ), #5763, .F. ) ;
#3762 = CARTESIAN_POINT ( 'NONE',  ( -67.07688518474647310, -5.588536552111496469, 7.181800554576402540 ) ) ;
#3763 = ORIENTED_EDGE ( 'NONE', *, *, #4511, .F. ) ;
#3764 = ORIENTED_EDGE ( 'NONE', *, *, #5731, .F. ) ;
#3765 = B_SPLINE_CURVE_WITH_KNOTS ( 'NONE', 3,
 ( #1904, #4898, #5978, #849 ),
 .UNSPECIFIED., .F., .F.,
 ( 4, 4 ),
 ( 6.438274079003321389E-14, 0.0001334112190713543193 ),
 .UNSPECIFIED. ) ;
#3766 = EDGE_CURVE ( 'NONE', #1380, #2638, #670, .T. ) ;
#3767 = FILL_AREA_STYLE_COLOUR ( '', #1345 ) ;
#3768 =( GEOMETRIC_REPRESENTATION_CONTEXT ( 3 ) GLOBAL_UNCERTAINTY_ASSIGNED_CONTEXT ( ( #1383 ) ) GLOBAL_UNIT_ASSIGNED_CONTEXT ( ( #6463, #5269, #2555 ) ) REPRESENTATION_CONTEXT ( 'NONE', 'WORKASPACE' ) );
#3769 = CARTESIAN_POINT ( 'NONE',  ( -70.10428868674109992, 0.3107680673900590773, -10.09999999999999964 ) ) ;
#3770 = UNCERTAINTY_MEASURE_WITH_UNIT (LENGTH_MEASURE( 1.000000000000000082E-05 ), #1083, 'distance_accuracy_value', 'NONE');
#3771 = FACE_OUTER_BOUND ( 'NONE', #1307, .T. ) ;
#3772 = FACE_OUTER_BOUND ( 'NONE', #3701, .T. ) ;
#3773 = PLANE ( 'NONE',  #7444 ) ;
#3774 = VERTEX_POINT ( 'NONE', #2950 ) ;
#3775 = FILL_AREA_STYLE ('',( #967 ) ) ;
#3776 = CARTESIAN_POINT ( 'NONE',  ( -65.75358379307080270, 1.047255714787816538, 9.039538454359519193 ) ) ;
#3777 = CARTESIAN_POINT ( 'NONE',  ( -66.96605320177478404, -0.1605121025076336472, 9.098584278059350439 ) ) ;
#3778 = EDGE_CURVE ( 'NONE', #7074, #2498, #1829, .T. ) ;
#3779 = CARTESIAN_POINT ( 'NONE',  ( -64.65388574423339207, 1.910565872570522572, 8.692510457087127662 ) ) ;
#3780 = CARTESIAN_POINT ( 'NONE',  ( -67.27510065786398741, 0.09443105717404223776, 8.899613693241052559 ) ) ;
#3781 = ORIENTED_EDGE ( 'NONE', *, *, #4402, .F. ) ;
#3782 = ORIENTED_EDGE ( 'NONE', *, *, #7139, .T. ) ;
#3783 = CARTESIAN_POINT ( 'NONE',  ( -67.12878843304970644, 0.6361575315631595728, 8.877235132350371316 ) ) ;
#3784 = CARTESIAN_POINT ( 'NONE',  ( -66.80542513442536290, 0.1369446043014478365, 9.098969511727849735 ) ) ;
#3785 = DIRECTION ( 'NONE',  ( 0.0000000000000000000, 0.0000000000000000000, 1.000000000000000000 ) ) ;
#3786 = DIRECTION ( 'NONE',  ( 0.0000000000000000000, 0.0000000000000000000, 1.000000000000000000 ) ) ;
#3787 = ORIENTED_EDGE ( 'NONE', *, *, #631, .F. ) ;
#3788 = CARTESIAN_POINT ( 'NONE',  ( -66.62289686380690057, -3.558646023468377884, 8.375323186579304746 ) ) ;
#3789 = CARTESIAN_POINT ( 'NONE',  ( -66.12380674298977112, 3.580039177987080823, -10.09999999999999964 ) ) ;
#3790 = DIRECTION ( 'NONE',  ( -0.0000000000000000000, -0.0000000000000000000, -1.000000000000000000 ) ) ;
#3791 = ORIENTED_EDGE ( 'NONE', *, *, #6944, .F. ) ;
#3792 = ORIENTED_EDGE ( 'NONE', *, *, #6519, .T. ) ;
#3793 = CARTESIAN_POINT ( 'NONE',  ( -67.45094052352776259, -4.833580988921565513, 7.710155304761131312 ) ) ;
#3794 = B_SPLINE_CURVE_WITH_KNOTS ( 'NONE', 3,
 ( #4365, #2714, #4436, #6694 ),
 .UNSPECIFIED., .F., .F.,
 ( 4, 4 ),
 ( 0.0000000000000000000, 0.0003890844320922766083 ),
 .UNSPECIFIED. ) ;
#3795 = ADVANCED_FACE ( 'NONE', ( #6327 ), #2987, .F. ) ;
#3796 = ADVANCED_FACE ( 'NONE', ( #1676 ), #4599, .F. ) ;
#3797 = DIRECTION ( 'NONE',  ( 0.8405570194629660152, -0.5417230815015500189, 0.0000000000000000000 ) ) ;
#3798 = ORIENTED_EDGE ( 'NONE', *, *, #5333, .F. ) ;
#3799 = CARTESIAN_POINT ( 'NONE',  ( -66.98318744662110191, 3.237712268112766800, 8.290188132299068258 ) ) ;
#3800 = ORIENTED_EDGE ( 'NONE', *, *, #4629, .T. ) ;
#3801 = VERTEX_POINT ( 'NONE', #4633 ) ;
#3802 = ADVANCED_FACE ( 'NONE', ( #3952 ), #6410, .F. ) ;
#3803 = CARTESIAN_POINT ( 'NONE',  ( -65.75358379238356576, 3.269755561763377116, 8.277602223247843227 ) ) ;
#3804 = CYLINDRICAL_SURFACE ( 'NONE', #758, 0.8251621488222921075 ) ;
#3805 = DIRECTION ( 'NONE',  ( 0.0000000000000000000, 0.0000000000000000000, 1.000000000000000000 ) ) ;
#3806 =( NAMED_UNIT ( * ) SI_UNIT ( $, .STERADIAN. ) SOLID_ANGLE_UNIT ( ) );
#3807 = EDGE_CURVE ( 'NONE', #7068, #683, #1761, .T. ) ;
#3808 = CARTESIAN_POINT ( 'NONE',  ( -98.70000000000001705, 0.0000000000000000000, -8.850000000000004974 ) ) ;
#3809 = ORIENTED_EDGE ( 'NONE', *, *, #1006, .T. ) ;
#3810 = DIRECTION ( 'NONE',  ( 0.0000000000000000000, 0.0000000000000000000, 1.000000000000000000 ) ) ;
#3811 = EDGE_CURVE ( 'NONE', #1528, #1360, #2276, .T. ) ;
#3812 = FACE_OUTER_BOUND ( 'NONE', #4091, .T. ) ;
#3813 = FACE_OUTER_BOUND ( 'NONE', #6081, .T. ) ;
#3814 = CARTESIAN_POINT ( 'NONE',  ( -66.16740083706559972, -4.678329294657950221, -10.09999999999999964 ) ) ;
#3815 = ORIENTED_EDGE ( 'NONE', *, *, #5056, .T. ) ;
#3816 = CARTESIAN_POINT ( 'NONE',  ( -66.98318744662110191, 1.015212420700656537, -10.09999999999999964 ) ) ;
#3817 = CIRCLE ( 'NONE', #485, 9.099999999999999645 ) ;
#3818 = CARTESIAN_POINT ( 'NONE',  ( -67.20919697746613508, 0.01382858428120493748, 8.899989256749526234 ) ) ;
#3819 = EDGE_CURVE ( 'NONE', #3549, #2610, #7056, .T. ) ;
#3820 = CARTESIAN_POINT ( 'NONE',  ( -65.64777974846670361, -4.771032845812130496, -10.09999999999999964 ) ) ;
#3821 = CARTESIAN_POINT ( 'NONE',  ( -67.42247593304969655, 0.6437229556095018790, 9.077203355462605927 ) ) ;
#3822 = ORIENTED_EDGE ( 'NONE', *, *, #2983, .F. ) ;
#3823 = CYLINDRICAL_SURFACE ( 'NONE', #6403, 0.7617660901780287652 ) ;
#3824 = LINE ( 'NONE', #982, #3124 ) ;
#3825 = ORIENTED_EDGE ( 'NONE', *, *, #2311, .T. ) ;
#3826 = ORIENTED_EDGE ( 'NONE', *, *, #2884, .F. ) ;
#3827 = VECTOR ( 'NONE', #4103, 1000.000000000000000 ) ;
#3828 = AXIS2_PLACEMENT_3D ( 'NONE', #6856, #6743, #2200 ) ;
#3829 = CARTESIAN_POINT ( 'NONE',  ( -67.03620679376464864, 1.405259455362253718, 8.990932102524439529 ) ) ;
#3830 = CARTESIAN_POINT ( 'NONE',  ( -67.46216343304965335, -4.651871251675745000, 7.821131239010948200 ) ) ;
#3831 = ORIENTED_EDGE ( 'NONE', *, *, #847, .T. ) ;
#3832 = CARTESIAN_POINT ( 'NONE',  ( -64.90025035154523891, -0.2285120296145623231, 9.097196007290943243 ) ) ;
#3833 = FACE_OUTER_BOUND ( 'NONE', #1738, .T. ) ;
#3834 = VECTOR ( 'NONE', #3913, 1000.000000000000000 ) ;
#3835 = ORIENTED_EDGE ( 'NONE', *, *, #6930, .F. ) ;
#3836 = AXIS2_PLACEMENT_3D ( 'NONE', #841, #1449, #5425 ) ;
#3837 = ORIENTED_EDGE ( 'NONE', *, *, #6775, .F. ) ;
#3838 = B_SPLINE_CURVE_WITH_KNOTS ( 'NONE', 3,
 ( #6689, #2182, #2782, #4999 ),
 .UNSPECIFIED., .F., .F.,
 ( 4, 4 ),
 ( 1.436137251051533644E-14, 0.0004086969296730234651 ),
 .UNSPECIFIED. ) ;
#3839 = CARTESIAN_POINT ( 'NONE',  ( -66.80542513442860297, 0.1369446043025991655, 8.898946351976317004 ) ) ;
#3840 = CIRCLE ( 'NONE', #5027, 8.900000000000000355 ) ;
#3841 = CYLINDRICAL_SURFACE ( 'NONE', #837, 0.6664799473592164514 ) ;
#3842 = CARTESIAN_POINT ( 'NONE',  ( -67.04762754073335884, 0.9357509609313138244, -10.09999999999999964 ) ) ;
#3843 = B_SPLINE_CURVE_WITH_KNOTS ( 'NONE', 3,
 ( #1021, #6655, #7384, #6612 ),
 .UNSPECIFIED., .F., .F.,
 ( 4, 4 ),
 ( 1.408589458143369552E-17, 0.0002572787254152124358 ),
 .UNSPECIFIED. ) ;
#3844 = CARTESIAN_POINT ( 'NONE',  ( 103.2999999999999972, 3.918869757271530460E-16, 3.199999999999981082 ) ) ;
#3845 = CARTESIAN_POINT ( 'NONE',  ( -64.56386977149037421, -5.181812971790226818, 7.480887141046750344 ) ) ;
#3846 = ORIENTED_EDGE ( 'NONE', *, *, #3328, .F. ) ;
#3847 = EDGE_CURVE ( 'NONE', #3178, #5808, #3992, .T. ) ;
#3848 = EDGE_CURVE ( 'NONE', #2498, #2051, #6769, .T. ) ;
#3849 = CIRCLE ( 'NONE', #4209, 8.900000000000000355 ) ;
#3850 = CARTESIAN_POINT ( 'NONE',  ( -65.44160589713892762, -5.510670070154654709, 6.988871799451565003 ) ) ;
#3851 = CARTESIAN_POINT ( 'NONE',  ( -66.43981237135652407, 3.346948729027985348, 8.462147139187438327 ) ) ;
#3852 = B_SPLINE_CURVE_WITH_KNOTS ( 'NONE', 3,
 ( #6876, #581, #2331, #6270 ),
 .UNSPECIFIED., .F., .F.,
 ( 4, 4 ),
 ( 0.0000000000000000000, 0.0003635141845868825657 ),
 .UNSPECIFIED. ) ;
#3853 = DIRECTION ( 'NONE',  ( 1.000000000000000000, -9.747081343248079673E-17, 0.0000000000000000000 ) ) ;
#3854 = CARTESIAN_POINT ( 'NONE',  ( -64.99102765589616126, -5.699484790629335329, 7.094723202639142912 ) ) ;
#3855 = EDGE_CURVE ( 'NONE', #772, #6645, #3026, .T. ) ;
#3856 = EDGE_LOOP ( 'NONE', ( #2163, #3612 ) ) ;
#3857 = CARTESIAN_POINT ( 'NONE',  ( -65.59304757034267652, 2.610734539434800716, 8.717457494281367403 ) ) ;
#3858 = DIRECTION ( 'NONE',  ( 0.0000000000000000000, 0.0000000000000000000, 1.000000000000000000 ) ) ;
#3859 = ADVANCED_FACE ( 'NONE', ( #4251 ), #7285, .F. ) ;
#3860 = AXIS2_PLACEMENT_3D ( 'NONE', #2790, #3905, #1034 ) ;
#3861 = ORIENTED_EDGE ( 'NONE', *, *, #2797, .T. ) ;
#3862 = CARTESIAN_POINT ( 'NONE',  ( -66.96605320176570331, 2.061987744900523278, -10.09999999999999964 ) ) ;
#3863 = DIRECTION ( 'NONE',  ( -0.0000000000000000000, -0.0000000000000000000, -1.000000000000000000 ) ) ;
#3864 = VERTEX_POINT ( 'NONE', #2642 ) ;
#3865 = ORIENTED_EDGE ( 'NONE', *, *, #4677, .F. ) ;
#3866 = CIRCLE ( 'NONE', #1372, 3.200000000000000178 ) ;
#3867 = PLANE ( 'NONE',  #3234 ) ;
#3868 = CARTESIAN_POINT ( 'NONE',  ( -66.92700305355774049, 0.1951493975030375028, 9.098029111508802558 ) ) ;
#3869 = ORIENTED_EDGE ( 'NONE', *, *, #5505, .F. ) ;
#3870 = LINE ( 'NONE', #6238, #1123 ) ;
#3871 = CARTESIAN_POINT ( 'NONE',  ( -67.10458514726757073, 3.038473482066786691, 8.365331926807220597 ) ) ;
#3872 = VERTEX_POINT ( 'NONE', #7245 ) ;
#3873 = VERTEX_POINT ( 'NONE', #3201 ) ;
#3874 = FILL_AREA_STYLE_COLOUR ( '', #4092 ) ;
#3875 = CARTESIAN_POINT ( 'NONE',  ( -67.12878843304969223, 2.858657379011559030, 8.639333191249367161 ) ) ;
#3876 = DIRECTION ( 'NONE',  ( -0.0000000000000000000, -0.0000000000000000000, -1.000000000000000000 ) ) ;
#3877 = CYLINDRICAL_SURFACE ( 'NONE', #17, 0.8767779114736695689 ) ;
#3878 = ORIENTED_EDGE ( 'NONE', *, *, #1898, .F. ) ;
#3879 = CARTESIAN_POINT ( 'NONE',  ( -65.42563112980188578, 2.420496130360033860, 8.772688406847006348 ) ) ;
#3880 = EDGE_CURVE ( 'NONE', #6506, #1049, #1665, .T. ) ;
#3881 = EDGE_CURVE ( 'NONE', #5450, #2717, #941, .T. ) ;
#3882 = CARTESIAN_POINT ( 'NONE',  ( -64.67012716738648237, -5.385283857143051023, 7.085811017660198274 ) ) ;
#3883 = PLANE ( 'NONE',  #5773 ) ;
#3884 = DIRECTION ( 'NONE',  ( 0.0000000000000000000, 0.0000000000000000000, 1.000000000000000000 ) ) ;
#3885 = VECTOR ( 'NONE', #1982, 1000.000000000000000 ) ;
#3886 = CARTESIAN_POINT ( 'NONE',  ( -67.24436631441221834, 0.05250531818094949371, 8.899929161792215382 ) ) ;
#3887 = CARTESIAN_POINT ( 'NONE',  ( -67.14160258921448587, 2.161992946846051034, 8.633752640759027486 ) ) ;
#3888 = VERTEX_POINT ( 'NONE', #990 ) ;
#3889 = CARTESIAN_POINT ( 'NONE',  ( -71.30020535340770493, 1.612270057102940468, 8.956036247301009112 ) ) ;
#3890 = VECTOR ( 'NONE', #4572, 1000.000000000000000 ) ;
#3891 = EDGE_CURVE ( 'NONE', #4619, #7397, #3794, .T. ) ;
#3892 = CYLINDRICAL_SURFACE ( 'NONE', #2183, 0.8165887780588187983 ) ;
#3893 = CARTESIAN_POINT ( 'NONE',  ( -66.22098313664150737, -4.661096095019431118, -10.09999999999999964 ) ) ;
#3894 = ORIENTED_EDGE ( 'NONE', *, *, #4178, .F. ) ;
#3895 = B_SPLINE_CURVE_WITH_KNOTS ( 'NONE', 3,
 ( #3378, #5676, #1225, #3499 ),
 .UNSPECIFIED., .F., .F.,
 ( 4, 4 ),
 ( 3.959210863042124947E-13, 0.0001691164894050841111 ),
 .UNSPECIFIED. ) ;
#3896 = DIRECTION ( 'NONE',  ( 0.0000000000000000000, 0.0000000000000000000, 1.000000000000000000 ) ) ;
#3897 = FACE_BOUND ( 'NONE', #4350, .T. ) ;
#3898 = DIRECTION ( 'NONE',  ( 1.000000000000000000, 0.0000000000000000000, 0.0000000000000000000 ) ) ;
#3899 = ORIENTED_EDGE ( 'NONE', *, *, #5288, .F. ) ;
#3900 = EDGE_LOOP ( 'NONE', ( #3221, #6153, #4021, #3097 ) ) ;
#3901 = EDGE_CURVE ( 'NONE', #6603, #7267, #409, .T. ) ;
#3902 = CARTESIAN_POINT ( 'NONE',  ( -64.58771094470677099, -4.140217132109860643, 8.103862730817647630 ) ) ;
#3903 = DIRECTION ( 'NONE',  ( 1.000000000000000000, 0.0000000000000000000, 0.0000000000000000000 ) ) ;
#3904 = VERTEX_POINT ( 'NONE', #400 ) ;
#3905 = DIRECTION ( 'NONE',  ( -0.0000000000000000000, -0.0000000000000000000, -1.000000000000000000 ) ) ;
#3906 = DIRECTION ( 'NONE',  ( 0.0000000000000000000, 0.0000000000000000000, 1.000000000000000000 ) ) ;
#3907 = VERTEX_POINT ( 'NONE', #6731 ) ;
#3908 = ORIENTED_EDGE ( 'NONE', *, *, #5633, .T. ) ;
#3909 = EDGE_CURVE ( 'NONE', #7111, #2701, #677, .T. ) ;
#3910 = CARTESIAN_POINT ( 'NONE',  ( -67.45094052360761339, -4.833580988277605961, 7.473051239604974860 ) ) ;
#3911 = CARTESIAN_POINT ( 'NONE',  ( -67.40712804066956210, -4.269522496301595638, 8.036241512894868322 ) ) ;
#3912 = LINE ( 'NONE', #410, #2787 ) ;
#3913 = DIRECTION ( 'NONE',  ( 0.0000000000000000000, 0.0000000000000000000, 1.000000000000000000 ) ) ;
#3914 = FACE_OUTER_BOUND ( 'NONE', #801, .T. ) ;
#3915 = CARTESIAN_POINT ( 'NONE',  ( -64.52793426638299934, 4.315353823343920148, 7.783811494335611592 ) ) ;
#3916 = CYLINDRICAL_SURFACE ( 'NONE', #3716, 1.543781532501856013 ) ;
#3917 = EDGE_LOOP ( 'NONE', ( #6160, #350, #4955, #5204 ) ) ;
#3918 = CYLINDRICAL_SURFACE ( 'NONE', #4786, 0.6697546779232260716 ) ;
#3919 = CARTESIAN_POINT ( 'NONE',  ( -64.95940743066940115, -0.1939808745232452503, 9.097932260701847795 ) ) ;
#3920 = CARTESIAN_POINT ( 'NONE',  ( -65.09515939553688213, 2.115059340848962854, 8.645187531499361810 ) ) ;
#3921 = CARTESIAN_POINT ( 'NONE',  ( -64.94159378512718206, -5.156915354476333313, 7.497747930329908606 ) ) ;
#3922 = DIRECTION ( 'NONE',  ( 0.0000000000000000000, 0.0000000000000000000, -1.000000000000000000 ) ) ;
#3923 = CARTESIAN_POINT ( 'NONE',  ( -67.09269244943551769, 3.069595406945620830, 8.353896338694811519 ) ) ;
#3924 = VERTEX_POINT ( 'NONE', #1523 ) ;
#3925 = EDGE_CURVE ( 'NONE', #5470, #6468, #5499, .T. ) ;
#3926 = CARTESIAN_POINT ( 'NONE',  ( 103.2999999999999972, 0.0000000000000000000, -1.897590215278827558E-14 ) ) ;
#3927 = CARTESIAN_POINT ( 'NONE',  ( -67.02937656083906859, 3.186380225893011175, 8.523959213939468427 ) ) ;
#3928 = LINE ( 'NONE', #1094, #895 ) ;
#3929 = CARTESIAN_POINT ( 'NONE',  ( -66.98440449857440626, 3.236494773470020014, -10.09999999999999964 ) ) ;
#3930 = CARTESIAN_POINT ( 'NONE',  ( -67.12706081971151661, -4.521341510266846164, -10.09999999999999964 ) ) ;
#3931 = ORIENTED_EDGE ( 'NONE', *, *, #7033, .F. ) ;
#3932 = ORIENTED_EDGE ( 'NONE', *, *, #231, .T. ) ;
#3933 = EDGE_CURVE ( 'NONE', #7022, #7112, #4516, .T. ) ;
#3934 = ADVANCED_FACE ( 'NONE', ( #7318 ), #4445, .T. ) ;
#3935 = CARTESIAN_POINT ( 'NONE',  ( -67.01607559662967617, -4.227328267499162351, 7.832038763896265188 ) ) ;
#3936 = DIRECTION ( 'NONE',  ( -1.000000000000000000, 0.0000000000000000000, 0.0000000000000000000 ) ) ;
#3937 = VECTOR ( 'NONE', #6263, 1000.000000000000000 ) ;
#3938 = DIRECTION ( 'NONE',  ( 1.000000000000000000, 0.0000000000000000000, 0.0000000000000000000 ) ) ;
#3939 = DIRECTION ( 'NONE',  ( -3.749399456654620072E-33, 1.000000000000000000, 6.123233995736732756E-17 ) ) ;
#3940 = ORIENTED_EDGE ( 'NONE', *, *, #744, .T. ) ;
#3941 = CARTESIAN_POINT ( 'NONE',  ( -66.20392500701603922, 0.9993188375797875667, 8.843718780064097729 ) ) ;
#3942 = CARTESIAN_POINT ( 'NONE',  ( -66.56521723046984107, 1.508124961849973023, 8.974160634814506210 ) ) ;
#3943 = VERTEX_POINT ( 'NONE', #2683 ) ;
#3944 = ORIENTED_EDGE ( 'NONE', *, *, #5930, .T. ) ;
#3945 = EDGE_CURVE ( 'NONE', #5719, #2091, #5864, .T. ) ;
#3946 = AXIS2_PLACEMENT_3D ( 'NONE', #3259, #6108, #1613 ) ;
#3947 = B_SPLINE_CURVE_WITH_KNOTS ( 'NONE', 3,
 ( #4082, #6342, #5182, #6422 ),
 .UNSPECIFIED., .F., .F.,
 ( 4, 4 ),
 ( 5.485677294651096434E-18, 0.0001995400716116319927 ),
 .UNSPECIFIED. ) ;
#3948 = DIRECTION ( 'NONE',  ( 1.000000000000000000, 0.0000000000000000000, -1.836970198721029934E-16 ) ) ;
#3949 = CARTESIAN_POINT ( 'NONE',  ( -66.33970206645339829, -4.605886225100370268, -10.09999999999999964 ) ) ;
#3950 = DIRECTION ( 'NONE',  ( 1.000000000000000000, 0.0000000000000000000, -1.836970198721029934E-16 ) ) ;
#3951 = B_SPLINE_CURVE_WITH_KNOTS ( 'NONE', 3,
 ( #676, #5728, #2874, #4717 ),
 .UNSPECIFIED., .F., .F.,
 ( 4, 4 ),
 ( 8.673617379884035472E-19, 0.0001257440088149226222 ),
 .UNSPECIFIED. ) ;
#3952 = FACE_OUTER_BOUND ( 'NONE', #6475, .T. ) ;
#3953 = EDGE_CURVE ( 'NONE', #2553, #4863, #2939, .T. ) ;
#3954 = DIRECTION ( 'NONE',  ( 1.000000000000000000, 0.0000000000000000000, -1.836970198721029934E-16 ) ) ;
#3955 = CARTESIAN_POINT ( 'NONE',  ( -64.99081044387136785, -4.165182614566301567, 7.865192546107801164 ) ) ;
#3956 = DIRECTION ( 'NONE',  ( 1.000000000000000000, 0.0000000000000000000, 0.0000000000000000000 ) ) ;
#3957 = ORIENTED_EDGE ( 'NONE', *, *, #2174, .T. ) ;
#3958 = ORIENTED_EDGE ( 'NONE', *, *, #2361, .T. ) ;
#3959 = EDGE_CURVE ( 'NONE', #2480, #1857, #3455, .T. ) ;
#3960 = CARTESIAN_POINT ( 'NONE',  ( -66.96605320176560383, -0.1605121025116209299, 8.898552458964745782 ) ) ;
#3961 = AXIS2_PLACEMENT_3D ( 'NONE', #1391, #7217, #6560 ) ;
#3962 = VECTOR ( 'NONE', #5638, 1000.000000000000000 ) ;
#3963 = CYLINDRICAL_SURFACE ( 'NONE', #5907, 0.8632754064511610759 ) ;
#3964 = VECTOR ( 'NONE', #3157, 1000.000000000000000 ) ;
#3965 = CARTESIAN_POINT ( 'NONE',  ( -66.94076318105176426, 3.667426814537572355, 8.328263958353565144 ) ) ;
#3966 = DIRECTION ( 'NONE',  ( -0.0000000000000000000, -0.0000000000000000000, -1.000000000000000000 ) ) ;
#3967 = LINE ( 'NONE', #3816, #2744 ) ;
#3968 = B_SPLINE_CURVE_WITH_KNOTS ( 'NONE', 3,
 ( #5090, #1079, #1608, #5055 ),
 .UNSPECIFIED., .F., .F.,
 ( 4, 4 ),
 ( 2.754259364611720322E-15, 0.0002064013853256400932 ),
 .UNSPECIFIED. ) ;
#3969 = FILL_AREA_STYLE_COLOUR ( '', #785 ) ;
#3970 = CARTESIAN_POINT ( 'NONE',  ( -66.82348332695623583, 1.121014632257738564, 9.030688024412327763 ) ) ;
#3971 = CARTESIAN_POINT ( 'NONE',  ( -65.75169301400545407, -5.570364276083206612, 7.195945241146164406 ) ) ;
#3972 = ORIENTED_EDGE ( 'NONE', *, *, #5287, .T. ) ;
#3973 = CARTESIAN_POINT ( 'NONE',  ( -64.93354490334914431, -4.237561574165111367, 7.826575743879474523 ) ) ;
#3974 = LINE ( 'NONE', #3930, #2888 ) ;
#3975 = EDGE_LOOP ( 'NONE', ( #4126, #3835, #4977, #5125 ) ) ;
#3976 = ORIENTED_EDGE ( 'NONE', *, *, #3557, .F. ) ;
#3977 = CARTESIAN_POINT ( 'NONE',  ( -67.12152177864236080, -4.482190607851358699, 7.689085338129219238 ) ) ;
#3978 = CARTESIAN_POINT ( 'NONE',  ( -66.94076318111704893, 3.667426814510443833, 8.109252774467568869 ) ) ;
#3979 = VECTOR ( 'NONE', #6061, 1000.000000000000000 ) ;
#3980 = CARTESIAN_POINT ( 'NONE',  ( -66.98318744662110191, 3.237712268112767244, -10.09999999999999964 ) ) ;
#3981 = EDGE_CURVE ( 'NONE', #7160, #5752, #3983, .T. ) ;
#3982 = ADVANCED_FACE ( 'NONE', ( #6319 ), #5751, .F. ) ;
#3983 = LINE ( 'NONE', #1184, #851 ) ;
#3984 = ORIENTED_EDGE ( 'NONE', *, *, #1709, .F. ) ;
#3985 = CARTESIAN_POINT ( 'NONE',  ( -67.42247593304969655, 0.6437229556095018790, 9.077203355462605927 ) ) ;
#3986 = CARTESIAN_POINT ( 'NONE',  ( -64.49670977756728973, -4.443763201226277992, 7.711223548272179151 ) ) ;
#3987 = ORIENTED_EDGE ( 'NONE', *, *, #2565, .T. ) ;
#3988 = ORIENTED_EDGE ( 'NONE', *, *, #2341, .F. ) ;
#3989 = STYLED_ITEM ( 'NONE', ( #4086 ), #5780 ) ;
#3990 = CARTESIAN_POINT ( 'NONE',  ( -65.33650851338485666, 2.329487421310715511, 8.589731564720480606 ) ) ;
#3991 = EDGE_CURVE ( 'NONE', #4172, #4973, #1028, .T. ) ;
#3992 = LINE ( 'NONE', #4286, #2530 ) ;
#3993 = CARTESIAN_POINT ( 'NONE',  ( -64.80574676638292431, -4.728614015947353977, 7.775128090674572334 ) ) ;
#3994 = CARTESIAN_POINT ( 'NONE',  ( -66.39257978543929539, -4.657286943678579760, -10.09999999999999964 ) ) ;
#3995 = ORIENTED_EDGE ( 'NONE', *, *, #3330, .F. ) ;
#3996 = VERTEX_POINT ( 'NONE', #1261 ) ;
#3997 = DIRECTION ( 'NONE',  ( 1.000000000000000000, 0.0000000000000000000, 0.0000000000000000000 ) ) ;
#3998 = EDGE_CURVE ( 'NONE', #3469, #4090, #5677, .T. ) ;
#3999 = EDGE_CURVE ( 'NONE', #3085, #3178, #150, .T. ) ;
#4000 = DIRECTION ( 'NONE',  ( -0.0000000000000000000, -0.0000000000000000000, -1.000000000000000000 ) ) ;
#4001 = CARTESIAN_POINT ( 'NONE',  ( -67.40675155066884372, 0.8405033331035173250, -10.09999999999999964 ) ) ;
#4002 = CARTESIAN_POINT ( 'NONE',  ( -66.63747286830620453, 2.791969979148670067, -10.09999999999999964 ) ) ;
#4003 = CARTESIAN_POINT ( 'NONE',  ( -64.96182552429610269, 0.2138970497767082868, 8.897429294582623882 ) ) ;
#4004 = CARTESIAN_POINT ( 'NONE',  ( -66.39392951643752383, 3.702005688182123944, 8.312960978082204022 ) ) ;
#4005 = ORIENTED_EDGE ( 'NONE', *, *, #1103, .T. ) ;
#4006 = DIRECTION ( 'NONE',  ( 0.0000000000000000000, 0.0000000000000000000, 1.000000000000000000 ) ) ;
#4007 = ADVANCED_FACE ( 'NONE', ( #3417 ), #1667, .F. ) ;
#4008 = CARTESIAN_POINT ( 'NONE',  ( -64.89376726969963727, -5.623979628468349645, 6.897887585237466368 ) ) ;
#4009 = ORIENTED_EDGE ( 'NONE', *, *, #54, .T. ) ;
#4010 = CARTESIAN_POINT ( 'NONE',  ( -66.98421006156465296, 0.2505633063312132647, -10.09999999999999964 ) ) ;
#4011 = ORIENTED_EDGE ( 'NONE', *, *, #6895, .T. ) ;
#4012 = ORIENTED_EDGE ( 'NONE', *, *, #2105, .T. ) ;
#4013 = VERTEX_POINT ( 'NONE', #7427 ) ;
#4014 = CARTESIAN_POINT ( 'NONE',  ( -67.32911565482316973, 2.409707789634634612, 8.775291345749419492 ) ) ;
#4015 = CARTESIAN_POINT ( 'NONE',  ( -67.06565016261494350, 2.575232579584574300, 8.728241319798964781 ) ) ;
#4016 = LINE ( 'NONE', #1704, #5983 ) ;
#4017 = DIRECTION ( 'NONE',  ( -0.0000000000000000000, -0.0000000000000000000, -1.000000000000000000 ) ) ;
#4018 = ORIENTED_EDGE ( 'NONE', *, *, #2850, .F. ) ;
#4019 = CARTESIAN_POINT ( 'NONE',  ( -65.72035315810681766, -5.945557544784208837, 6.622800347821445222 ) ) ;
#4020 = ORIENTED_EDGE ( 'NONE', *, *, #1267, .T. ) ;
#4021 = ORIENTED_EDGE ( 'NONE', *, *, #1751, .F. ) ;
#4022 = ADVANCED_FACE ( 'NONE', ( #2860 ), #2342, .F. ) ;
#4023 = B_SPLINE_CURVE_WITH_KNOTS ( 'NONE', 3,
 ( #2338, #4015, #3533, #1814 ),
 .UNSPECIFIED., .F., .F.,
 ( 4, 4 ),
 ( 0.0000000000000000000, 0.0001992708585708124894 ),
 .UNSPECIFIED. ) ;
#4024 = LINE ( 'NONE', #3462, #2542 ) ;
#4025 = DIRECTION ( 'NONE',  ( 0.0000000000000000000, 0.0000000000000000000, 1.000000000000000000 ) ) ;
#4026 = B_SPLINE_CURVE_WITH_KNOTS ( 'NONE', 3,
 ( #3614, #3028, #1305, #6368 ),
 .UNSPECIFIED., .F., .F.,
 ( 4, 4 ),
 ( 2.259453522333446357E-14, 0.0004439196047090687648 ),
 .UNSPECIFIED. ) ;
#4027 = CARTESIAN_POINT ( 'NONE',  ( -67.20919697746614929, 0.01382858428122645325, 9.099989492865198315 ) ) ;
#4028 = DIRECTION ( 'NONE',  ( -0.0000000000000000000, -0.0000000000000000000, -1.000000000000000000 ) ) ;
#4029 = CARTESIAN_POINT ( 'NONE',  ( -65.93034995836477208, 3.436069172315416420, 8.426353223255233615 ) ) ;
#4030 = FACE_OUTER_BOUND ( 'NONE', #5533, .T. ) ;
#4031 = CARTESIAN_POINT ( 'NONE',  ( -64.52793426638299934, -1.150937614440910250, 8.825267282505683042 ) ) ;
#4032 = ORIENTED_EDGE ( 'NONE', *, *, #1006, .F. ) ;
#4033 = B_SPLINE_CURVE_WITH_KNOTS ( 'NONE', 3,
 ( #5876, #1718, #3993, #6292 ),
 .UNSPECIFIED., .F., .F.,
 ( 4, 4 ),
 ( 0.0000000000000000000, 0.0001471938989658445798 ),
 .UNSPECIFIED. ) ;
#4034 = VERTEX_POINT ( 'NONE', #1226 ) ;
#4035 = CARTESIAN_POINT ( 'NONE',  ( -66.12380674298974270, 3.580039177987058618, 8.148209587638129747 ) ) ;
#4036 = EDGE_CURVE ( 'NONE', #6858, #1407, #51, .T. ) ;
#4037 = DIRECTION ( 'NONE',  ( 1.000000000000000000, 0.0000000000000000000, 0.0000000000000000000 ) ) ;
#4038 = CARTESIAN_POINT ( 'NONE',  ( -66.28224579171299524, 3.662432598360049418, 8.111509567427622969 ) ) ;
#4039 = PLANE ( 'NONE',  #2033 ) ;
#4040 = CARTESIAN_POINT ( 'NONE',  ( -65.99467776452640067, 3.045111062304179050, 8.575389123429498994 ) ) ;
#4041 = ORIENTED_EDGE ( 'NONE', *, *, #6164, .F. ) ;
#4042 = EDGE_CURVE ( 'NONE', #2717, #5323, #6966, .T. ) ;
#4043 = DIRECTION ( 'NONE',  ( -1.000000000000000000, 0.0000000000000000000, 0.0000000000000000000 ) ) ;
#4044 = B_SPLINE_CURVE_WITH_KNOTS ( 'NONE', 3,
 ( #1504, #5508, #931, #3215 ),
 .UNSPECIFIED., .F., .F.,
 ( 4, 4 ),
 ( 2.056867850680527254E-15, 0.0002087299311345566387 ),
 .UNSPECIFIED. ) ;
#4045 = DIRECTION ( 'NONE',  ( -1.000000000000000000, 0.0000000000000000000, 0.0000000000000000000 ) ) ;
#4046 = FACE_OUTER_BOUND ( 'NONE', #6725, .T. ) ;
#4047 = CARTESIAN_POINT ( 'NONE',  ( -65.63193521794599405, -5.551181300825190235, 7.210713291025301785 ) ) ;
#4048 = ADVANCED_FACE ( 'NONE', ( #2788 ), #2226, .F. ) ;
#4049 = ORIENTED_EDGE ( 'NONE', *, *, #3133, .T. ) ;
#4050 = CYLINDRICAL_SURFACE ( 'NONE', #6047, 0.6230671911162666277 ) ;
#4051 = DIRECTION ( 'NONE',  ( 0.7069781916723549831, 0.7072353473205980068, 0.0000000000000000000 ) ) ;
#4052 = VERTEX_POINT ( 'NONE', #2268 ) ;
#4053 = ORIENTED_EDGE ( 'NONE', *, *, #6581, .T. ) ;
#4054 = EDGE_CURVE ( 'NONE', #356, #2467, #3080, .T. ) ;
#4055 = CARTESIAN_POINT ( 'NONE',  ( -65.06082165229327074, 2.518647144717315989, 8.744507794061798123 ) ) ;
#4056 = CARTESIAN_POINT ( 'NONE',  ( -66.75395670455401387, -3.595243906617151985, 8.141610132569129021 ) ) ;
#4057 = CARTESIAN_POINT ( 'NONE',  ( -67.41864671154590383, -5.002816254431729170, -10.09999999999999964 ) ) ;
#4058 = DIRECTION ( 'NONE',  ( 1.000000000000000000, 0.0000000000000000000, 0.0000000000000000000 ) ) ;
#4059 = ORIENTED_EDGE ( 'NONE', *, *, #1007, .T. ) ;
#4060 = CARTESIAN_POINT ( 'NONE',  ( -65.93034995837959400, 1.213569324916024428, 8.816872999744470363 ) ) ;
#4061 = FACE_OUTER_BOUND ( 'NONE', #5494, .T. ) ;
#4062 = ORIENTED_EDGE ( 'NONE', *, *, #4691, .F. ) ;
#4063 = B_SPLINE_CURVE_WITH_KNOTS ( 'NONE', 3,
 ( #7274, #6874, #3971, #4047 ),
 .UNSPECIFIED., .F., .F.,
 ( 4, 4 ),
 ( 4.544196748960524529E-14, 0.0003647383582427169888 ),
 .UNSPECIFIED. ) ;
#4064 = VECTOR ( 'NONE', #7376, 1000.000000000000000 ) ;
#4065 = CARTESIAN_POINT ( 'NONE',  ( -64.72703323586931390, -3.925528007917658879, 7.987504607764192244 ) ) ;
#4066 = CARTESIAN_POINT ( 'NONE',  ( -64.73499390254292507, 1.927695121957604618, 8.688740278340661760 ) ) ;
#4067 = CARTESIAN_POINT ( 'NONE',  ( -65.53051077274616887, 3.033688652007221709, 8.367993786736777295 ) ) ;
#4068 = CYLINDRICAL_SURFACE ( 'NONE', #7008, 1.770657625700056137 ) ;
#4069 = CARTESIAN_POINT ( 'NONE',  ( -66.62984216101949642, 3.381374809265144776, 8.448449822261318687 ) ) ;
#4070 = ORIENTED_EDGE ( 'NONE', *, *, #7372, .T. ) ;
#4071 = ORIENTED_EDGE ( 'NONE', *, *, #6717, .T. ) ;
#4072 = CYLINDRICAL_SURFACE ( 'NONE', #2755, 1.110072075723333995 ) ;
#4073 = CIRCLE ( 'NONE', #2516, 9.099999999999999645 ) ;
#4074 = B_SPLINE_CURVE_WITH_KNOTS ( 'NONE', 3,
 ( #562, #4067, #3391, #68 ),
 .UNSPECIFIED., .F., .F.,
 ( 4, 4 ),
 ( 0.0000000000000000000, 1.000000000000000000 ),
 .UNSPECIFIED. ) ;
#4075 = EDGE_CURVE ( 'NONE', #7177, #7298, #763, .T. ) ;
#4076 = EDGE_CURVE ( 'NONE', #3418, #994, #2194, .T. ) ;
#4077 = AXIS2_PLACEMENT_3D ( 'NONE', #1855, #1293, #206 ) ;
#4078 = VECTOR ( 'NONE', #3712, 1000.000000000000000 ) ;
#4079 = CARTESIAN_POINT ( 'NONE',  ( -67.34608387508498595, 3.275605796559693417, 8.490199391590863343 ) ) ;
#4080 = VERTEX_POINT ( 'NONE', #551 ) ;
#4081 = CARTESIAN_POINT ( 'NONE',  ( -64.86924676638300014, 0.0000000000000000000, 1.191628731233266239E-14 ) ) ;
#4082 = CARTESIAN_POINT ( 'NONE',  ( -66.98421006156466717, 2.473063153743310760, 8.549500490531443120 ) ) ;
#4083 = AXIS2_PLACEMENT_3D ( 'NONE', #2674, #4966, #6656 ) ;
#4084 = CARTESIAN_POINT ( 'NONE',  ( -64.85092471517630486, -4.969547256791336132, 7.383479947154452994 ) ) ;
#4085 = ADVANCED_FACE ( 'NONE', ( #4206 ), #282, .T. ) ;
#4086 = PRESENTATION_STYLE_ASSIGNMENT (( #3371 ) ) ;
#4087 = CARTESIAN_POINT ( 'NONE',  ( -66.80542513442860297, 2.359444451714699298, -10.09999999999999964 ) ) ;
#4088 = CARTESIAN_POINT ( 'NONE',  ( -66.50282674050431808, -4.582553861152299568, -10.09999999999999964 ) ) ;
#4089 = EDGE_LOOP ( 'NONE', ( #2783, #580, #3129, #835 ) ) ;
#4090 = VERTEX_POINT ( 'NONE', #1856 ) ;
#4091 = EDGE_LOOP ( 'NONE', ( #2089, #5671, #4053, #3740 ) ) ;
#4092 = COLOUR_RGB ( '',1.000000000000000000, 0.5999999999999999778, 0.2000000000000000111 ) ;
#4093 = CARTESIAN_POINT ( 'NONE',  ( -64.83970852115463401, -4.930712128376311121, -10.09999999999999964 ) ) ;
#4094 = CARTESIAN_POINT ( 'NONE',  ( -66.17404529470840657, 1.389856197126596804, 8.790868501387835821 ) ) ;
#4095 = EDGE_CURVE ( 'NONE', #2610, #3092, #7129, .T. ) ;
#4096 = STYLED_ITEM ( 'NONE', ( #5908 ), #4818 ) ;
#4097 = CARTESIAN_POINT ( 'NONE',  ( -66.46095187153730421, -5.521684688117119322, 6.980136707062837509 ) ) ;
#4098 = ORIENTED_EDGE ( 'NONE', *, *, #78, .T. ) ;
#4099 = CARTESIAN_POINT ( 'NONE',  ( -67.32191256630507326, 3.325052498810935120, 8.255701496457017896 ) ) ;
#4100 = CARTESIAN_POINT ( 'NONE',  ( -64.99081044402925045, -4.165182614384161930, 8.090812925091775298 ) ) ;
#4101 = ORIENTED_EDGE ( 'NONE', *, *, #6431, .F. ) ;
#4102 = CARTESIAN_POINT ( 'NONE',  ( -66.62235942056270233, 0.6448495554018990328, -10.09999999999999964 ) ) ;
#4103 = DIRECTION ( 'NONE',  ( 0.0000000000000000000, 0.0000000000000000000, 1.000000000000000000 ) ) ;
#4104 = EDGE_CURVE ( 'NONE', #5240, #6982, #5311, .T. ) ;
#4105 = CARTESIAN_POINT ( 'NONE',  ( -64.89376726977420162, -5.623979628526219798, -10.09999999999999964 ) ) ;
#4106 = CARTESIAN_POINT ( 'NONE',  ( -67.41189259971629610, 4.315353823343920148, -10.09999999999999964 ) ) ;
#4107 = CYLINDRICAL_SURFACE ( 'NONE', #1929, 0.7563790442036560924 ) ;
#4108 = VECTOR ( 'NONE', #2317, 1000.000000000000000 ) ;
#4109 = CARTESIAN_POINT ( 'NONE',  ( -66.48997262860039825, 0.5862636648641450510, -10.09999999999999964 ) ) ;
#4110 = EDGE_LOOP ( 'NONE', ( #3894, #7004, #612, #5532 ) ) ;
#4111 = ORIENTED_EDGE ( 'NONE', *, *, #6140, .T. ) ;
#4112 = CARTESIAN_POINT ( 'NONE',  ( -66.73513193696022938, -3.994114324859914245, 7.953671107552438002 ) ) ;
#4113 = VECTOR ( 'NONE', #2372, 1000.000000000000000 ) ;
#4114 = CARTESIAN_POINT ( 'NONE',  ( -64.52793426638299934, -2.622268958061370281, 8.504922428311026295 ) ) ;
#4115 = CARTESIAN_POINT ( 'NONE',  ( -67.08079331243681054, 0.8782343350231225365, 8.856618030621866922 ) ) ;
#4116 = ADVANCED_FACE ( 'NONE', ( #2737 ), #4468, .F. ) ;
#4117 = CARTESIAN_POINT ( 'NONE',  ( -65.15739458939239626, 2.165862463414770289, 8.838497597984124710 ) ) ;
#4118 = EDGE_CURVE ( 'NONE', #5585, #5514, #5999, .T. ) ;
#4119 = B_SPLINE_CURVE_WITH_KNOTS ( 'NONE', 3,
 ( #5460, #4177, #878, #332 ),
 .UNSPECIFIED., .F., .F.,
 ( 4, 4 ),
 ( 0.0000000000000000000, 0.0004440623511342521048 ),
 .UNSPECIFIED. ) ;
#4120 = CARTESIAN_POINT ( 'NONE',  ( -65.21988171586104954, -5.812069188518740326, 6.740167041540682469 ) ) ;
#4121 = CARTESIAN_POINT ( 'NONE',  ( -66.56428416974128481, 2.199251315696863163, 8.831061335185456329 ) ) ;
#4122 = CARTESIAN_POINT ( 'NONE',  ( 84.00000000000000000, 0.0000000000000000000, -8.850000000000015632 ) ) ;
#4123 = PLANE ( 'NONE',  #5224 ) ;
#4124 = VERTEX_POINT ( 'NONE', #5449 ) ;
#4125 = ORIENTED_EDGE ( 'NONE', *, *, #6147, .T. ) ;
#4126 = ORIENTED_EDGE ( 'NONE', *, *, #6526, .F. ) ;
#4127 = CARTESIAN_POINT ( 'NONE',  ( -66.62984216101949642, 1.158874961853036067, 9.025907645372310384 ) ) ;
#4128 = CARTESIAN_POINT ( 'NONE',  ( -67.41189259971629610, 4.315353823343920148, -10.09999999999999964 ) ) ;
#4129 = ADVANCED_FACE ( 'NONE', ( #979 ), #4392, .F. ) ;
#4130 = PRODUCT ( '829B6730-DA9D-4D83-807B-5086D1A4ACC1', '829B6730-DA9D-4D83-807B-5086D1A4ACC1', '', ( #3254 ) ) ;
#4131 = COLOUR_RGB ( '',1.000000000000000000, 0.5999999999999999778, 0.2000000000000000111 ) ;
#4132 = CARTESIAN_POINT ( 'NONE',  ( -66.61514890214799323, 2.887110514643850046, -10.09999999999999964 ) ) ;
#4133 = CARTESIAN_POINT ( 'NONE',  ( -67.10079531604223746, -4.404687394775145926, 7.733610344096030431 ) ) ;
#4134 = ORIENTED_EDGE ( 'NONE', *, *, #4591, .F. ) ;
#4135 = DIRECTION ( 'NONE',  ( 1.000000000000000000, 0.0000000000000000000, -1.836970198721029934E-16 ) ) ;
#4136 = ORIENTED_EDGE ( 'NONE', *, *, #695, .T. ) ;
#4137 = EDGE_CURVE ( 'NONE', #995, #6660, #390, .T. ) ;
#4138 = ORIENTED_EDGE ( 'NONE', *, *, #3037, .T. ) ;
#4139 = EDGE_CURVE ( 'NONE', #4758, #1185, #2722, .T. ) ;
#4140 = CARTESIAN_POINT ( 'NONE',  ( -67.11904706659120734, 0.7508383620006993109, 9.068971372440667977 ) ) ;
#4141 = CARTESIAN_POINT ( 'NONE',  ( -66.56354310030390309, -3.799716972370151158, 8.269792376749705909 ) ) ;
#4142 = B_SPLINE_CURVE_WITH_KNOTS ( 'NONE', 3,
 ( #2322, #4458, #7335, #3436 ),
 .UNSPECIFIED., .F., .F.,
 ( 4, 4 ),
 ( 2.822762131043143819E-14, 0.0001790415625105758071 ),
 .UNSPECIFIED. ) ;
#4143 = FACE_OUTER_BOUND ( 'NONE', #4953, .T. ) ;
#4144 = ORIENTED_EDGE ( 'NONE', *, *, #6961, .T. ) ;
#4145 = CARTESIAN_POINT ( 'NONE',  ( -65.99467776452597434, 0.8226112148916954192, 8.861902210537794033 ) ) ;
#4146 = FACE_OUTER_BOUND ( 'NONE', #6304, .T. ) ;
#4147 = EDGE_LOOP ( 'NONE', ( #6509, #974, #6636, #3451 ) ) ;
#4148 = ORIENTED_EDGE ( 'NONE', *, *, #232, .T. ) ;
#4149 = CARTESIAN_POINT ( 'NONE',  ( -67.04762754073337305, 0.9357509609313319210, 8.850670603921281909 ) ) ;
#4150 = EDGE_CURVE ( 'NONE', #5190, #2855, #3265, .T. ) ;
#4151 =( NAMED_UNIT ( * ) SI_UNIT ( $, .STERADIAN. ) SOLID_ANGLE_UNIT ( ) );
#4152 = CARTESIAN_POINT ( 'NONE',  ( -66.35570731335033656, 1.092941634347142310, 8.832694231864415713 ) ) ;
#4153 = CARTESIAN_POINT ( 'NONE',  ( -67.07688518441854342, -5.588536552414110403, 6.926634045648115467 ) ) ;
#4154 = VERTEX_POINT ( 'NONE', #3193 ) ;
#4155 = CARTESIAN_POINT ( 'NONE',  ( -65.02916607888286649, 2.069238473156227887, 8.861715235672523505 ) ) ;
#4156 = LINE ( 'NONE', #116, #1835 ) ;
#4157 = CARTESIAN_POINT ( 'NONE',  ( -66.08976726559160397, -5.580062690739541864, 7.188386492629398994 ) ) ;
#4158 = CARTESIAN_POINT ( 'NONE',  ( -64.95940743065260392, 2.028518972879061799, -10.09999999999999964 ) ) ;
#4159 = CARTESIAN_POINT ( 'NONE',  ( -65.99484216101940603, -3.758464137499089919, -10.09999999999999964 ) ) ;
#4160 = VERTEX_POINT ( 'NONE', #2068 ) ;
#4161 = ORIENTED_EDGE ( 'NONE', *, *, #3386, .F. ) ;
#4162 = VERTEX_POINT ( 'NONE', #4357 ) ;
#4163 = CARTESIAN_POINT ( 'NONE',  ( -65.15219588181371080, 0.3872233073824062344, 9.091757701908916189 ) ) ;
#4164 = DIRECTION ( 'NONE',  ( -0.8400254886252918052, 0.5425469366422038808, 0.0000000000000000000 ) ) ;
#4165 = FACE_OUTER_BOUND ( 'NONE', #2977, .T. ) ;
#4166 = CARTESIAN_POINT ( 'NONE',  ( -66.55199676640511086, 2.315103975723716179, 8.800584843156077142 ) ) ;
#4167 = ORIENTED_EDGE ( 'NONE', *, *, #1304, .T. ) ;
#4168 = EDGE_CURVE ( 'NONE', #995, #4614, #4063, .T. ) ;
#4169 = ADVANCED_FACE ( 'NONE', ( #6652 ), #3327, .T. ) ;
#4170 = CARTESIAN_POINT ( 'NONE',  ( -64.72703323586931390, -3.925528007917658879, 7.987504607764192244 ) ) ;
#4171 = EDGE_LOOP ( 'NONE', ( #804, #6332, #2903, #6948 ) ) ;
#4172 = VERTEX_POINT ( 'NONE', #1176 ) ;
#4173 = FACE_OUTER_BOUND ( 'NONE', #6538, .T. ) ;
#4174 = CARTESIAN_POINT ( 'NONE',  ( -64.52793426638299934, 1.510770795186371362, 8.973715596363202707 ) ) ;
#4175 = CARTESIAN_POINT ( 'NONE',  ( -66.92680441073146369, -5.259830610879377311, 7.179912915796528239 ) ) ;
#4176 = ORIENTED_EDGE ( 'NONE', *, *, #3855, .T. ) ;
#4177 = CARTESIAN_POINT ( 'NONE',  ( -66.28884827393427770, -5.942920469162290331, 6.625204333146900382 ) ) ;
#4178 = EDGE_CURVE ( 'NONE', #2371, #3924, #579, .T. ) ;
#4179 = LINE ( 'NONE', #774, #3473 ) ;
#4180 = ORIENTED_EDGE ( 'NONE', *, *, #4511, .T. ) ;
#4181 = ORIENTED_EDGE ( 'NONE', *, *, #4789, .T. ) ;
#4182 = AXIS2_PLACEMENT_3D ( 'NONE', #7067, #6557, #1908 ) ;
#4183 = CARTESIAN_POINT ( 'NONE',  ( -66.80542513436458307, 2.359444451692095601, 8.788800935245921764 ) ) ;
#4184 = CARTESIAN_POINT ( 'NONE',  ( -64.49670977749819656, -4.443763201673379015, 7.941219591942647149 ) ) ;
#4185 = CARTESIAN_POINT ( 'NONE',  ( -66.62289686365923558, -3.558646024068181202, 8.157575526796172483 ) ) ;
#4186 = ORIENTED_EDGE ( 'NONE', *, *, #6617, .F. ) ;
#4187 =( BOUNDED_CURVE ( )  B_SPLINE_CURVE ( 3, ( #49, #715, #3101, #5954 ),
 .UNSPECIFIED., .F., .T. ) 
 B_SPLINE_CURVE_WITH_KNOTS ( ( 4, 4 ),
 ( 4.845870997689607940, 5.015482139106698156 ),
 .UNSPECIFIED. ) 
 CURVE ( )  GEOMETRIC_REPRESENTATION_ITEM ( )  RATIONAL_B_SPLINE_CURVE ( ( 1.000000000000000000, 0.9976041081769102536, 0.9976041081769102536, 1.000000000000000000 ) ) 
 REPRESENTATION_ITEM ( '' )  );
#4188 = CARTESIAN_POINT ( 'NONE',  ( -64.52793426638076824, -0.3201458714802321581, 8.894240081140962317 ) ) ;
#4189 = PLANE ( 'NONE',  #984 ) ;
#4190 = CARTESIAN_POINT ( 'NONE',  ( -67.08083478566719293, 3.100625651421907492, 8.555536632607989134 ) ) ;
#4191 = B_SPLINE_CURVE_WITH_KNOTS ( 'NONE', 3,
 ( #2733, #6683, #2698, #5478 ),
 .UNSPECIFIED., .F., .F.,
 ( 4, 4 ),
 ( 5.729709082063325593E-15, 8.737921274002296331E-05 ),
 .UNSPECIFIED. ) ;
#4192 = AXIS2_PLACEMENT_3D ( 'NONE', #3893, #5741, #5183 ) ;
#4193 = CARTESIAN_POINT ( 'NONE',  ( -73.00561028366129790, -0.2331160295301596963, 9.097013626282876686 ) ) ;
#4194 = AXIS2_PLACEMENT_3D ( 'NONE', #5650, #2239, #4521 ) ;
#4195 = DIRECTION ( 'NONE',  ( -0.0000000000000000000, -0.0000000000000000000, -1.000000000000000000 ) ) ;
#4196 = EDGE_LOOP ( 'NONE', ( #6089, #3083, #2738, #1410 ) ) ;
#4197 = ORIENTED_EDGE ( 'NONE', *, *, #3748, .T. ) ;
#4198 = VERTEX_POINT ( 'NONE', #6 ) ;
#4199 = PLANE ( 'NONE',  #7085 ) ;
#4200 = DIRECTION ( 'NONE',  ( 0.0000000000000000000, 0.0000000000000000000, -1.000000000000000000 ) ) ;
#4201 = B_SPLINE_CURVE_WITH_KNOTS ( 'NONE', 3,
 ( #2356, #2990, #5877, #2952 ),
 .UNSPECIFIED., .F., .F.,
 ( 4, 4 ),
 ( 6.540161740586547113E-15, 0.0001050073058657077270 ),
 .UNSPECIFIED. ) ;
#4202 = CIRCLE ( 'NONE', #377, 8.849999999999999645 ) ;
#4203 = VECTOR ( 'NONE', #870, 1000.000000000000000 ) ;
#4204 = CARTESIAN_POINT ( 'NONE',  ( -64.81802110920499160, -4.534715869580606018, 7.889635731906385452 ) ) ;
#4205 = B_SPLINE_CURVE_WITH_KNOTS ( 'NONE', 3,
 ( #2533, #4289, #7200, #6053 ),
 .UNSPECIFIED., .F., .F.,
 ( 4, 4 ),
 ( 1.880059788533147130E-15, 0.0001615920012427747706 ),
 .UNSPECIFIED. ) ;
#4206 = FACE_OUTER_BOUND ( 'NONE', #6045, .T. ) ;
#4207 = ORIENTED_EDGE ( 'NONE', *, *, #1995, .T. ) ;
#4208 = PLANE ( 'NONE',  #6128 ) ;
#4209 = AXIS2_PLACEMENT_3D ( 'NONE', #3211, #371, #4901 ) ;
#4210 = VERTEX_POINT ( 'NONE', #85 ) ;
#4211 = ORIENTED_EDGE ( 'NONE', *, *, #2316, .T. ) ;
#4212 = EDGE_CURVE ( 'NONE', #435, #846, #4202, .T. ) ;
#4213 = EDGE_CURVE ( 'NONE', #1758, #2296, #4872, .T. ) ;
#4214 = VECTOR ( 'NONE', #3041, 1000.000000000000000 ) ;
#4215 = PRODUCT_DEFINITION ( 'UNKNOWN', '', #441, #3622 ) ;
#4216 = CARTESIAN_POINT ( 'NONE',  ( -67.20919697744950838, 2.236328431675046691, 8.614455011530447237 ) ) ;
#4217 = CARTESIAN_POINT ( 'NONE',  ( -66.58903843304969428, -0.2566458714802885566, 9.096380208448433535 ) ) ;
#4218 = CARTESIAN_POINT ( 'NONE',  ( -64.61911213883806226, -4.083775136882868750, 7.907767107810995455 ) ) ;
#4219 = CARTESIAN_POINT ( 'NONE',  ( -66.82348332702176208, 3.343514479643201476, 8.463504647864054320 ) ) ;
#4220 = ORIENTED_EDGE ( 'NONE', *, *, #3998, .F. ) ;
#4221 = VERTEX_POINT ( 'NONE', #5067 ) ;
#4222 = VECTOR ( 'NONE', #7254, 1000.000000000000000 ) ;
#4223 = EDGE_CURVE ( 'NONE', #343, #4198, #753, .T. ) ;
#4224 = CARTESIAN_POINT ( 'NONE',  ( -64.49670977749597967, -4.443763201687665365, -10.09999999999999964 ) ) ;
#4225 = CIRCLE ( 'NONE', #996, 3.000000000000000000 ) ;
#4226 = CARTESIAN_POINT ( 'NONE',  ( -64.49325324590778052, -4.879406808352998226, 7.443210946802365946 ) ) ;
#4227 = VERTEX_POINT ( 'NONE', #4122 ) ;
#4228 = EDGE_CURVE ( 'NONE', #4823, #4198, #2887, .T. ) ;
#4229 = ORIENTED_EDGE ( 'NONE', *, *, #432, .F. ) ;
#4230 = CIRCLE ( 'NONE', #5674, 3.000000000000002665 ) ;
#4231 = DIRECTION ( 'NONE',  ( -0.0000000000000000000, -0.0000000000000000000, -1.000000000000000000 ) ) ;
#4232 = EDGE_CURVE ( 'NONE', #7177, #2821, #1357, .T. ) ;
#4233 = DIRECTION ( 'NONE',  ( -1.000000000000000000, 0.0000000000000000000, 0.0000000000000000000 ) ) ;
#4234 = CARTESIAN_POINT ( 'NONE',  ( -67.04762754077422926, 3.158250808280441468, 8.534368859616753511 ) ) ;
#4235 = B_SPLINE_CURVE_WITH_KNOTS ( 'NONE', 3,
 ( #5021, #3920, #1646, #2170 ),
 .UNSPECIFIED., .F., .F.,
 ( 4, 4 ),
 ( 0.0000000000000000000, 0.0002432513067865086243 ),
 .UNSPECIFIED. ) ;
#4236 = CARTESIAN_POINT ( 'NONE',  ( -65.58725965724809726, -5.920358933725828443, 6.910813996618123234 ) ) ;
#4237 = ORIENTED_EDGE ( 'NONE', *, *, #70, .F. ) ;
#4238 = ORIENTED_EDGE ( 'NONE', *, *, #6594, .T. ) ;
#4239 = B_SPLINE_CURVE_WITH_KNOTS ( 'NONE', 3,
 ( #5617, #7339, #4462, #1129 ),
 .UNSPECIFIED., .F., .F.,
 ( 4, 4 ),
 ( 2.625208409380319668E-14, 0.0002056134745019761476 ),
 .UNSPECIFIED. ) ;
#4240 = CARTESIAN_POINT ( 'NONE',  ( -65.85526284905640182, 0.6831491241628031563, 8.874847860033829861 ) ) ;
#4241 = CARTESIAN_POINT ( 'NONE',  ( -66.98742839894607926, -3.721384618448850823, -10.09999999999999964 ) ) ;
#4242 = CARTESIAN_POINT ( 'NONE',  ( -64.58904986792431657, -5.238804307657050963, 7.440761347205950393 ) ) ;
#4243 = EDGE_CURVE ( 'NONE', #6196, #556, #6752, .T. ) ;
#4244 = LINE ( 'NONE', #7078, #6830 ) ;
#4245 = ORIENTED_EDGE ( 'NONE', *, *, #5693, .T. ) ;
#4246 = CARTESIAN_POINT ( 'NONE',  ( -67.30140059495612093, 0.1396041827474489294, -10.09999999999999964 ) ) ;
#4247 = LINE ( 'NONE', #1992, #4203 ) ;
#4248 = VERTEX_POINT ( 'NONE', #6425 ) ;
#4249 = ORIENTED_EDGE ( 'NONE', *, *, #1570, .T. ) ;
#4250 = CARTESIAN_POINT ( 'NONE',  ( -64.83855676304796134, 1.965206387346154493, 8.885298310925572096 ) ) ;
#4251 = FACE_OUTER_BOUND ( 'NONE', #1903, .T. ) ;
#4252 = ORIENTED_EDGE ( 'NONE', *, *, #4489, .T. ) ;
#4253 = LINE ( 'NONE', #2464, #2680 ) ;
#4254 = DIRECTION ( 'NONE',  ( 1.000000000000000000, 0.0000000000000000000, 0.0000000000000000000 ) ) ;
#4255 = ORIENTED_EDGE ( 'NONE', *, *, #5963, .F. ) ;
#4256 = EDGE_CURVE ( 'NONE', #3489, #2343, #6386, .T. ) ;
#4257 = CIRCLE ( 'NONE', #3064, 3.200000000000000178 ) ;
#4258 = CARTESIAN_POINT ( 'NONE',  ( -65.42334216101944833, 0.6894876159058072052, 9.073841900072578071 ) ) ;
#4259 = PLANE ( 'NONE',  #3113 ) ;
#4260 = CARTESIAN_POINT ( 'NONE',  ( -66.98421006156466717, 2.473063153743310760, 8.549500490531443120 ) ) ;
#4261 = ORIENTED_EDGE ( 'NONE', *, *, #1629, .F. ) ;
#4262 = EDGE_CURVE ( 'NONE', #4160, #5932, #1572, .T. ) ;
#4263 = ADVANCED_FACE ( 'NONE', ( #7108 ), #1317, .T. ) ;
#4264 = FILL_AREA_STYLE ('',( #3066 ) ) ;
#4265 = EDGE_LOOP ( 'NONE', ( #4625, #4764, #6928, #3187 ) ) ;
#4266 = CARTESIAN_POINT ( 'NONE',  ( -64.90120669008453547, 0.1708660486978071102, 8.898379737738848050 ) ) ;
#4267 = LINE ( 'NONE', #1424, #1693 ) ;
#4268 = CARTESIAN_POINT ( 'NONE',  ( -66.05945284705796894, 0.8874082160347609438, 9.056861481870802422 ) ) ;
#4269 = CARTESIAN_POINT ( 'NONE',  ( -67.10079531653705942, -4.404687396361394391, 7.962959810292606022 ) ) ;
#4270 = DIRECTION ( 'NONE',  ( 0.9944225846982770456, -0.1054690620134550172, 0.0000000000000000000 ) ) ;
#4271 = EDGE_CURVE ( 'NONE', #5106, #6564, #3594, .T. ) ;
#4272 = ORIENTED_EDGE ( 'NONE', *, *, #5873, .F. ) ;
#4273 = LINE ( 'NONE', #1468, #1321 ) ;
#4274 = DIRECTION ( 'NONE',  ( -1.000000000000000000, 0.0000000000000000000, 0.0000000000000000000 ) ) ;
#4275 = FACE_OUTER_BOUND ( 'NONE', #6178, .T. ) ;
#4276 = EDGE_CURVE ( 'NONE', #4536, #3384, #6577, .T. ) ;
#4277 = CARTESIAN_POINT ( 'NONE',  ( -65.75358379307080270, 1.047255714787816538, 9.039538454359519193 ) ) ;
#4278 = EDGE_LOOP ( 'NONE', ( #6499, #4948, #3759, #742 ) ) ;
#4279 = PRESENTATION_STYLE_ASSIGNMENT (( #7157 ) ) ;
#4280 = CARTESIAN_POINT ( 'NONE',  ( -65.02898527950469543, -0.1533669104221933033, 8.898771199937124621 ) ) ;
#4281 = ADVANCED_FACE ( 'NONE', ( #4687 ), #3631, .F. ) ;
#4282 = ORIENTED_EDGE ( 'NONE', *, *, #803, .F. ) ;
#4283 = VERTEX_POINT ( 'NONE', #4193 ) ;
#4284 = CARTESIAN_POINT ( 'NONE',  ( -66.55199676638301298, 0.09260412851655690225, 9.099528805593431358 ) ) ;
#4285 = CARTESIAN_POINT ( 'NONE',  ( -67.09685757393405936, -4.951532554104533190, 7.395425975942373498 ) ) ;
#4286 = CARTESIAN_POINT ( 'NONE',  ( 98.70000000000001705, 3.918869757271530460E-16, 3.199999999999981970 ) ) ;
#4287 = ORIENTED_EDGE ( 'NONE', *, *, #5504, .T. ) ;
#4288 = B_SPLINE_CURVE_WITH_KNOTS ( 'NONE', 3,
 ( #4883, #5413, #6980, #3677 ),
 .UNSPECIFIED., .F., .F.,
 ( 4, 4 ),
 ( 1.529669789587348106E-14, 0.0004728336088953608127 ),
 .UNSPECIFIED. ) ;
#4289 = CARTESIAN_POINT ( 'NONE',  ( -67.26365823025302859, 1.195172176196520608, 9.021290186445719783 ) ) ;
#4290 = DIRECTION ( 'NONE',  ( 0.0000000000000000000, 1.000000000000000000, -0.0000000000000000000 ) ) ;
#4291 = ORIENTED_EDGE ( 'NONE', *, *, #844, .T. ) ;
#4292 = EDGE_LOOP ( 'NONE', ( #7259, #6798, #2429, #6510 ) ) ;
#4293 = LINE ( 'NONE', #6520, #4824 ) ;
#4294 = B_SPLINE_CURVE_WITH_KNOTS ( 'NONE', 3,
 ( #7065, #6486, #3620, #5916 ),
 .UNSPECIFIED., .F., .F.,
 ( 4, 4 ),
 ( 3.359669011372141702E-15, 0.0002369811623072739983 ),
 .UNSPECIFIED. ) ;
#4295 = LINE ( 'NONE', #1972, #511 ) ;
#4296 = ORIENTED_EDGE ( 'NONE', *, *, #231, .F. ) ;
#4297 = CARTESIAN_POINT ( 'NONE',  ( -66.58903843304969428, -0.2566458714802884455, -10.09999999999999964 ) ) ;
#4298 = ORIENTED_EDGE ( 'NONE', *, *, #6569, .F. ) ;
#4299 = CIRCLE ( 'NONE', #829, 8.900000000000000355 ) ;
#4300 = EDGE_CURVE ( 'NONE', #3272, #1089, #4762, .T. ) ;
#4301 = ADVANCED_FACE ( 'NONE', ( #2445 ), #2508, .T. ) ;
#4302 = CARTESIAN_POINT ( 'NONE',  ( -67.36440999436634058, -5.166260747636006734, 7.247051116656735736 ) ) ;
#4303 = DIRECTION ( 'NONE',  ( -0.0000000000000000000, -0.0000000000000000000, -1.000000000000000000 ) ) ;
#4304 = CARTESIAN_POINT ( 'NONE',  ( -64.95940743065268919, -0.1939808745329981710, 8.897885783730629328 ) ) ;
#4305 = CARTESIAN_POINT ( 'NONE',  ( -66.56352702914580277, -3.799782246905477390, 8.049169626364585994 ) ) ;
#4306 = ORIENTED_EDGE ( 'NONE', *, *, #6708, .T. ) ;
#4307 = AXIS2_PLACEMENT_3D ( 'NONE', #1728, #4569, #3922 ) ;
#4308 = ORIENTED_EDGE ( 'NONE', *, *, #710, .F. ) ;
#4309 = CARTESIAN_POINT ( 'NONE',  ( -64.96182552429610269, 0.2138970497767082868, 8.897429294582623882 ) ) ;
#4310 = CARTESIAN_POINT ( 'NONE',  ( -66.64914467743180637, 2.763369129018609982, -10.09999999999999964 ) ) ;
#4311 = CARTESIAN_POINT ( 'NONE',  ( -66.62934485649482497, 3.730587821859885356, 8.300163522714601783 ) ) ;
#4312 = EDGE_CURVE ( 'NONE', #4507, #2503, #1224, .T. ) ;
#4313 = AXIS2_PLACEMENT_3D ( 'NONE', #2115, #912, #4435 ) ;
#4314 = B_SPLINE_CURVE_WITH_KNOTS ( 'NONE', 3,
 ( #4035, #2838, #75, #5127 ),
 .UNSPECIFIED., .F., .F.,
 ( 4, 4 ),
 ( 3.301676000425475452E-17, 0.0001823142873297408544 ),
 .UNSPECIFIED. ) ;
#4315 = VECTOR ( 'NONE', #779, 1000.000000000000000 ) ;
#4316 = CARTESIAN_POINT ( 'NONE',  ( -64.57017877528068084, -0.3214020030869411126, 9.094322532890169342 ) ) ;
#4317 = DIRECTION ( 'NONE',  ( 0.0000000000000000000, 0.0000000000000000000, 1.000000000000000000 ) ) ;
#4318 = ORIENTED_EDGE ( 'NONE', *, *, #7033, .T. ) ;
#4319 = CARTESIAN_POINT ( 'NONE',  ( -67.12706081971110450, -4.521341510263865437, 7.897307829100058463 ) ) ;
#4320 = EDGE_LOOP ( 'NONE', ( #3323, #6967, #6003, #3385 ) ) ;
#4321 = EDGE_LOOP ( 'NONE', ( #1058, #703 ) ) ;
#4322 = VECTOR ( 'NONE', #3295, 1000.000000000000000 ) ;
#4323 = EDGE_CURVE ( 'NONE', #4964, #3907, #7144, .T. ) ;
#4324 = DIRECTION ( 'NONE',  ( -0.0000000000000000000, -0.0000000000000000000, -1.000000000000000000 ) ) ;
#4325 = CIRCLE ( 'NONE', #379, 9.099999999999999645 ) ;
#4326 = CARTESIAN_POINT ( 'NONE',  ( -67.19247447104520177, 1.275477666514063246, 9.010169627827441019 ) ) ;
#4327 = AXIS2_PLACEMENT_3D ( 'NONE', #6762, #3708, #6040 ) ;
#4328 = CARTESIAN_POINT ( 'NONE',  ( -65.99154648438616277, 1.265949157638096567, 8.809663350899855416 ) ) ;
#4329 = ORIENTED_EDGE ( 'NONE', *, *, #3945, .F. ) ;
#4330 = B_SPLINE_CURVE_WITH_KNOTS ( 'NONE', 3,
 ( #5093, #5177, #6788, #44 ),
 .UNSPECIFIED., .F., .F.,
 ( 4, 4 ),
 ( 2.109749354223744277E-14, 0.0001781708503485201784 ),
 .UNSPECIFIED. ) ;
#4331 = DIRECTION ( 'NONE',  ( -0.0000000000000000000, -0.0000000000000000000, -1.000000000000000000 ) ) ;
#4332 = CARTESIAN_POINT ( 'NONE',  ( -65.42564550043694283, 2.420510813201422806, 8.565046527160394163 ) ) ;
#4333 = ORIENTED_EDGE ( 'NONE', *, *, #3439, .F. ) ;
#4334 = B_SPLINE_CURVE_WITH_KNOTS ( 'NONE', 3,
 ( #3923, #2252, #3261, #1614 ),
 .UNSPECIFIED., .F., .F.,
 ( 4, 4 ),
 ( 1.375050949469578719E-14, 0.0001048190414621252375 ),
 .UNSPECIFIED. ) ;
#4335 = VECTOR ( 'NONE', #4829, 1000.000000000000000 ) ;
#4336 = CARTESIAN_POINT ( 'NONE',  ( 98.70000000000001705, 0.0000000000000000000, -1.813089586137660369E-14 ) ) ;
#4337 = LINE ( 'NONE', #1382, #5538 ) ;
#4338 = CARTESIAN_POINT ( 'NONE',  ( -67.40675155066885793, 0.8405033331033978650, 9.061101155325566481 ) ) ;
#4339 = COLOUR_RGB ( '',0.5607843137254902022, 0.5607843137254902022, 0.5607843137254902022 ) ;
#4340 = FACE_OUTER_BOUND ( 'NONE', #2627, .T. ) ;
#4341 = ORIENTED_EDGE ( 'NONE', *, *, #5873, .T. ) ;
#4342 = SURFACE_SIDE_STYLE ('',( #4903 ) ) ;
#4343 = B_SPLINE_CURVE_WITH_KNOTS ( 'NONE', 3,
 ( #2928, #84, #2370, #2966 ),
 .UNSPECIFIED., .F., .F.,
 ( 4, 4 ),
 ( 8.673617379884035472E-19, 0.0002068753375518430043 ),
 .UNSPECIFIED. ) ;
#4344 = DIRECTION ( 'NONE',  ( -0.7113188580346688772, 0.7028694631325609343, 0.0000000000000000000 ) ) ;
#4345 = DIRECTION ( 'NONE',  ( 1.000000000000000000, 0.0000000000000000000, -1.836970198721029934E-16 ) ) ;
#4346 = CARTESIAN_POINT ( 'NONE',  ( -67.00389518607286732, -5.156230197669827930, 7.498345873870093214 ) ) ;
#4347 = CARTESIAN_POINT ( 'NONE',  ( -66.98421006156465296, 2.473063153743327192, -10.09999999999999964 ) ) ;
#4348 = ORIENTED_EDGE ( 'NONE', *, *, #4139, .T. ) ;
#4349 = AXIS2_PLACEMENT_3D ( 'NONE', #525, #3392, #4982 ) ;
#4350 = EDGE_LOOP ( 'NONE', ( #4472, #222 ) ) ;
#4351 = ORIENTED_EDGE ( 'NONE', *, *, #2005, .T. ) ;
#4352 = ADVANCED_FACE ( 'NONE', ( #1684 ), #6906, .T. ) ;
#4353 = EDGE_CURVE ( 'NONE', #3505, #1185, #1726, .T. ) ;
#4354 = CARTESIAN_POINT ( 'NONE',  ( -66.62235942056270233, 3.730624809265144837, 8.300146898247982463 ) ) ;
#4355 = CYLINDRICAL_SURFACE ( 'NONE', #4796, 1.157462353802443555 ) ;
#4356 = SURFACE_STYLE_FILL_AREA ( #7342 ) ;
#4357 = CARTESIAN_POINT ( 'NONE',  ( -66.63283757446089339, 3.730569329631984399, 8.080399277066039332 ) ) ;
#4358 = EDGE_LOOP ( 'NONE', ( #3607, #4442, #176, #4819 ) ) ;
#4359 = DIRECTION ( 'NONE',  ( 0.0000000000000000000, 0.0000000000000000000, -1.000000000000000000 ) ) ;
#4360 = DIRECTION ( 'NONE',  ( 1.000000000000000000, 0.0000000000000000000, 0.0000000000000000000 ) ) ;
#4361 = ORIENTED_EDGE ( 'NONE', *, *, #6431, .T. ) ;
#4362 = EDGE_CURVE ( 'NONE', #3996, #593, #4142, .T. ) ;
#4363 = DIRECTION ( 'NONE',  ( 0.0000000000000000000, 0.0000000000000000000, 1.000000000000000000 ) ) ;
#4364 = CARTESIAN_POINT ( 'NONE',  ( -64.98445782393589809, -5.225457373397444094, 7.450605055826971856 ) ) ;
#4365 = CARTESIAN_POINT ( 'NONE',  ( -66.58903843304969428, -0.2566458714802885566, 9.096380208448433535 ) ) ;
#4366 = ADVANCED_FACE ( 'NONE', ( #5696 ), #1705, .T. ) ;
#4367 = ORIENTED_EDGE ( 'NONE', *, *, #5455, .F. ) ;
#4368 = CARTESIAN_POINT ( 'NONE',  ( -65.33650851391787739, 0.1069875744429578668, 9.099371058425690606 ) ) ;
#4369 = CARTESIAN_POINT ( 'NONE',  ( -65.06082165229327074, 2.518647144717315989, 8.744507794061798123 ) ) ;
#4370 = ORIENTED_EDGE ( 'NONE', *, *, #70, .T. ) ;
#4371 = PRESENTATION_STYLE_ASSIGNMENT (( #366 ) ) ;
#4372 = DIRECTION ( 'NONE',  ( 0.0000000000000000000, 0.0000000000000000000, -1.000000000000000000 ) ) ;
#4373 = VECTOR ( 'NONE', #6433, 1000.000000000000000 ) ;
#4374 = CARTESIAN_POINT ( 'NONE',  ( -67.00390628227479795, -5.156215285579734520, 7.254335867019904960 ) ) ;
#4375 = LINE ( 'NONE', #1534, #5667 ) ;
#4376 = UNCERTAINTY_MEASURE_WITH_UNIT (LENGTH_MEASURE( 1.000000000000000082E-05 ), #4481, 'distance_accuracy_value', 'NONE');
#4377 = DIRECTION ( 'NONE',  ( 0.0000000000000000000, 0.0000000000000000000, 1.000000000000000000 ) ) ;
#4378 = CARTESIAN_POINT ( 'NONE',  ( -67.41189259971629610, 4.315353823343920148, 7.783811494335611592 ) ) ;
#4379 = ORIENTED_EDGE ( 'NONE', *, *, #5341, .T. ) ;
#4380 = ADVANCED_FACE ( 'NONE', ( #1045 ), #6787, .T. ) ;
#4381 = CARTESIAN_POINT ( 'NONE',  ( -65.51114414861011426, 2.514289752762997487, 8.746341114978992692 ) ) ;
#4382 = AXIS2_PLACEMENT_3D ( 'NONE', #6650, #938, #5447 ) ;
#4383 = ORIENTED_EDGE ( 'NONE', *, *, #4971, .F. ) ;
#4384 = DIRECTION ( 'NONE',  ( 1.000000000000000000, 0.0000000000000000000, 0.0000000000000000000 ) ) ;
#4385 = PLANE ( 'NONE',  #1240 ) ;
#4386 = CARTESIAN_POINT ( 'NONE',  ( -65.44574622084820703, -4.860295952764709604, -10.09999999999999964 ) ) ;
#4387 = VERTEX_POINT ( 'NONE', #4607 ) ;
#4388 = ORIENTED_EDGE ( 'NONE', *, *, #255, .F. ) ;
#4389 = CARTESIAN_POINT ( 'NONE',  ( -66.98139477050020218, 0.2477814930171223229, 8.896550571785793338 ) ) ;
#4390 = CARTESIAN_POINT ( 'NONE',  ( -71.80973495877130119, 0.0000000000000000000, 1.319123430973191232E-14 ) ) ;
#4391 = B_SPLINE_CURVE_WITH_KNOTS ( 'NONE', 3,
 ( #4069, #2466, #1901, #4219 ),
 .UNSPECIFIED., .F., .F.,
 ( 4, 4 ),
 ( 3.052761511114531139E-14, 0.0001980148510231888141 ),
 .UNSPECIFIED. ) ;
#4392 = CYLINDRICAL_SURFACE ( 'NONE', #2650, 1.770657625699875837 ) ;
#4393 = ORIENTED_EDGE ( 'NONE', *, *, #3579, .T. ) ;
#4394 = CARTESIAN_POINT ( 'NONE',  ( -67.04632603320696660, -5.079527123533273070, -10.09999999999999964 ) ) ;
#4395 = CARTESIAN_POINT ( 'NONE',  ( -65.30826772536019575, -3.941630605275825872, 8.202278972026800119 ) ) ;
#4396 = CARTESIAN_POINT ( 'NONE',  ( -67.39791669442641364, 3.117931420274825616, 8.336181748545799408 ) ) ;
#4397 = VERTEX_POINT ( 'NONE', #5732 ) ;
#4398 = ORIENTED_EDGE ( 'NONE', *, *, #5565, .T. ) ;
#4399 = CARTESIAN_POINT ( 'NONE',  ( -65.06082165257612360, 0.2961472975641991079, 8.895071488085164901 ) ) ;
#4400 = DIRECTION ( 'NONE',  ( -0.0000000000000000000, -0.0000000000000000000, -1.000000000000000000 ) ) ;
#4401 = ADVANCED_FACE ( 'NONE', ( #43 ), #6751, .F. ) ;
#4402 = EDGE_CURVE ( 'NONE', #2253, #3489, #4235, .T. ) ;
#4403 = CARTESIAN_POINT ( 'NONE',  ( -66.98139477050020218, 2.470281677744496474, 8.758294171022786401 ) ) ;
#4404 = FACE_OUTER_BOUND ( 'NONE', #6732, .T. ) ;
#4405 = CYLINDRICAL_SURFACE ( 'NONE', #6848, 0.4710816050011307210 ) ;
#4406 = ORIENTED_EDGE ( 'NONE', *, *, #749, .T. ) ;
#4407 = ORIENTED_EDGE ( 'NONE', *, *, #6681, .T. ) ;
#4408 =( NAMED_UNIT ( * ) SI_UNIT ( $, .STERADIAN. ) SOLID_ANGLE_UNIT ( ) );
#4409 = FACE_OUTER_BOUND ( 'NONE', #4976, .T. ) ;
#4410 = ADVANCED_FACE ( 'NONE', ( #2731 ), #3883, .F. ) ;
#4411 = CARTESIAN_POINT ( 'NONE',  ( -66.68023908615840867, 2.717317895800070104, -10.09999999999999964 ) ) ;
#4412 = DIRECTION ( 'NONE',  ( -0.0000000000000000000, -0.0000000000000000000, -1.000000000000000000 ) ) ;
#4413 = EDGE_LOOP ( 'NONE', ( #1599, #3763, #1882, #4252 ) ) ;
#4414 = CARTESIAN_POINT ( 'NONE',  ( -65.99131508836453008, 3.488250946668525199, 8.188119761455075363 ) ) ;
#4415 = ADVANCED_FACE ( 'NONE', ( #110 ), #2397, .F. ) ;
#4416 = SURFACE_STYLE_FILL_AREA ( #3775 ) ;
#4417 = EDGE_CURVE ( 'NONE', #3197, #3332, #1827, .T. ) ;
#4418 = CARTESIAN_POINT ( 'NONE',  ( -66.55606002119253617, -5.886745266744347838, 6.939552930822883603 ) ) ;
#4419 = CARTESIAN_POINT ( 'NONE',  ( -84.00000000000000000, 0.0000000000000000000, -5.143516556418880167E-15 ) ) ;
#4420 = DIRECTION ( 'NONE',  ( -1.000000000000000000, -0.0000000000000000000, 1.836970198721029934E-16 ) ) ;
#4421 = VERTEX_POINT ( 'NONE', #4722 ) ;
#4422 = LINE ( 'NONE', #4529, #123 ) ;
#4423 = ORIENTED_EDGE ( 'NONE', *, *, #3778, .T. ) ;
#4424 = AXIS2_PLACEMENT_3D ( 'NONE', #7113, #6602, #791 ) ;
#4425 = DIRECTION ( 'NONE',  ( 1.000000000000000000, 0.0000000000000000000, 0.0000000000000000000 ) ) ;
#4426 = CARTESIAN_POINT ( 'NONE',  ( -67.40712804070207653, -4.269522496404826839, 7.809044605628352009 ) ) ;
#4427 = EDGE_LOOP ( 'NONE', ( #4530, #654, #177, #3574 ) ) ;
#4428 = DIRECTION ( 'NONE',  ( 1.000000000000000000, 0.0000000000000000000, -1.836970198721029934E-16 ) ) ;
#4429 = CARTESIAN_POINT ( 'NONE',  ( -67.38681781438160101, 0.3407382087531152792, 9.093768252847398870 ) ) ;
#4430 = ORIENTED_EDGE ( 'NONE', *, *, #5565, .F. ) ;
#4431 = ORIENTED_EDGE ( 'NONE', *, *, #5655, .T. ) ;
#4432 = CARTESIAN_POINT ( 'NONE',  ( -64.56212942536124899, -4.198402247842176749, 8.073907759382056071 ) ) ;
#4433 = AXIS2_PLACEMENT_3D ( 'NONE', #5536, #408, #3509 ) ;
#4434 = AXIS2_PLACEMENT_3D ( 'NONE', #125, #2411, #7005 ) ;
#4435 = DIRECTION ( 'NONE',  ( 1.000000000000000000, 0.0000000000000000000, 0.0000000000000000000 ) ) ;
#4436 = CARTESIAN_POINT ( 'NONE',  ( -66.84560657527640615, -0.2130434044879281896, 9.097657550398807302 ) ) ;
#4437 = ORIENTED_EDGE ( 'NONE', *, *, #1050, .F. ) ;
#4438 = DIRECTION ( 'NONE',  ( -1.000000000000000000, 0.0000000000000000000, 0.0000000000000000000 ) ) ;
#4439 = DIRECTION ( 'NONE',  ( 1.000000000000000000, 0.0000000000000000000, -1.836970198721029934E-16 ) ) ;
#4440 = VECTOR ( 'NONE', #2199, 1000.000000000000000 ) ;
#4441 = ORIENTED_EDGE ( 'NONE', *, *, #6051, .T. ) ;
#4442 = ORIENTED_EDGE ( 'NONE', *, *, #5114, .F. ) ;
#4443 = ADVANCED_FACE ( 'NONE', ( #4340 ), #3138, .T. ) ;
#4444 = ADVANCED_FACE ( 'NONE', ( #3096 ), #960, .F. ) ;
#4445 = TOROIDAL_SURFACE ( 'NONE', #5298, 0.2000000000000000111, 3.000000000000000000 ) ;
#4446 = CIRCLE ( 'NONE', #3001, 9.099999999999999645 ) ;
#4447 = LINE ( 'NONE', #367, #1231 ) ;
#4448 = DIRECTION ( 'NONE',  ( 0.0000000000000000000, 0.0000000000000000000, -1.000000000000000000 ) ) ;
#4449 = CARTESIAN_POINT ( 'NONE',  ( -66.53430276858281900, -3.918479357401496443, 8.213130921008048091 ) ) ;
#4450 = DIRECTION ( 'NONE',  ( 0.0000000000000000000, 0.0000000000000000000, 1.000000000000000000 ) ) ;
#4451 = ORIENTED_EDGE ( 'NONE', *, *, #3308, .F. ) ;
#4452 = B_SPLINE_CURVE_WITH_KNOTS ( 'NONE', 3,
 ( #4204, #6397, #3050, #236 ),
 .UNSPECIFIED., .F., .F.,
 ( 4, 4 ),
 ( 3.573070363923837286E-14, 0.0001558060621737199539 ),
 .UNSPECIFIED. ) ;
#4453 = VECTOR ( 'NONE', #7441, 1000.000000000000000 ) ;
#4454 = DIRECTION ( 'NONE',  ( 0.0000000000000000000, 1.000000000000000000, -0.0000000000000000000 ) ) ;
#4455 = ADVANCED_FACE ( 'NONE', ( #2008 ), #2125, .T. ) ;
#4456 = LINE ( 'NONE', #6750, #3621 ) ;
#4457 = VECTOR ( 'NONE', #1210, 1000.000000000000000 ) ;
#4458 = CARTESIAN_POINT ( 'NONE',  ( -66.22685321416030035, 1.417327590365195400, 8.988976951495322609 ) ) ;
#4459 = EDGE_CURVE ( 'NONE', #5788, #2829, #4295, .T. ) ;
#4460 = PLANE ( 'NONE',  #4854 ) ;
#4461 = CARTESIAN_POINT ( 'NONE',  ( -67.30140059495593619, 0.1396041827471032892, 8.898905026583872058 ) ) ;
#4462 = CARTESIAN_POINT ( 'NONE',  ( -67.43304152588474665, -4.947308778651801298, 7.398556627434884625 ) ) ;
#4463 = EDGE_LOOP ( 'NONE', ( #2020, #230, #2152, #690 ) ) ;
#4464 = ADVANCED_FACE ( 'NONE', ( #3772 ), #1457, .T. ) ;
#4465 = LINE ( 'NONE', #7380, #1349 ) ;
#4466 = CARTESIAN_POINT ( 'NONE',  ( -66.58903843304969428, 1.965853975931814990, 8.680173854555752300 ) ) ;
#4467 = VECTOR ( 'NONE', #2604, 1000.000000000000000 ) ;
#4468 = CYLINDRICAL_SURFACE ( 'NONE', #4327, 0.8165887780588187983 ) ;
#4469 = DIRECTION ( 'NONE',  ( -0.0000000000000000000, -0.0000000000000000000, -1.000000000000000000 ) ) ;
#4470 = CARTESIAN_POINT ( 'NONE',  ( 103.2999999999999972, 3.200000000000000178, -1.877995866492462613E-14 ) ) ;
#4471 = VERTEX_POINT ( 'NONE', #4378 ) ;
#4472 = ORIENTED_EDGE ( 'NONE', *, *, #1114, .T. ) ;
#4473 = EDGE_CURVE ( 'NONE', #5124, #1093, #7258, .T. ) ;
#4474 = VERTEX_POINT ( 'NONE', #2050 ) ;
#4475 = CARTESIAN_POINT ( 'NONE',  ( -67.32899203487805551, 0.1869956109465997496, 8.898161559653591013 ) ) ;
#4476 = CARTESIAN_POINT ( 'NONE',  ( -66.50864845604020559, 1.502506794384520505, 8.975110186677714097 ) ) ;
#4477 = EDGE_LOOP ( 'NONE', ( #6888, #4705, #1302, #1585, #5521, #775, #4515, #3132, #4005, #4341, #698, #2658, #616, #1780, #5905, #3932, #1232, #6280, #2634, #7250, #2511, #5061, #3686, #3753, #6713, #4431, #6402, #2792, #5071, #757, #7128, #4571, #3940, #119, #6601, #465, #1990, #1999, #3000, #6819, #1238, #1902, #5102, #5743, #4009, #3342, #5823, #6315, #6576, #2262, #3800, #4144, #4398, #6958, #5274, #6878, #4379, #7398 ) ) ;
#4478 = B_SPLINE_CURVE_WITH_KNOTS ( 'NONE', 3,
 ( #2109, #5670, #4396, #6159 ),
 .UNSPECIFIED., .F., .F.,
 ( 4, 4 ),
 ( 2.929309574882024802E-13, 0.0001767908133443263168 ),
 .UNSPECIFIED. ) ;
#4479 = B_SPLINE_CURVE_WITH_KNOTS ( 'NONE', 3,
 ( #1964, #3650, #3090, #5911 ),
 .UNSPECIFIED., .F., .F.,
 ( 4, 4 ),
 ( 0.0000000000000000000, 0.0002092923781651890246 ),
 .UNSPECIFIED. ) ;
#4480 = CARTESIAN_POINT ( 'NONE',  ( -67.12706081971110450, -4.521341510263865437, 7.897307829100058463 ) ) ;
#4481 =( LENGTH_UNIT ( ) NAMED_UNIT ( * ) SI_UNIT ( .MILLI., .METRE. ) );
#4482 = CARTESIAN_POINT ( 'NONE',  ( -64.86924676638300014, 0.1519700315994839679, -10.09999999999999964 ) ) ;
#4483 = CARTESIAN_POINT ( 'NONE',  ( -66.94076318105051371, 1.444926967125995443, -10.09999999999999964 ) ) ;
#4484 = EDGE_CURVE ( 'NONE', #202, #2935, #925, .T. ) ;
#4485 = DIRECTION ( 'NONE',  ( 1.000000000000000000, 0.0000000000000000000, 0.0000000000000000000 ) ) ;
#4486 = ORIENTED_EDGE ( 'NONE', *, *, #337, .F. ) ;
#4487 = CARTESIAN_POINT ( 'NONE',  ( -65.59304757034267652, 2.610734539434800716, 8.717457494281367403 ) ) ;
#4488 = EDGE_CURVE ( 'NONE', #2564, #6294, #3849, .T. ) ;
#4489 = EDGE_CURVE ( 'NONE', #4940, #5188, #1500, .T. ) ;
#4490 = CARTESIAN_POINT ( 'NONE',  ( -66.58903843304969428, 1.965853975931810327, -10.09999999999999964 ) ) ;
#4491 = AXIS2_PLACEMENT_3D ( 'NONE', #4419, #5509, #2129 ) ;
#4492 = CARTESIAN_POINT ( 'NONE',  ( -70.10428868674109992, 0.0000000000000000000, 1.287794891200797399E-14 ) ) ;
#4493 = DIRECTION ( 'NONE',  ( -1.000000000000000000, -0.0000000000000000000, 1.836970198721029934E-16 ) ) ;
#4494 = ORIENTED_EDGE ( 'NONE', *, *, #2809, .F. ) ;
#4495 = SURFACE_STYLE_USAGE ( .BOTH. , #2213 ) ;
#4496 = B_SPLINE_CURVE_WITH_KNOTS ( 'NONE', 3,
 ( #2250, #1727, #644, #2843 ),
 .UNSPECIFIED., .F., .F.,
 ( 4, 4 ),
 ( 3.462294931890091008E-15, 0.0001661241846732025627 ),
 .UNSPECIFIED. ) ;
#4497 = CIRCLE ( 'NONE', #5465, 3.000000000000002665 ) ;
#4498 = CARTESIAN_POINT ( 'NONE',  ( -66.88389723536015197, 1.096451645731112201, 9.033737124323341305 ) ) ;
#4499 = CARTESIAN_POINT ( 'NONE',  ( -66.20392500701476024, 0.9993188375789067157, 9.044963342151264740 ) ) ;
#4500 = ADVANCED_FACE ( 'NONE', ( #6704 ), #2655, .F. ) ;
#4501 = CARTESIAN_POINT ( 'NONE',  ( -66.84586192845097230, 2.009567812079239513, 8.875501888875401590 ) ) ;
#4502 = B_SPLINE_CURVE_WITH_KNOTS ( 'NONE', 3,
 ( #5294, #4680, #6867, #46 ),
 .UNSPECIFIED., .F., .F.,
 ( 4, 4 ),
 ( 1.080728640607064336E-13, 0.0003937412706400844229 ),
 .UNSPECIFIED. ) ;
#4503 = EDGE_LOOP ( 'NONE', ( #5678, #6970, #5339, #6772 ) ) ;
#4504 = CARTESIAN_POINT ( 'NONE',  ( -67.36497556754954985, 1.001215341115940793, 9.044753608623858909 ) ) ;
#4505 = CARTESIAN_POINT ( 'NONE',  ( -66.82348332693260318, 1.121014632267363087, 8.829118087002953530 ) ) ;
#4506 = CYLINDRICAL_SURFACE ( 'NONE', #2166, 1.348951391199213035 ) ;
#4507 = VERTEX_POINT ( 'NONE', #5392 ) ;
#4508 = ORIENTED_EDGE ( 'NONE', *, *, #6913, .T. ) ;
#4509 = LINE ( 'NONE', #1662, #128 ) ;
#4510 = FACE_OUTER_BOUND ( 'NONE', #2241, .T. ) ;
#4511 = EDGE_CURVE ( 'NONE', #5903, #5944, #259, .T. ) ;
#4512 = CARTESIAN_POINT ( 'NONE',  ( -70.10428868674109992, -0.2331160295301620278, -10.09999999999999964 ) ) ;
#4513 = EDGE_LOOP ( 'NONE', ( #2347, #5087, #1230, #1578 ) ) ;
#4514 = CARTESIAN_POINT ( 'NONE',  ( -64.57017878944461131, -0.3214020035226755612, 8.894194866992956250 ) ) ;
#4515 = ORIENTED_EDGE ( 'NONE', *, *, #710, .T. ) ;
#4516 = B_SPLINE_CURVE_WITH_KNOTS ( 'NONE', 3,
 ( #6131, #4403, #2116, #2146 ),
 .UNSPECIFIED., .F., .F.,
 ( 4, 4 ),
 ( 0.0000000000000000000, 1.000000000000000000 ),
 .UNSPECIFIED. ) ;
#4517 = ORIENTED_EDGE ( 'NONE', *, *, #671, .F. ) ;
#4518 = DIRECTION ( 'NONE',  ( -0.0000000000000000000, -0.0000000000000000000, -1.000000000000000000 ) ) ;
#4519 = DIRECTION ( 'NONE',  ( -0.0000000000000000000, -0.0000000000000000000, -1.000000000000000000 ) ) ;
#4520 = CARTESIAN_POINT ( 'NONE',  ( -67.38612060390033776, -5.112999581343312450, 7.528042320509777952 ) ) ;
#4521 = DIRECTION ( 'NONE',  ( 0.0000000000000000000, 0.0000000000000000000, -1.000000000000000000 ) ) ;
#4522 = ORIENTED_EDGE ( 'NONE', *, *, #472, .F. ) ;
#4523 = ORIENTED_EDGE ( 'NONE', *, *, #4923, .T. ) ;
#4524 = CARTESIAN_POINT ( 'NONE',  ( -73.00561028366129790, 0.0000000000000000000, 1.341091304305278863E-14 ) ) ;
#4525 = CARTESIAN_POINT ( 'NONE',  ( -64.73037784847646492, -5.474298453073500603, 7.018159076997557477 ) ) ;
#4526 = DIRECTION ( 'NONE',  ( 0.0000000000000000000, 0.0000000000000000000, 1.000000000000000000 ) ) ;
#4527 = CARTESIAN_POINT ( 'NONE',  ( -64.88161857960102452, -5.044752214419544245, 7.573669856490266916 ) ) ;
#4528 = CARTESIAN_POINT ( 'NONE',  ( -65.17875202852385996, -5.396035234976888084, 7.077982793706482312 ) ) ;
#4529 = CARTESIAN_POINT ( 'NONE',  ( -66.94076318105049950, 3.667426814538104818, -10.09999999999999964 ) ) ;
#4530 = ORIENTED_EDGE ( 'NONE', *, *, #5872, .F. ) ;
#4531 = EDGE_CURVE ( 'NONE', #6142, #2618, #3419, .T. ) ;
#4532 = DIRECTION ( 'NONE',  ( 0.0000000000000000000, 0.0000000000000000000, 1.000000000000000000 ) ) ;
#4533 = EDGE_CURVE ( 'NONE', #3924, #3996, #4330, .T. ) ;
#4534 = CARTESIAN_POINT ( 'NONE',  ( -64.88161857960102452, -5.044752214419544245, 7.573669856490266916 ) ) ;
#4535 = CARTESIAN_POINT ( 'NONE',  ( -70.10428868674109992, -0.2331160295301611673, 8.896946493981870319 ) ) ;
#4536 = VERTEX_POINT ( 'NONE', #3437 ) ;
#4537 = CYLINDRICAL_SURFACE ( 'NONE', #7017, 1.113278642098938676 ) ;
#4538 = CARTESIAN_POINT ( 'NONE',  ( -67.42247593304968234, 0.6437229556095533933, 8.876689740912517834 ) ) ;
#4539 = ORIENTED_EDGE ( 'NONE', *, *, #1267, .F. ) ;
#4540 = VERTEX_POINT ( 'NONE', #2878 ) ;
#4541 = CARTESIAN_POINT ( 'NONE',  ( -65.75358379307081691, 3.269755562473770638, -10.09999999999999964 ) ) ;
#4542 = CARTESIAN_POINT ( 'NONE',  ( -64.52776374164746187, -5.063065797614780372, -10.09999999999999964 ) ) ;
#4543 = EDGE_CURVE ( 'NONE', #5124, #4706, #1732, .T. ) ;
#4544 = CARTESIAN_POINT ( 'NONE',  ( -67.41189259971629610, -0.8175626144409090523, -10.09999999999999964 ) ) ;
#4545 = CARTESIAN_POINT ( 'NONE',  ( -67.24436625279534496, 0.05250525041909320789, 9.099930718782237804 ) ) ;
#4546 = ORIENTED_EDGE ( 'NONE', *, *, #357, .F. ) ;
#4547 = CARTESIAN_POINT ( 'NONE',  ( -67.11343817902263709, 3.006115476144790577, 8.377020894542855700 ) ) ;
#4548 = ORIENTED_EDGE ( 'NONE', *, *, #6717, .F. ) ;
#4549 = EDGE_CURVE ( 'NONE', #4210, #2289, #4596, .T. ) ;
#4550 = ORIENTED_EDGE ( 'NONE', *, *, #1751, .T. ) ;
#4551 = VECTOR ( 'NONE', #3123, 1000.000000000000000 ) ;
#4552 = DIRECTION ( 'NONE',  ( 0.0000000000000000000, 0.0000000000000000000, -1.000000000000000000 ) ) ;
#4553 = B_SPLINE_CURVE_WITH_KNOTS ( 'NONE', 3,
 ( #6613, #7234, #2739, #461 ),
 .UNSPECIFIED., .F., .F.,
 ( 4, 4 ),
 ( 8.815480513599032855E-15, 0.0001001598439663101419 ),
 .UNSPECIFIED. ) ;
#4554 = FACE_OUTER_BOUND ( 'NONE', #5923, .T. ) ;
#4555 = AXIS2_PLACEMENT_3D ( 'NONE', #5210, #2315, #1755 ) ;
#4556 = CARTESIAN_POINT ( 'NONE',  ( -66.98440449857444889, 1.013994926057958823, -10.09999999999999964 ) ) ;
#4557 = CYLINDRICAL_SURFACE ( 'NONE', #3273, 0.9282140267930921729 ) ;
#4558 = LINE ( 'NONE', #34, #495 ) ;
#4559 = DIRECTION ( 'NONE',  ( 1.000000000000000000, 0.0000000000000000000, 0.0000000000000000000 ) ) ;
#4560 = ORIENTED_EDGE ( 'NONE', *, *, #2177, .F. ) ;
#4561 = ORIENTED_EDGE ( 'NONE', *, *, #7170, .F. ) ;
#4562 = CARTESIAN_POINT ( 'NONE',  ( -66.32403887003819420, -4.772765481448359992, -10.09999999999999964 ) ) ;
#4563 = EDGE_CURVE ( 'NONE', #6220, #2382, #6933, .T. ) ;
#4564 = VECTOR ( 'NONE', #6282, 1000.000000000000000 ) ;
#4565 = B_SPLINE_CURVE_WITH_KNOTS ( 'NONE', 3,
 ( #1783, #5209, #67, #6854 ),
 .UNSPECIFIED., .F., .F.,
 ( 4, 4 ),
 ( 1.717573357572490951E-16, 0.0001980585028893342943 ),
 .UNSPECIFIED. ) ;
#4566 = CARTESIAN_POINT ( 'NONE',  ( -106.3000000000000114, 1.751623080406019783E-46, -6.508997737468181171E-15 ) ) ;
#4567 =( NAMED_UNIT ( * ) SI_UNIT ( $, .STERADIAN. ) SOLID_ANGLE_UNIT ( ) );
#4568 = CARTESIAN_POINT ( 'NONE',  ( -66.73963569083738889, 3.729435540952332762, 8.300681423295298345 ) ) ;
#4569 = DIRECTION ( 'NONE',  ( 1.000000000000000000, 0.0000000000000000000, -1.836970198721029934E-16 ) ) ;
#4570 = CARTESIAN_POINT ( 'NONE',  ( 98.70000000000001705, 0.0000000000000000000, -1.813089586137661631E-14 ) ) ;
#4571 = ORIENTED_EDGE ( 'NONE', *, *, #2943, .T. ) ;
#4572 = DIRECTION ( 'NONE',  ( 0.0000000000000000000, 0.0000000000000000000, 1.000000000000000000 ) ) ;
#4573 = AXIS2_PLACEMENT_3D ( 'NONE', #195, #2369, #4045 ) ;
#4574 = B_SPLINE_CURVE_WITH_KNOTS ( 'NONE', 3,
 ( #1931, #2715, #3832, #6086 ),
 .UNSPECIFIED., .F., .F.,
 ( 4, 4 ),
 ( 3.722801356990263464E-14, 0.0002046359560868198980 ),
 .UNSPECIFIED. ) ;
#4575 = CARTESIAN_POINT ( 'NONE',  ( -64.57019042702617639, 1.901097497862958452, 8.899203894422422323 ) ) ;
#4576 = CARTESIAN_POINT ( 'NONE',  ( -70.10428868674109992, 0.3107680673900590218, 8.894572682725737423 ) ) ;
#4577 = B_SPLINE_CURVE_WITH_KNOTS ( 'NONE', 3,
 ( #6197, #3935, #3301, #3334 ),
 .UNSPECIFIED., .F., .F.,
 ( 4, 4 ),
 ( 0.0000000000000000000, 1.000000000000000000 ),
 .UNSPECIFIED. ) ;
#4578 = ORIENTED_EDGE ( 'NONE', *, *, #7215, .F. ) ;
#4579 = CARTESIAN_POINT ( 'NONE',  ( -67.24202186365928924, -3.953267897240292150, 7.973811694080159107 ) ) ;
#4580 = ADVANCED_FACE ( 'NONE', ( #6907 ), #2810, .F. ) ;
#4581 = ORIENTED_EDGE ( 'NONE', *, *, #3848, .T. ) ;
#4582 = MECHANICAL_DESIGN_GEOMETRIC_PRESENTATION_REPRESENTATION (  '', ( #4096 ), #1355 ) ;
#4583 = ORIENTED_EDGE ( 'NONE', *, *, #2383, .F. ) ;
#4584 = ORIENTED_EDGE ( 'NONE', *, *, #1845, .T. ) ;
#4585 = CARTESIAN_POINT ( 'NONE',  ( -71.80973495877130119, 1.612270057102940690, 8.956036247301009112 ) ) ;
#4586 = VECTOR ( 'NONE', #3876, 1000.000000000000000 ) ;
#4587 = LINE ( 'NONE', #3980, #5513 ) ;
#4588 = DIRECTION ( 'NONE',  ( 0.0000000000000000000, 0.0000000000000000000, 1.000000000000000000 ) ) ;
#4589 = EDGE_LOOP ( 'NONE', ( #6625, #5914, #1700, #6825 ) ) ;
#4590 = CARTESIAN_POINT ( 'NONE',  ( -65.20258286331053910, -3.997243117889674568, 8.175086999933631304 ) ) ;
#4591 = EDGE_CURVE ( 'NONE', #4766, #1322, #4496, .T. ) ;
#4592 = ORIENTED_EDGE ( 'NONE', *, *, #3302, .F. ) ;
#4593 = ORIENTED_EDGE ( 'NONE', *, *, #4323, .T. ) ;
#4594 = DIRECTION ( 'NONE',  ( 0.0000000000000000000, 0.0000000000000000000, 1.000000000000000000 ) ) ;
#4595 = CARTESIAN_POINT ( 'NONE',  ( -67.11006646920483831, -4.907353371902563488, 7.425005699897494260 ) ) ;
#4596 = B_SPLINE_CURVE_WITH_KNOTS ( 'NONE', 3,
 ( #3965, #6260, #4568, #3364 ),
 .UNSPECIFIED., .F., .F.,
 ( 4, 4 ),
 ( 1.393138484357341319E-15, 0.0003158295665245375154 ),
 .UNSPECIFIED. ) ;
#4597 = CARTESIAN_POINT ( 'NONE',  ( -67.42247593304969655, 2.866222803021659882, -10.09999999999999964 ) ) ;
#4598 =( GEOMETRIC_REPRESENTATION_CONTEXT ( 3 ) GLOBAL_UNCERTAINTY_ASSIGNED_CONTEXT ( ( #1535 ) ) GLOBAL_UNIT_ASSIGNED_CONTEXT ( ( #6469, #1328, #3676 ) ) REPRESENTATION_CONTEXT ( 'NONE', 'WORKASPACE' ) );
#4599 = PLANE ( 'NONE',  #5047 ) ;
#4600 = DIRECTION ( 'NONE',  ( -1.000000000000000000, 0.0000000000000000000, 0.0000000000000000000 ) ) ;
#4601 = EDGE_CURVE ( 'NONE', #2044, #3237, #1762, .T. ) ;
#4602 = CARTESIAN_POINT ( 'NONE',  ( -64.94159378546143557, -5.156915355010807112, 7.253704158652592326 ) ) ;
#4603 = ORIENTED_EDGE ( 'NONE', *, *, #3444, .F. ) ;
#4604 = EDGE_LOOP ( 'NONE', ( #2011, #5941, #5959, #3432 ) ) ;
#4605 = FACE_OUTER_BOUND ( 'NONE', #3142, .T. ) ;
#4606 = EDGE_CURVE ( 'NONE', #3237, #6142, #5852, .T. ) ;
#4607 = CARTESIAN_POINT ( 'NONE',  ( -67.28809654703456999, -5.323086123188240038, 7.132654073002627548 ) ) ;
#4608 = CARTESIAN_POINT ( 'NONE',  ( -66.45265163402741848, 3.713779373084837410, 8.307697801921408498 ) ) ;
#4609 = CARTESIAN_POINT ( 'NONE',  ( -65.10596054791398046, -5.339255094904253873, 7.120558617941370905 ) ) ;
#4610 = CARTESIAN_POINT ( 'NONE',  ( -66.45265163402741848, 3.713779373084837410, 8.307697801921408498 ) ) ;
#4611 = ORIENTED_EDGE ( 'NONE', *, *, #2014, .T. ) ;
#4612 = CARTESIAN_POINT ( 'NONE',  ( -64.03279808184119304, 3.641411595073070107, -10.09999999999999964 ) ) ;
#4613 = CYLINDRICAL_SURFACE ( 'NONE', #4573, 0.4846697614546563448 ) ;
#4614 = VERTEX_POINT ( 'NONE', #5698 ) ;
#4615 = CARTESIAN_POINT ( 'NONE',  ( -67.40675155066885793, 0.8405033331033978650, 9.061101155325566481 ) ) ;
#4616 = CYLINDRICAL_SURFACE ( 'NONE', #1081, 8.900000000000000355 ) ;
#4617 = ORIENTED_EDGE ( 'NONE', *, *, #2215, .F. ) ;
#4618 = EDGE_LOOP ( 'NONE', ( #2686, #2390, #5089, #7088 ) ) ;
#4619 = VERTEX_POINT ( 'NONE', #5058 ) ;
#4620 = CARTESIAN_POINT ( 'NONE',  ( -73.00561028366129790, -0.2331160295301610008, -10.09999999999999964 ) ) ;
#4621 = VECTOR ( 'NONE', #2964, 1000.000000000000000 ) ;
#4622 = LINE ( 'NONE', #5151, #2348 ) ;
#4623 = DIRECTION ( 'NONE',  ( 1.000000000000000000, 0.0000000000000000000, 0.0000000000000000000 ) ) ;
#4624 = CARTESIAN_POINT ( 'NONE',  ( -65.54182211054579454, -4.597119766984349987, -10.09999999999999964 ) ) ;
#4625 = ORIENTED_EDGE ( 'NONE', *, *, #369, .T. ) ;
#4626 = ORIENTED_EDGE ( 'NONE', *, *, #4488, .F. ) ;
#4627 = ORIENTED_EDGE ( 'NONE', *, *, #2443, .T. ) ;
#4628 = ADVANCED_FACE ( 'NONE', ( #7373 ), #2207, .F. ) ;
#4629 = EDGE_CURVE ( 'NONE', #3575, #4891, #486, .T. ) ;
#4630 = DIRECTION ( 'NONE',  ( 1.000000000000000000, 0.0000000000000000000, 0.0000000000000000000 ) ) ;
#4631 = CARTESIAN_POINT ( 'NONE',  ( -64.80574676638316589, -4.635986381714994664, 7.830779701348440369 ) ) ;
#4632 = CARTESIAN_POINT ( 'NONE',  ( -67.28809654703456999, -5.323086123188240038, 7.132654073002627548 ) ) ;
#4633 = CARTESIAN_POINT ( 'NONE',  ( -73.00561028366129790, 1.114428587224093240E-15, 9.100000000000013856 ) ) ;
#4634 = DIRECTION ( 'NONE',  ( 0.0000000000000000000, 0.0000000000000000000, 1.000000000000000000 ) ) ;
#4635 = CARTESIAN_POINT ( 'NONE',  ( -66.98440449857443468, 1.013994926058642276, 8.842048082312578217 ) ) ;
#4636 = ORIENTED_EDGE ( 'NONE', *, *, #2960, .T. ) ;
#4637 = ORIENTED_EDGE ( 'NONE', *, *, #3, .F. ) ;
#4638 = CARTESIAN_POINT ( 'NONE',  ( -67.08840227032871439, 2.635913030827935710, 8.709877294997427910 ) ) ;
#4639 = EDGE_CURVE ( 'NONE', #3635, #4221, #6822, .T. ) ;
#4640 = CARTESIAN_POINT ( 'NONE',  ( -66.43981237135845674, 1.124448881616599394, 9.030261054511736774 ) ) ;
#4641 = ADVANCED_FACE ( 'NONE', ( #2285 ), #3310, .T. ) ;
#4642 = DIRECTION ( 'NONE',  ( -1.836970198721029934E-16, 0.0000000000000000000, -1.000000000000000000 ) ) ;
#4643 = ORIENTED_EDGE ( 'NONE', *, *, #567, .T. ) ;
#4644 = CARTESIAN_POINT ( 'NONE',  ( -66.12380674298970007, 1.357539330574920822, 8.795856238362608437 ) ) ;
#4645 = CARTESIAN_POINT ( 'NONE',  ( -65.99132609059411436, 3.488260363789717822, 8.405070879714802601 ) ) ;
#4646 = DIRECTION ( 'NONE',  ( 1.124819836996404838E-32, 1.000000000000000000, 6.123233995736828898E-17 ) ) ;
#4647 = VERTEX_POINT ( 'NONE', #4480 ) ;
#4648 = CARTESIAN_POINT ( 'NONE',  ( -67.08372382639866771, -4.995460392515953529, 7.606452309169921655 ) ) ;
#4649 = ORIENTED_EDGE ( 'NONE', *, *, #247, .T. ) ;
#4650 = ORIENTED_EDGE ( 'NONE', *, *, #5006, .F. ) ;
#4651 = EDGE_LOOP ( 'NONE', ( #301, #6445, #934, #5312 ) ) ;
#4652 = CARTESIAN_POINT ( 'NONE',  ( -66.63283757446089339, 3.730569329631984399, 8.080399277066039332 ) ) ;
#4653 = CARTESIAN_POINT ( 'NONE',  ( -65.28000694907346713, 2.271790195966485015, 8.812067391887229206 ) ) ;
#4654 = CARTESIAN_POINT ( 'NONE',  ( -71.36271891601070649, -2.321114264305660146, -10.09999999999999964 ) ) ;
#4655 = DIRECTION ( 'NONE',  ( 0.0000000000000000000, 0.0000000000000000000, 1.000000000000000000 ) ) ;
#4656 = VERTEX_POINT ( 'NONE', #3910 ) ;
#4657 = DIRECTION ( 'NONE',  ( -1.000000000000000000, -0.0000000000000000000, 1.836970198721029934E-16 ) ) ;
#4658 = CARTESIAN_POINT ( 'NONE',  ( -67.35157554006730152, 0.2366542865367514403, 9.097070594320197046 ) ) ;
#4659 = VERTEX_POINT ( 'NONE', #6058 ) ;
#4660 = ORIENTED_EDGE ( 'NONE', *, *, #4417, .F. ) ;
#4661 = LINE ( 'NONE', #5081, #6008 ) ;
#4662 = CARTESIAN_POINT ( 'NONE',  ( -64.80574676638303799, -4.686556477450651848, 7.800396681173690894 ) ) ;
#4663 = CARTESIAN_POINT ( 'NONE',  ( -67.23256830108846316, -5.420361107505161868, 7.060057937840166886 ) ) ;
#4664 = DIRECTION ( 'NONE',  ( -0.0000000000000000000, -0.0000000000000000000, -1.000000000000000000 ) ) ;
#4665 = DIRECTION ( 'NONE',  ( 0.0000000000000000000, 0.0000000000000000000, 1.000000000000000000 ) ) ;
#4666 = CIRCLE ( 'NONE', #4307, 9.099999999999999645 ) ;
#4667 = ORIENTED_EDGE ( 'NONE', *, *, #2264, .F. ) ;
#4668 = VECTOR ( 'NONE', #1257, 1000.000000000000000 ) ;
#4669 = EDGE_CURVE ( 'NONE', #6070, #7279, #6827, .T. ) ;
#4670 = VERTEX_POINT ( 'NONE', #3346 ) ;
#4671 = EDGE_CURVE ( 'NONE', #4656, #6506, #5644, .T. ) ;
#4672 = B_SPLINE_CURVE_WITH_KNOTS ( 'NONE', 3,
 ( #6821, #4418, #1609, #489 ),
 .UNSPECIFIED., .F., .F.,
 ( 4, 4 ),
 ( 0.0000000000000000000, 0.0003795639028281864763 ),
 .UNSPECIFIED. ) ;
#4673 = CARTESIAN_POINT ( 'NONE',  ( -66.53430276858281900, -3.918479357374160532, 7.990964868367949947 ) ) ;
#4674 = VECTOR ( 'NONE', #736, 1000.000000000000000 ) ;
#4675 = AXIS2_PLACEMENT_3D ( 'NONE', #637, #1785, #3511 ) ;
#4676 = CARTESIAN_POINT ( 'NONE',  ( -64.50053699393059503, -4.941689468033616528, 7.402381466641478447 ) ) ;
#4677 = EDGE_CURVE ( 'NONE', #6777, #7025, #4860, .T. ) ;
#4678 = AXIS2_PLACEMENT_3D ( 'NONE', #2257, #50, #5140 ) ;
#4679 = AXIS2_PLACEMENT_3D ( 'NONE', #1634, #5680, #515 ) ;
#4680 = CARTESIAN_POINT ( 'NONE',  ( -65.33673898814581094, -5.859582515200517427, 6.962693848563353605 ) ) ;
#4681 = VERTEX_POINT ( 'NONE', #3839 ) ;
#4682 = CARTESIAN_POINT ( 'NONE',  ( -65.75358379307080270, 1.047255714787816538, 9.039538454359519193 ) ) ;
#4683 = CARTESIAN_POINT ( 'NONE',  ( -67.23252388062647356, -5.420438923830602107, 7.310488987272593775 ) ) ;
#4684 = ADVANCED_FACE ( 'NONE', ( #6137 ), #407, .T. ) ;
#4685 = AXIS2_PLACEMENT_3D ( 'NONE', #4386, #5023, #312 ) ;
#4686 = DIRECTION ( 'NONE',  ( 0.0000000000000000000, 0.0000000000000000000, -1.000000000000000000 ) ) ;
#4687 = FACE_OUTER_BOUND ( 'NONE', #1501, .T. ) ;
#4688 = EDGE_LOOP ( 'NONE', ( #914, #2490, #242, #6735 ) ) ;
#4689 = CARTESIAN_POINT ( 'NONE',  ( -67.42247593304968234, 2.866222803020539445, 8.425839236743442484 ) ) ;
#4690 = VERTEX_POINT ( 'NONE', #6740 ) ;
#4691 = EDGE_CURVE ( 'NONE', #2820, #1689, #4699, .T. ) ;
#4692 = ORIENTED_EDGE ( 'NONE', *, *, #5206, .T. ) ;
#4693 = B_SPLINE_CURVE_WITH_KNOTS ( 'NONE', 3,
 ( #5135, #2700, #2099, #1544 ),
 .UNSPECIFIED., .F., .F.,
 ( 4, 4 ),
 ( 1.855294369502515406E-13, 0.0002066503051658677090 ),
 .UNSPECIFIED. ) ;
#4694 = ORIENTED_EDGE ( 'NONE', *, *, #5969, .T. ) ;
#4695 = AXIS2_PLACEMENT_3D ( 'NONE', #6216, #1125, #2842 ) ;
#4696 = CARTESIAN_POINT ( 'NONE',  ( -67.31067272753178088, -4.050424523081191275, 8.149076510520536942 ) ) ;
#4697 = FILL_AREA_STYLE_COLOUR ( '', #4131 ) ;
#4698 = CARTESIAN_POINT ( 'NONE',  ( -66.50075942772960502, 3.369780577920169939, 8.237425933863724126 ) ) ;
#4699 = CIRCLE ( 'NONE', #3033, 9.099999999999999645 ) ;
#4700 = DIRECTION ( 'NONE',  ( 0.0000000000000000000, 0.0000000000000000000, -1.000000000000000000 ) ) ;
#4701 = ORIENTED_EDGE ( 'NONE', *, *, #5010, .F. ) ;
#4702 = DIRECTION ( 'NONE',  ( -1.000000000000000000, 0.0000000000000000000, 0.0000000000000000000 ) ) ;
#4703 = CARTESIAN_POINT ( 'NONE',  ( -67.41189259971629610, -2.989791781107579816, 8.382788623460680100 ) ) ;
#4704 = EDGE_CURVE ( 'NONE', #2813, #2564, #5804, .T. ) ;
#4705 = ORIENTED_EDGE ( 'NONE', *, *, #2247, .T. ) ;
#4706 = VERTEX_POINT ( 'NONE', #2866 ) ;
#4707 = AXIS2_PLACEMENT_3D ( 'NONE', #1675, #3950, #922 ) ;
#4708 = CARTESIAN_POINT ( 'NONE',  ( -66.92741791615388536, 2.418049705281876349, 8.565360145267495895 ) ) ;
#4709 = PLANE ( 'NONE',  #4791 ) ;
#4710 = CARTESIAN_POINT ( 'NONE',  ( -67.46216343304907070, -4.583646785975810545, 7.861709950830395144 ) ) ;
#4711 = VERTEX_POINT ( 'NONE', #6931 ) ;
#4712 = CARTESIAN_POINT ( 'NONE',  ( -66.98139477050020218, 0.2477814914235611510, 9.096626411855856631 ) ) ;
#4713 = CARTESIAN_POINT ( 'NONE',  ( -66.43981237135845674, 1.124448881616599394, 9.030261054511736774 ) ) ;
#4714 = MECHANICAL_DESIGN_GEOMETRIC_PRESENTATION_REPRESENTATION (  '', ( #3989 ), #6145 ) ;
#4715 = ORIENTED_EDGE ( 'NONE', *, *, #5328, .F. ) ;
#4716 = VERTEX_POINT ( 'NONE', #1781 ) ;
#4717 = CARTESIAN_POINT ( 'NONE',  ( -67.05532099846448091, -4.294521190146810774, 8.022910179441137046 ) ) ;
#4718 = AXIS2_PLACEMENT_3D ( 'NONE', #5559, #427, #7276 ) ;
#4719 = EDGE_CURVE ( 'NONE', #6273, #5347, #4661, .T. ) ;
#4720 =( NAMED_UNIT ( * ) PLANE_ANGLE_UNIT ( ) SI_UNIT ( $, .RADIAN. ) );
#4721 = CARTESIAN_POINT ( 'NONE',  ( -66.27709185884563681, 1.051223518135015578, 8.837853676669555014 ) ) ;
#4722 = CARTESIAN_POINT ( 'NONE',  ( -66.63283757446089339, 1.508069481957674762, 8.974169958140313597 ) ) ;
#4723 = PLANE ( 'NONE',  #5871 ) ;
#4724 = ORIENTED_EDGE ( 'NONE', *, *, #5991, .T. ) ;
#4725 = CARTESIAN_POINT ( 'NONE',  ( -65.99484216101940603, -3.285581981381939798, -10.09999999999999964 ) ) ;
#4726 = EDGE_CURVE ( 'NONE', #917, #1528, #1647, .T. ) ;
#4727 = EDGE_CURVE ( 'NONE', #6835, #7275, #6288, .T. ) ;
#4728 = LINE ( 'NONE', #2476, #5535 ) ;
#4729 = CARTESIAN_POINT ( 'NONE',  ( -66.55199676640511086, 2.315103975723716179, 8.800584843156077142 ) ) ;
#4730 = CARTESIAN_POINT ( 'NONE',  ( -65.06082165229327074, 2.518647144717315989, 8.744507794061798123 ) ) ;
#4731 = CARTESIAN_POINT ( 'NONE',  ( -64.95940743064976175, 2.028518972877407123, 8.871026478185973119 ) ) ;
#4732 = ORIENTED_EDGE ( 'NONE', *, *, #5287, .F. ) ;
#4733 = EDGE_LOOP ( 'NONE', ( #3605, #7015, #3944, #5624 ) ) ;
#4734 = ORIENTED_EDGE ( 'NONE', *, *, #146, .F. ) ;
#4735 = DIRECTION ( 'NONE',  ( 0.0000000000000000000, 0.0000000000000000000, -1.000000000000000000 ) ) ;
#4736 = B_SPLINE_CURVE_WITH_KNOTS ( 'NONE', 3,
 ( #1998, #4250, #6542, #3647 ),
 .UNSPECIFIED., .F., .F.,
 ( 4, 4 ),
 ( 4.583957549711698717E-17, 0.0002055347112385904034 ),
 .UNSPECIFIED. ) ;
#4737 = CARTESIAN_POINT ( 'NONE',  ( -66.98421006156468138, 2.473063153642511836, 8.757508700429362136 ) ) ;
#4738 = AXIS2_PLACEMENT_3D ( 'NONE', #2377, #2785, #7391 ) ;
#4739 = EDGE_CURVE ( 'NONE', #7422, #7223, #5126, .T. ) ;
#4740 = CARTESIAN_POINT ( 'NONE',  ( -66.56407345364544881, 3.381374809292902128, 8.232636539989711011 ) ) ;
#4741 = VERTEX_POINT ( 'NONE', #1153 ) ;
#4742 =( NAMED_UNIT ( * ) PLANE_ANGLE_UNIT ( ) SI_UNIT ( $, .RADIAN. ) );
#4743 = CARTESIAN_POINT ( 'NONE',  ( -66.62984216101949642, 3.381374809265144776, 8.448449822261318687 ) ) ;
#4744 = ORIENTED_EDGE ( 'NONE', *, *, #370, .T. ) ;
#4745 = ORIENTED_EDGE ( 'NONE', *, *, #3959, .F. ) ;
#4746 = ADVANCED_FACE ( 'NONE', ( #1234 ), #2831, .F. ) ;
#4747 = CARTESIAN_POINT ( 'NONE',  ( -66.57089325936014745, -0.08556280526448854784, 9.100000000000012079 ) ) ;
#4748 = ORIENTED_EDGE ( 'NONE', *, *, #1898, .T. ) ;
#4749 = CARTESIAN_POINT ( 'NONE',  ( -67.36497556754888194, 3.223715188529941322, 8.509856660557893804 ) ) ;
#4750 = FACE_OUTER_BOUND ( 'NONE', #6031, .T. ) ;
#4751 = ORIENTED_EDGE ( 'NONE', *, *, #2394, .T. ) ;
#4752 = ORIENTED_EDGE ( 'NONE', *, *, #1846, .T. ) ;
#4753 = B_SPLINE_CURVE_WITH_KNOTS ( 'NONE', 3,
 ( #1108, #4974, #7247, #471 ),
 .UNSPECIFIED., .F., .F.,
 ( 4, 4 ),
 ( 3.234561597491737721E-16, 0.0001494386032779547197 ),
 .UNSPECIFIED. ) ;
#4754 = CARTESIAN_POINT ( 'NONE',  ( -64.77395546498762258, -0.2804583714772774794, 9.095677165657789942 ) ) ;
#4755 = B_SPLINE_CURVE_WITH_KNOTS ( 'NONE', 3,
 ( #186, #2470, #1347, #4754 ),
 .UNSPECIFIED., .F., .F.,
 ( 4, 4 ),
 ( 4.670032096444518521E-14, 0.0001241309879791948939 ),
 .UNSPECIFIED. ) ;
#4756 = UNCERTAINTY_MEASURE_WITH_UNIT (LENGTH_MEASURE( 1.000000000000000082E-05 ), #4761, 'distance_accuracy_value', 'NONE');
#4757 = CARTESIAN_POINT ( 'NONE',  ( -84.00000000000000000, 6.103937156677250897, 6.749218561236185465 ) ) ;
#4758 = VERTEX_POINT ( 'NONE', #3508 ) ;
#4759 =( NAMED_UNIT ( * ) SI_UNIT ( $, .STERADIAN. ) SOLID_ANGLE_UNIT ( ) );
#4760 = CARTESIAN_POINT ( 'NONE',  ( -65.09859730081321061, -5.762755817560241134, 6.782690130707702991 ) ) ;
#4761 =( LENGTH_UNIT ( ) NAMED_UNIT ( * ) SI_UNIT ( .MILLI., .METRE. ) );
#4762 = LINE ( 'NONE', #161, #1582 ) ;
#4763 = CARTESIAN_POINT ( 'NONE',  ( -73.00561028366129790, 0.3107680673900591328, 9.094692034823989246 ) ) ;
#4764 = ORIENTED_EDGE ( 'NONE', *, *, #4271, .F. ) ;
#4765 = ORIENTED_EDGE ( 'NONE', *, *, #5045, .F. ) ;
#4766 = VERTEX_POINT ( 'NONE', #667 ) ;
#4767 = ADVANCED_FACE ( 'NONE', ( #2798 ), #3387, .F. ) ;
#4768 = EDGE_CURVE ( 'NONE', #3430, #4536, #218, .T. ) ;
#4769 = CARTESIAN_POINT ( 'NONE',  ( -98.70000000000001705, 1.083812417245407678E-15, 8.849999999999994316 ) ) ;
#4770 = DIRECTION ( 'NONE',  ( 0.0000000000000000000, 8.881784197001252323E-16, -1.000000000000000000 ) ) ;
#4771 = FACE_OUTER_BOUND ( 'NONE', #3355, .T. ) ;
#4772 = ORIENTED_EDGE ( 'NONE', *, *, #7020, .T. ) ;
#4773 = CARTESIAN_POINT ( 'NONE',  ( -67.36613804507355496, -4.156666223590361753, 8.095420048682262504 ) ) ;
#4774 = DIRECTION ( 'NONE',  ( 0.0000000000000000000, 0.0000000000000000000, 1.000000000000000000 ) ) ;
#4775 = VERTEX_POINT ( 'NONE', #99 ) ;
#4776 = EDGE_CURVE ( 'NONE', #4614, #3904, #4024, .T. ) ;
#4777 =( NAMED_UNIT ( * ) PLANE_ANGLE_UNIT ( ) SI_UNIT ( $, .RADIAN. ) );
#4778 = CARTESIAN_POINT ( 'NONE',  ( -66.62235942056270233, 1.508124961853039903, -10.09999999999999964 ) ) ;
#4779 = EDGE_CURVE ( 'NONE', #1958, #811, #6023, .T. ) ;
#4780 = MANIFOLD_SOLID_BREP ( 'Imported1', #111 ) ;
#4781 = ORIENTED_EDGE ( 'NONE', *, *, #910, .F. ) ;
#4782 = DIRECTION ( 'NONE',  ( 0.0000000000000000000, 0.0000000000000000000, 1.000000000000000000 ) ) ;
#4783 = LINE ( 'NONE', #2388, #6714 ) ;
#4784 = ORIENTED_EDGE ( 'NONE', *, *, #4833, .F. ) ;
#4785 = ORIENTED_EDGE ( 'NONE', *, *, #3330, .T. ) ;
#4786 = AXIS2_PLACEMENT_3D ( 'NONE', #5613, #6179, #1537 ) ;
#4787 = CARTESIAN_POINT ( 'NONE',  ( -64.77395546498762258, -0.2804583714772774794, 9.095677165657789942 ) ) ;
#4788 = CARTESIAN_POINT ( 'NONE',  ( -66.12890372060627442, 3.168598452376830465, 8.317045352324711871 ) ) ;
#4789 = EDGE_CURVE ( 'NONE', #2929, #5910, #2994, .T. ) ;
#4790 = VERTEX_POINT ( 'NONE', #7399 ) ;
#4791 = AXIS2_PLACEMENT_3D ( 'NONE', #3544, #5840, #700 ) ;
#4792 = VECTOR ( 'NONE', #6514, 1000.000000000000000 ) ;
#4793 = CARTESIAN_POINT ( 'NONE',  ( -66.58903843304969428, -0.2566458714806878483, 8.896298831327815293 ) ) ;
#4794 = DIRECTION ( 'NONE',  ( 1.000000000000000000, 0.0000000000000000000, 0.0000000000000000000 ) ) ;
#4795 = CARTESIAN_POINT ( 'NONE',  ( -64.86492758392925850, -5.007695265106067772, 7.357649856654619569 ) ) ;
#4796 = AXIS2_PLACEMENT_3D ( 'NONE', #3820, #2595, #6719 ) ;
#4797 = AXIS2_PLACEMENT_3D ( 'NONE', #6797, #7278, #7346 ) ;
#4798 = DIRECTION ( 'NONE',  ( -0.0000000000000000000, -0.0000000000000000000, -1.000000000000000000 ) ) ;
#4799 = CARTESIAN_POINT ( 'NONE',  ( -66.53430276858281900, -3.918479357374160532, 7.990964868367949947 ) ) ;
#4800 = ORIENTED_EDGE ( 'NONE', *, *, #193, .F. ) ;
#4801 = ORIENTED_EDGE ( 'NONE', *, *, #5414, .T. ) ;
#4802 = DIRECTION ( 'NONE',  ( 0.0000000000000000000, 0.0000000000000000000, 1.000000000000000000 ) ) ;
#4803 = CARTESIAN_POINT ( 'NONE',  ( -65.99484216101940603, -5.580062690734860276, 7.188386492633031644 ) ) ;
#4804 = CARTESIAN_POINT ( 'NONE',  ( -63.77783156817920229, 3.855863866547330154, -10.09999999999999964 ) ) ;
#4805 = AXIS2_PLACEMENT_3D ( 'NONE', #5225, #3408, #5101 ) ;
#4806 = DIRECTION ( 'NONE',  ( -0.0000000000000000000, -0.0000000000000000000, -1.000000000000000000 ) ) ;
#4807 = EDGE_CURVE ( 'NONE', #2940, #3668, #1299, .T. ) ;
#4808 = SURFACE_STYLE_FILL_AREA ( #7011 ) ;
#4809 = VERTEX_POINT ( 'NONE', #4140 ) ;
#4810 = CARTESIAN_POINT ( 'NONE',  ( -67.40789909149133052, 0.4484511536033935486, 8.888694592730249866 ) ) ;
#4811 = LINE ( 'NONE', #4246, #508 ) ;
#4812 = DIRECTION ( 'NONE',  ( -1.000000000000000000, 4.234615018435899824E-16, 0.0000000000000000000 ) ) ;
#4813 = AXIS2_PLACEMENT_3D ( 'NONE', #6864, #6259, #3400 ) ;
#4814 = VERTEX_POINT ( 'NONE', #4216 ) ;
#4815 = ORIENTED_EDGE ( 'NONE', *, *, #1629, .T. ) ;
#4816 = CARTESIAN_POINT ( 'NONE',  ( -66.98399877702188121, 3.236900642599418010, 8.290505076276922125 ) ) ;
#4817 = CARTESIAN_POINT ( 'NONE',  ( -66.80542513442860297, 2.359444451714705515, 8.581551251334044395 ) ) ;
#4818 = ADVANCED_FACE ( 'NONE', ( #4173 ), #292, .T. ) ;
#4819 = ORIENTED_EDGE ( 'NONE', *, *, #3880, .F. ) ;
#4820 = CARTESIAN_POINT ( 'NONE',  ( -66.62984216101949642, 2.867244238842459936, -10.09999999999999964 ) ) ;
#4821 = FACE_OUTER_BOUND ( 'NONE', #2458, .T. ) ;
#4822 = ORIENTED_EDGE ( 'NONE', *, *, #2274, .T. ) ;
#4823 = VERTEX_POINT ( 'NONE', #3086 ) ;
#4824 = VECTOR ( 'NONE', #1415, 1000.000000000000000 ) ;
#4825 = EDGE_CURVE ( 'NONE', #5241, #4863, #2630, .T. ) ;
#4826 = DIRECTION ( 'NONE',  ( -1.000000000000000000, -0.0000000000000000000, 1.836970198721029934E-16 ) ) ;
#4827 = VECTOR ( 'NONE', #69, 1000.000000000000000 ) ;
#4828 = CARTESIAN_POINT ( 'NONE',  ( -65.26025869170669580, -5.442681917345822740, 7.293083800781841930 ) ) ;
#4829 = DIRECTION ( 'NONE',  ( -0.0000000000000000000, -0.0000000000000000000, -1.000000000000000000 ) ) ;
#4830 = VERTEX_POINT ( 'NONE', #6541 ) ;
#4831 = EDGE_LOOP ( 'NONE', ( #1189, #7001, #6034, #1344 ) ) ;
#4832 = AXIS2_PLACEMENT_3D ( 'NONE', #697, #2417, #4702 ) ;
#4833 = EDGE_CURVE ( 'NONE', #2687, #1798, #6738, .T. ) ;
#4834 = CARTESIAN_POINT ( 'NONE',  ( -64.49670977749819656, -4.443763201673379015, 7.941219591942647149 ) ) ;
#4835 = EDGE_CURVE ( 'NONE', #2821, #3197, #4960, .T. ) ;
#4836 = CYLINDRICAL_SURFACE ( 'NONE', #6258, 1.278115417247829733 ) ;
#4837 = CARTESIAN_POINT ( 'NONE',  ( -64.93285647639248737, -4.238737455033011692, 8.052647671858606415 ) ) ;
#4838 = LINE ( 'NONE', #5440, #2697 ) ;
#4839 = EDGE_LOOP ( 'NONE', ( #4220, #7292, #5445, #4296 ) ) ;
#4840 = VERTEX_POINT ( 'NONE', #4284 ) ;
#4841 = ORIENTED_EDGE ( 'NONE', *, *, #5935, .T. ) ;
#4842 = B_SPLINE_CURVE_WITH_KNOTS ( 'NONE', 3,
 ( #6773, #951, #4514, #3278 ),
 .UNSPECIFIED., .F., .F.,
 ( 4, 4 ),
 ( 6.953819512553223358E-17, 0.0001262192345117720135 ),
 .UNSPECIFIED. ) ;
#4843 = CARTESIAN_POINT ( 'NONE',  ( -65.59304757034269073, 2.610734538977728114, 8.508470201334016991 ) ) ;
#4844 = CARTESIAN_POINT ( 'NONE',  ( -71.30020535340770493, -0.2331160295301614727, 8.896946493981872095 ) ) ;
#4845 = ORIENTED_EDGE ( 'NONE', *, *, #1655, .T. ) ;
#4846 = B_SPLINE_CURVE_WITH_KNOTS ( 'NONE', 3,
 ( #3628, #4266, #7179, #1942 ),
 .UNSPECIFIED., .F., .F.,
 ( 4, 4 ),
 ( 2.710505431213760784E-20, 0.0001113885222786795717 ),
 .UNSPECIFIED. ) ;
#4847 = PRESENTATION_STYLE_ASSIGNMENT (( #1956 ) ) ;
#4848 = DIRECTION ( 'NONE',  ( 1.000000000000000000, 0.0000000000000000000, 0.0000000000000000000 ) ) ;
#4849 = VERTEX_POINT ( 'NONE', #498 ) ;
#4850 = VERTEX_POINT ( 'NONE', #5139 ) ;
#4851 = CARTESIAN_POINT ( 'NONE',  ( -66.75388075784955788, -3.595222698809310113, 8.359781882992914248 ) ) ;
#4852 = ORIENTED_EDGE ( 'NONE', *, *, #3748, .F. ) ;
#4853 = CARTESIAN_POINT ( 'NONE',  ( -67.40789909149188475, 0.4484511536073493843, 9.088943368886642560 ) ) ;
#4854 = AXIS2_PLACEMENT_3D ( 'NONE', #1612, #4910, #7220 ) ;
#4855 = PLANE ( 'NONE',  #3603 ) ;
#4856 = VERTEX_POINT ( 'NONE', #5064 ) ;
#4857 = ORIENTED_EDGE ( 'NONE', *, *, #5389, .T. ) ;
#4858 = EDGE_CURVE ( 'NONE', #3394, #3864, #6300, .T. ) ;
#4859 = ADVANCED_FACE ( 'NONE', ( #5665 ), #3892, .F. ) ;
#4860 = B_SPLINE_CURVE_WITH_KNOTS ( 'NONE', 3,
 ( #2123, #2720, #2085, #5497 ),
 .UNSPECIFIED., .F., .F.,
 ( 4, 4 ),
 ( 9.273852825451882991E-17, 0.0002046365211826996287 ),
 .UNSPECIFIED. ) ;
#4861 = B_SPLINE_CURVE_WITH_KNOTS ( 'NONE', 3,
 ( #2398, #5886, #5736, #5219 ),
 .UNSPECIFIED., .F., .F.,
 ( 4, 4 ),
 ( 1.322304348481077728E-15, 0.0002055082048061404154 ),
 .UNSPECIFIED. ) ;
#4862 = CARTESIAN_POINT ( 'NONE',  ( -66.97857947943569457, 2.467499846191784307, 8.551108284479346011 ) ) ;
#4863 = VERTEX_POINT ( 'NONE', #2640 ) ;
#4864 =( NAMED_UNIT ( * ) SI_UNIT ( $, .STERADIAN. ) SOLID_ANGLE_UNIT ( ) );
#4865 = ORIENTED_EDGE ( 'NONE', *, *, #5152, .F. ) ;
#4866 = EDGE_CURVE ( 'NONE', #4124, #917, #2897, .T. ) ;
#4867 = APPLICATION_PROTOCOL_DEFINITION ( 'draft international standard', 'automotive_design', 1998, #2212 ) ;
#4868 = DIRECTION ( 'NONE',  ( -1.000000000000000000, 0.0000000000000000000, 0.0000000000000000000 ) ) ;
#4869 = CARTESIAN_POINT ( 'NONE',  ( -64.99081044402925045, -4.165182614384161930, 8.090812925091775298 ) ) ;
#4870 = CARTESIAN_POINT ( 'NONE',  ( -66.20392500701476024, 0.9993188375789067157, 9.044963342151264740 ) ) ;
#4871 = EDGE_CURVE ( 'NONE', #2753, #1089, #5777, .T. ) ;
#4872 = B_SPLINE_CURVE_WITH_KNOTS ( 'NONE', 3,
 ( #7383, #2217, #4501, #787 ),
 .UNSPECIFIED., .F., .F.,
 ( 4, 4 ),
 ( 0.0000000000000000000, 0.0003896893690621795010 ),
 .UNSPECIFIED. ) ;
#4873 = CYLINDRICAL_SURFACE ( 'NONE', #5461, 0.7149456730119047032 ) ;
#4874 = CARTESIAN_POINT ( 'NONE',  ( -64.54199025848967608, -4.258133028706319934, -10.09999999999999964 ) ) ;
#4875 = ORIENTED_EDGE ( 'NONE', *, *, #1165, .T. ) ;
#4876 = VERTEX_POINT ( 'NONE', #3369 ) ;
#4877 = LINE ( 'NONE', #5961, #1679 ) ;
#4878 = VERTEX_POINT ( 'NONE', #3325 ) ;
#4879 = CARTESIAN_POINT ( 'NONE',  ( -66.13124123105809815, -4.478917356694480212, -10.09999999999999964 ) ) ;
#4880 = CARTESIAN_POINT ( 'NONE',  ( -67.08173646700760173, -0.1316211951213860087, -10.09999999999999964 ) ) ;
#4881 = ORIENTED_EDGE ( 'NONE', *, *, #1354, .T. ) ;
#4882 = DIRECTION ( 'NONE',  ( -0.0000000000000000000, -0.0000000000000000000, -1.000000000000000000 ) ) ;
#4883 = CARTESIAN_POINT ( 'NONE',  ( -65.01076934270074048, -3.685112262201200917, 8.101231240680304424 ) ) ;
#4884 = CARTESIAN_POINT ( 'NONE',  ( -67.10079531653705942, -4.404687396361394391, 7.962959810292606022 ) ) ;
#4885 = ORIENTED_EDGE ( 'NONE', *, *, #61, .T. ) ;
#4886 = VERTEX_POINT ( 'NONE', #1132 ) ;
#4887 = EDGE_CURVE ( 'NONE', #5640, #6264, #2256, .T. ) ;
#4888 = CARTESIAN_POINT ( 'NONE',  ( -65.12305579081098017, 0.3556058611738327491, 8.892949231291424894 ) ) ;
#4889 = CARTESIAN_POINT ( 'NONE',  ( -65.42334216101941990, 2.911987463206402893, 8.621503871954645959 ) ) ;
#4890 = DIRECTION ( 'NONE',  ( -1.000000000000000000, 0.0000000000000000000, 0.0000000000000000000 ) ) ;
#4891 = VERTEX_POINT ( 'NONE', #4534 ) ;
#4892 = DIRECTION ( 'NONE',  ( 0.0000000000000000000, -1.000000000000000000, 6.123233995736803014E-17 ) ) ;
#4893 = DIRECTION ( 'NONE',  ( 1.000000000000000000, -4.357835199126469771E-16, 0.0000000000000000000 ) ) ;
#4894 = ORIENTED_EDGE ( 'NONE', *, *, #4789, .F. ) ;
#4895 = ORIENTED_EDGE ( 'NONE', *, *, #2840, .T. ) ;
#4896 = SURFACE_SIDE_STYLE ('',( #478 ) ) ;
#4897 =( NAMED_UNIT ( * ) SI_UNIT ( $, .STERADIAN. ) SOLID_ANGLE_UNIT ( ) );
#4898 = CARTESIAN_POINT ( 'NONE',  ( -67.07395748946227343, -4.330269059556727029, 8.003774980543671091 ) ) ;
#4899 = ADVANCED_FACE ( 'NONE', ( #3164 ), #5620, .T. ) ;
#4900 = EDGE_CURVE ( 'NONE', #882, #7237, #4465, .T. ) ;
#4901 = DIRECTION ( 'NONE',  ( 0.0000000000000000000, 0.0000000000000000000, -1.000000000000000000 ) ) ;
#4902 = ORIENTED_EDGE ( 'NONE', *, *, #1760, .T. ) ;
#4903 = SURFACE_STYLE_FILL_AREA ( #4264 ) ;
#4904 = EDGE_LOOP ( 'NONE', ( #555, #6698, #2320, #6929, #4136, #6340, #599, #3220, #63, #5727, #3194, #5652, #5262, #3450, #662, #1930, #5642, #907, #4914, #3972, #3412, #4441, #1823, #1712, #4748, #3491, #4361, #5511, #6670, #3052, #3679, #5790, #7203, #7119, #3343, #4138, #5359, #4822, #5180, #1865, #2606, #6940, #6390, #474, #6269, #6799, #7189, #2449, #2184 ) ) ;
#4905 =( LENGTH_UNIT ( ) NAMED_UNIT ( * ) SI_UNIT ( .MILLI., .METRE. ) );
#4906 = STYLED_ITEM ( 'NONE', ( #221 ), #346 ) ;
#4907 = DIRECTION ( 'NONE',  ( 0.7028694631325610453, 0.7113188580346689882, -0.0000000000000000000 ) ) ;
#4908 = LINE ( 'NONE', #268, #7097 ) ;
#4909 = EDGE_CURVE ( 'NONE', #331, #3693, #1190, .T. ) ;
#4910 = DIRECTION ( 'NONE',  ( 3.888811336609149864E-16, 1.000000000000000000, -0.0000000000000000000 ) ) ;
#4911 = DIRECTION ( 'NONE',  ( 1.000000000000000000, 0.0000000000000000000, 0.0000000000000000000 ) ) ;
#4912 = VERTEX_POINT ( 'NONE', #2291 ) ;
#4913 = AXIS2_PLACEMENT_3D ( 'NONE', #6163, #6129, #2745 ) ;
#4914 = ORIENTED_EDGE ( 'NONE', *, *, #2255, .T. ) ;
#4915 = CARTESIAN_POINT ( 'NONE',  ( -67.11534803439217001, 0.4852782273474760544, 8.887051299175869445 ) ) ;
#4916 = ORIENTED_EDGE ( 'NONE', *, *, #1295, .T. ) ;
#4917 = CARTESIAN_POINT ( 'NONE',  ( -65.99484216101940603, -5.580062690734854947, 6.933462365043101094 ) ) ;
#4918 = CARTESIAN_POINT ( 'NONE',  ( -64.94159378546947892, -5.156915355023682146, -10.09999999999999964 ) ) ;
#4919 = ADVANCED_FACE ( 'NONE', ( #1656 ), #7416, .F. ) ;
#4920 = AXIS2_PLACEMENT_3D ( 'NONE', #1628, #59, #623 ) ;
#4921 = VECTOR ( 'NONE', #1399, 1000.000000000000000 ) ;
#4922 = CARTESIAN_POINT ( 'NONE',  ( -71.30020535340770493, 0.0000000000000000000, 1.309763523969001123E-14 ) ) ;
#4923 = EDGE_CURVE ( 'NONE', #5514, #356, #1811, .T. ) ;
#4924 = CARTESIAN_POINT ( 'NONE',  ( -66.50104520255264617, 1.147387786827995804, 8.825759797070853452 ) ) ;
#4925 = ORIENTED_EDGE ( 'NONE', *, *, #5794, .T. ) ;
#4926 = DIRECTION ( 'NONE',  ( -0.0000000000000000000, -0.0000000000000000000, -1.000000000000000000 ) ) ;
#4927 = LINE ( 'NONE', #5625, #6964 ) ;
#4928 = CARTESIAN_POINT ( 'NONE',  ( -66.82348332693260318, 1.121014632267363087, 8.829118087002953530 ) ) ;
#4929 = ORIENTED_EDGE ( 'NONE', *, *, #7269, .T. ) ;
#4930 = EDGE_LOOP ( 'NONE', ( #5417, #1735, #6439, #1414 ) ) ;
#4931 = AXIS2_PLACEMENT_3D ( 'NONE', #5648, #3736, #2055 ) ;
#4932 = AXIS2_PLACEMENT_3D ( 'NONE', #6846, #2149, #1710 ) ;
#4933 = CARTESIAN_POINT ( 'NONE',  ( -66.94076318105057055, 1.444926967125971684, 8.984552635477871974 ) ) ;
#4934 = ADVANCED_FACE ( 'NONE', ( #359 ), #1733, .F. ) ;
#4935 = AXIS2_PLACEMENT_3D ( 'NONE', #6355, #3501, #2305 ) ;
#4936 = CARTESIAN_POINT ( 'NONE',  ( -67.45837698207688504, -4.773608917959755615, 7.747752454509840625 ) ) ;
#4937 = ORIENTED_EDGE ( 'NONE', *, *, #3632, .T. ) ;
#4938 = FACE_OUTER_BOUND ( 'NONE', #404, .T. ) ;
#4939 = DIRECTION ( 'NONE',  ( -0.0000000000000000000, -0.0000000000000000000, 1.000000000000000000 ) ) ;
#4940 = VERTEX_POINT ( 'NONE', #4889 ) ;
#4941 =( GEOMETRIC_REPRESENTATION_CONTEXT ( 3 ) GLOBAL_UNCERTAINTY_ASSIGNED_CONTEXT ( ( #3770 ) ) GLOBAL_UNIT_ASSIGNED_CONTEXT ( ( #1083, #5132, #4567 ) ) REPRESENTATION_CONTEXT ( 'NONE', 'WORKASPACE' ) );
#4942 = B_SPLINE_CURVE_WITH_KNOTS ( 'NONE', 3,
 ( #5005, #2191, #4475, #2644 ),
 .UNSPECIFIED., .F., .F.,
 ( 4, 4 ),
 ( 5.384499589567368864E-16, 0.0001636962980745836917 ),
 .UNSPECIFIED. ) ;
#4943 = FACE_OUTER_BOUND ( 'NONE', #986, .T. ) ;
#4944 = CARTESIAN_POINT ( 'NONE',  ( -66.82348332702176208, 3.343514479643201476, 8.463504647864054320 ) ) ;
#4945 = AXIS2_PLACEMENT_3D ( 'NONE', #1997, #3576, #5319 ) ;
#4946 = CARTESIAN_POINT ( 'NONE',  ( -64.39818140648640110, 0.7674839894906769766, -10.09999999999999964 ) ) ;
#4947 = DIRECTION ( 'NONE',  ( -1.000000000000000000, -0.0000000000000000000, 1.836970198721029934E-16 ) ) ;
#4948 = ORIENTED_EDGE ( 'NONE', *, *, #1396, .F. ) ;
#4949 = VECTOR ( 'NONE', #2986, 1000.000000000000000 ) ;
#4950 = CARTESIAN_POINT ( 'NONE',  ( -67.46216343305100338, -4.713068120645491632, 7.549976269416140084 ) ) ;
#4951 = PLANE ( 'NONE',  #3651 ) ;
#4952 = CARTESIAN_POINT ( 'NONE',  ( -71.30020535340770493, 1.612270057102940024, 8.752747298018466182 ) ) ;
#4953 = EDGE_LOOP ( 'NONE', ( #362, #5403, #3987, #4916, #5925, #3456, #696, #5672, #147, #2676, #6591, #5080, #953, #776, #2581, #3171, #4407, #5579, #3825, #1766, #6392, #4983, #1985 ) ) ;
#4954 = PRESENTATION_LAYER_ASSIGNMENT (  '', '', ( #2196 ) ) ;
#4955 = ORIENTED_EDGE ( 'NONE', *, *, #4075, .F. ) ;
#4956 = ORIENTED_EDGE ( 'NONE', *, *, #2615, .F. ) ;
#4957 = EDGE_CURVE ( 'NONE', #2701, #4681, #6618, .T. ) ;
#4958 = CARTESIAN_POINT ( 'NONE',  ( -67.05886372070199286, -0.1200339460397708002, 8.899282604011487408 ) ) ;
#4959 = EDGE_CURVE ( 'NONE', #6323, #3714, #911, .T. ) ;
#4960 = B_SPLINE_CURVE_WITH_KNOTS ( 'NONE', 3,
 ( #6579, #3718, #4708, #179 ),
 .UNSPECIFIED., .F., .F.,
 ( 4, 4 ),
 ( 1.734723475976807094E-18, 0.0002026694239230432827 ),
 .UNSPECIFIED. ) ;
#4961 =( GEOMETRIC_REPRESENTATION_CONTEXT ( 3 ) GLOBAL_UNCERTAINTY_ASSIGNED_CONTEXT ( ( #5813 ) ) GLOBAL_UNIT_ASSIGNED_CONTEXT ( ( #1991, #4742, #766 ) ) REPRESENTATION_CONTEXT ( 'NONE', 'WORKASPACE' ) );
#4962 = DIRECTION ( 'NONE',  ( -0.0000000000000000000, -0.0000000000000000000, -1.000000000000000000 ) ) ;
#4963 = B_SPLINE_CURVE_WITH_KNOTS ( 'NONE', 3,
 ( #2882, #2365, #1797, #6339 ),
 .UNSPECIFIED., .F., .F.,
 ( 4, 4 ),
 ( 1.226634733346699349E-18, 0.0002490044915661944231 ),
 .UNSPECIFIED. ) ;
#4964 = VERTEX_POINT ( 'NONE', #610 ) ;
#4965 = CARTESIAN_POINT ( 'NONE',  ( -65.56989612328040096, -4.657074111453479937, -10.09999999999999964 ) ) ;
#4966 = DIRECTION ( 'NONE',  ( 1.000000000000000000, 0.0000000000000000000, -1.836970198721029934E-16 ) ) ;
#4967 = DIRECTION ( 'NONE',  ( -0.0000000000000000000, -0.0000000000000000000, -1.000000000000000000 ) ) ;
#4968 = VERTEX_POINT ( 'NONE', #5889 ) ;
#4969 = ORIENTED_EDGE ( 'NONE', *, *, #3570, .F. ) ;
#4970 = CARTESIAN_POINT ( 'NONE',  ( -64.52776374164746187, -5.063065797614776820, 7.561439329190153380 ) ) ;
#4971 = EDGE_CURVE ( 'NONE', #349, #7298, #752, .T. ) ;
#4972 = DIRECTION ( 'NONE',  ( -0.0000000000000000000, -0.0000000000000000000, -1.000000000000000000 ) ) ;
#4973 = VERTEX_POINT ( 'NONE', #5817 ) ;
#4974 = CARTESIAN_POINT ( 'NONE',  ( -64.91897341928012111, -5.120744118835420799, 7.279419572353257983 ) ) ;
#4975 = CARTESIAN_POINT ( 'NONE',  ( -65.51115851924518552, 2.514306680438602726, 8.538058074923803531 ) ) ;
#4976 = EDGE_LOOP ( 'NONE', ( #5043, #114, #4895, #2180 ) ) ;
#4977 = ORIENTED_EDGE ( 'NONE', *, *, #1483, .T. ) ;
#4978 =( NAMED_UNIT ( * ) PLANE_ANGLE_UNIT ( ) SI_UNIT ( $, .RADIAN. ) );
#4979 = CARTESIAN_POINT ( 'NONE',  ( -66.62235942056270233, 1.508124961853039903, -10.09999999999999964 ) ) ;
#4980 = AXIS2_PLACEMENT_3D ( 'NONE', #4159, #4195, #1286 ) ;
#4981 = CARTESIAN_POINT ( 'NONE',  ( -67.02684744468547251, -5.118694706974453723, 7.280881796717720178 ) ) ;
#4982 = DIRECTION ( 'NONE',  ( 1.000000000000000000, 0.0000000000000000000, 0.0000000000000000000 ) ) ;
#4983 = ORIENTED_EDGE ( 'NONE', *, *, #3206, .T. ) ;
#4984 = CARTESIAN_POINT ( 'NONE',  ( -65.63193521794599405, -5.551181300825190235, 7.210713291025301785 ) ) ;
#4985 = AXIS2_PLACEMENT_3D ( 'NONE', #4879, #4993, #4425 ) ;
#4986 = ORIENTED_EDGE ( 'NONE', *, *, #777, .T. ) ;
#4987 = CARTESIAN_POINT ( 'NONE',  ( -66.62235942056270233, 2.867349402813979875, -10.09999999999999964 ) ) ;
#4988 = LINE ( 'NONE', #894, #6661 ) ;
#4989 = CARTESIAN_POINT ( 'NONE',  ( -64.52793426638299934, -1.150937614440908252, 9.026923208251265152 ) ) ;
#4990 = ORIENTED_EDGE ( 'NONE', *, *, #3811, .F. ) ;
#4991 = LINE ( 'NONE', #2132, #5147 ) ;
#4992 = ORIENTED_EDGE ( 'NONE', *, *, #2154, .T. ) ;
#4993 = DIRECTION ( 'NONE',  ( 0.0000000000000000000, 0.0000000000000000000, 1.000000000000000000 ) ) ;
#4994 = CARTESIAN_POINT ( 'NONE',  ( -64.52793426638299934, -0.3201458714802981609, 9.094366752060000891 ) ) ;
#4995 = ORIENTED_EDGE ( 'NONE', *, *, #1295, .F. ) ;
#4996 = EDGE_CURVE ( 'NONE', #2893, #5848, #7027, .T. ) ;
#4997 = CARTESIAN_POINT ( 'NONE',  ( -64.52793426638299934, -0.8175626144409100515, 8.862369399402661330 ) ) ;
#4998 = ADVANCED_FACE ( 'NONE', ( #1876 ), #4613, .T. ) ;
#4999 = CARTESIAN_POINT ( 'NONE',  ( -65.99285779611270186, -5.958416857401521050, 6.878027955266942328 ) ) ;
#5000 = ORIENTED_EDGE ( 'NONE', *, *, #6406, .T. ) ;
#5001 = ORIENTED_EDGE ( 'NONE', *, *, #910, .T. ) ;
#5002 = CARTESIAN_POINT ( 'NONE',  ( -66.49433738181780029, 0.6361575315994819624, -10.09999999999999964 ) ) ;
#5003 = DIRECTION ( 'NONE',  ( 0.0000000000000000000, 0.0000000000000000000, -1.000000000000000000 ) ) ;
#5004 = CARTESIAN_POINT ( 'NONE',  ( -67.08773274233762152, -3.785317245747773285, 8.055204948424684375 ) ) ;
#5005 = CARTESIAN_POINT ( 'NONE',  ( -67.36915619415364631, 0.2885766856451503215, 8.895320314440748888 ) ) ;
#5006 = EDGE_CURVE ( 'NONE', #11, #2201, #4728, .T. ) ;
#5007 = CARTESIAN_POINT ( 'NONE',  ( -66.56521650261032619, 1.508124961853035462, 8.771291757742185169 ) ) ;
#5008 = VERTEX_POINT ( 'NONE', #3003 ) ;
#5009 = EDGE_LOOP ( 'NONE', ( #3582, #4583, #2294, #3367 ) ) ;
#5010 = EDGE_CURVE ( 'NONE', #683, #7222, #816, .T. ) ;
#5011 = DIRECTION ( 'NONE',  ( 0.0000000000000000000, 0.0000000000000000000, -1.000000000000000000 ) ) ;
#5012 = SURFACE_STYLE_USAGE ( .BOTH. , #6207 ) ;
#5013 = EDGE_CURVE ( 'NONE', #3332, #3888, #3947, .T. ) ;
#5014 = CYLINDRICAL_SURFACE ( 'NONE', #3828, 0.4710816050011307210 ) ;
#5015 = ORIENTED_EDGE ( 'NONE', *, *, #3751, .T. ) ;
#5016 = B_SPLINE_CURVE_WITH_KNOTS ( 'NONE', 3,
 ( #3496, #4056, #7425, #5793 ),
 .UNSPECIFIED., .F., .F.,
 ( 4, 4 ),
 ( 3.057065633377457102E-17, 0.0004058172623409741879 ),
 .UNSPECIFIED. ) ;
#5017 = CARTESIAN_POINT ( 'NONE',  ( -65.99467776451513146, 3.045111062292958692, 8.362852301595506077 ) ) ;
#5018 = B_SPLINE_CURVE_WITH_KNOTS ( 'NONE', 3,
 ( #1416, #4828, #6676, #1456 ),
 .UNSPECIFIED., .F., .F.,
 ( 4, 4 ),
 ( 2.166228372095903994E-13, 0.0002999159810723279682 ),
 .UNSPECIFIED. ) ;
#5019 =( LENGTH_UNIT ( ) NAMED_UNIT ( * ) SI_UNIT ( .MILLI., .METRE. ) );
#5020 = EDGE_CURVE ( 'NONE', #5155, #4034, #6739, .T. ) ;
#5021 = CARTESIAN_POINT ( 'NONE',  ( -65.15739458887429691, 2.165862462991843707, 8.632441125857919673 ) ) ;
#5022 = DIRECTION ( 'NONE',  ( 1.000000000000000000, 0.0000000000000000000, 0.0000000000000000000 ) ) ;
#5023 = DIRECTION ( 'NONE',  ( 0.0000000000000000000, 0.0000000000000000000, 1.000000000000000000 ) ) ;
#5024 = LINE ( 'NONE', #6790, #3937 ) ;
#5025 = FACE_OUTER_BOUND ( 'NONE', #7122, .T. ) ;
#5026 = B_SPLINE_CURVE_WITH_KNOTS ( 'NONE', 3,
 ( #2961, #2471, #4676, #3036 ),
 .UNSPECIFIED., .F., .F.,
 ( 4, 4 ),
 ( 3.858711671616614030E-14, 0.0002241008446475532064 ),
 .UNSPECIFIED. ) ;
#5027 = AXIS2_PLACEMENT_3D ( 'NONE', #6138, #3281, #4372 ) ;
#5028 = VECTOR ( 'NONE', #4363, 1000.000000000000000 ) ;
#5029 = CARTESIAN_POINT ( 'NONE',  ( -71.80973495877130119, 0.3107680673900600210, -10.09999999999999964 ) ) ;
#5030 = LINE ( 'NONE', #2072, #6729 ) ;
#5031 = CARTESIAN_POINT ( 'NONE',  ( -66.97576418837122958, 0.2422177573693989339, -10.09999999999999964 ) ) ;
#5032 = ORIENTED_EDGE ( 'NONE', *, *, #4212, .T. ) ;
#5033 = ORIENTED_EDGE ( 'NONE', *, *, #7125, .F. ) ;
#5034 = CARTESIAN_POINT ( 'NONE',  ( -63.77783156817920229, 1.633364019135230105, -10.09999999999999964 ) ) ;
#5035 = VECTOR ( 'NONE', #4400, 1000.000000000000000 ) ;
#5036 = B_SPLINE_CURVE_WITH_KNOTS ( 'NONE', 3,
 ( #1275, #6903, #3554, #2993 ),
 .UNSPECIFIED., .F., .F.,
 ( 4, 4 ),
 ( 5.115550615948510847E-14, 0.0003126154258089535007 ),
 .UNSPECIFIED. ) ;
#5037 = AXIS2_PLACEMENT_3D ( 'NONE', #3354, #5609, #482 ) ;
#5038 = EDGE_CURVE ( 'NONE', #4840, #7238, #1379, .T. ) ;
#5039 = CARTESIAN_POINT ( 'NONE',  ( -71.30020535340770493, 1.612270057102940024, -10.09999999999999964 ) ) ;
#5040 = CARTESIAN_POINT ( 'NONE',  ( -65.15219588181371080, 0.3872233073824062344, 9.091757701908916189 ) ) ;
#5041 = CARTESIAN_POINT ( 'NONE',  ( -66.50864775189478451, 1.502506653184119134, 8.772263302404775587 ) ) ;
#5042 = VECTOR ( 'NONE', #3786, 1000.000000000000000 ) ;
#5043 = ORIENTED_EDGE ( 'NONE', *, *, #2795, .F. ) ;
#5044 = ORIENTED_EDGE ( 'NONE', *, *, #7054, .F. ) ;
#5045 = EDGE_CURVE ( 'NONE', #1266, #316, #6384, .T. ) ;
#5046 = EDGE_CURVE ( 'NONE', #3469, #313, #2521, .T. ) ;
#5047 = AXIS2_PLACEMENT_3D ( 'NONE', #4106, #1193, #102 ) ;
#5048 = STYLED_ITEM ( 'NONE', ( #1531 ), #2661 ) ;
#5049 = DIRECTION ( 'NONE',  ( -1.836970198721029934E-16, 0.0000000000000000000, -1.000000000000000000 ) ) ;
#5050 = CARTESIAN_POINT ( 'NONE',  ( -64.61151653713632470, -5.289654211836853470, 7.404959540827687370 ) ) ;
#5051 = CARTESIAN_POINT ( 'NONE',  ( -66.43265886244840601, -5.912687558117156073, 6.652076806538445908 ) ) ;
#5052 = CARTESIAN_POINT ( 'NONE',  ( -66.63913548075039728, 2.315716045229213371, 8.593454462536342930 ) ) ;
#5053 = FACE_OUTER_BOUND ( 'NONE', #2221, .T. ) ;
#5054 = ORIENTED_EDGE ( 'NONE', *, *, #2907, .F. ) ;
#5055 = CARTESIAN_POINT ( 'NONE',  ( -67.36440999436634058, -5.166260747636006734, 7.247051116656735736 ) ) ;
#5056 = EDGE_CURVE ( 'NONE', #3589, #3527, #4156, .T. ) ;
#5057 = CARTESIAN_POINT ( 'NONE',  ( -66.53430276858281900, -3.918479357401519536, -10.09999999999999964 ) ) ;
#5058 = CARTESIAN_POINT ( 'NONE',  ( -66.58903843304969428, -0.2566458714802885566, 9.096380208448433535 ) ) ;
#5059 = CARTESIAN_POINT ( 'NONE',  ( -67.13672593304953296, -4.613048564671008656, 7.611349905288585127 ) ) ;
#5060 = LINE ( 'NONE', #6757, #4064 ) ;
#5061 = ORIENTED_EDGE ( 'NONE', *, *, #5020, .T. ) ;
#5062 = CARTESIAN_POINT ( 'NONE',  ( -66.94076318111704893, 3.667426814510443833, 8.109252774467568869 ) ) ;
#5063 = EDGE_CURVE ( 'NONE', #1253, #4507, #2877, .T. ) ;
#5064 = CARTESIAN_POINT ( 'NONE',  ( -64.85201268600880553, -4.402258596548807468, 7.964302809983577980 ) ) ;
#5065 = FACE_OUTER_BOUND ( 'NONE', #2131, .T. ) ;
#5066 = AXIS2_PLACEMENT_3D ( 'NONE', #2148, #1066, #4438 ) ;
#5067 = CARTESIAN_POINT ( 'NONE',  ( -66.43265886276445542, -5.912687558050719439, 6.917378538208849292 ) ) ;
#5068 = VERTEX_POINT ( 'NONE', #5782 ) ;
#5069 = CARTESIAN_POINT ( 'NONE',  ( -64.49325324595476161, -4.879406808754955804, 7.681236176207315580 ) ) ;
#5070 = CARTESIAN_POINT ( 'NONE',  ( -66.45265163423549382, 1.491279525714443555, 8.774171492294021490 ) ) ;
#5071 = ORIENTED_EDGE ( 'NONE', *, *, #909, .T. ) ;
#5072 = VERTEX_POINT ( 'NONE', #2927 ) ;
#5073 = CARTESIAN_POINT ( 'NONE',  ( -65.87261498222106582, -5.580062690734860276, 6.933462365043095765 ) ) ;
#5074 = CARTESIAN_POINT ( 'NONE',  ( -65.33650851391800529, 2.329487421848150941, 8.796788524879490367 ) ) ;
#5075 = FACE_OUTER_BOUND ( 'NONE', #2497, .T. ) ;
#5076 = CARTESIAN_POINT ( 'NONE',  ( -103.2999999999999972, 0.0000000000000000000, -6.325300717596080026E-15 ) ) ;
#5077 = ORIENTED_EDGE ( 'NONE', *, *, #3156, .F. ) ;
#5078 = PLANE ( 'NONE',  #2917 ) ;
#5079 = ORIENTED_EDGE ( 'NONE', *, *, #836, .F. ) ;
#5080 = ORIENTED_EDGE ( 'NONE', *, *, #6607, .F. ) ;
#5081 = CARTESIAN_POINT ( 'NONE',  ( -65.20258286308708762, -3.997243118007256957, -10.09999999999999964 ) ) ;
#5082 = FACE_OUTER_BOUND ( 'NONE', #2827, .T. ) ;
#5083 = CARTESIAN_POINT ( 'NONE',  ( -70.10428868674109992, -0.2331160295301598073, 9.097013626282876686 ) ) ;
#5084 = CARTESIAN_POINT ( 'NONE',  ( -65.93034995837962242, 3.436069172328117372, -10.09999999999999964 ) ) ;
#5085 = FACE_OUTER_BOUND ( 'NONE', #3441, .T. ) ;
#5086 = CARTESIAN_POINT ( 'NONE',  ( -66.54109963547969642, 2.923768602276230588, -10.09999999999999964 ) ) ;
#5087 = ORIENTED_EDGE ( 'NONE', *, *, #4232, .F. ) ;
#5088 = EDGE_CURVE ( 'NONE', #706, #5155, #5313, .T. ) ;
#5089 = ORIENTED_EDGE ( 'NONE', *, *, #1487, .T. ) ;
#5090 = CARTESIAN_POINT ( 'NONE',  ( -67.41864671157013333, -5.002816254338180890, 7.360830763258307208 ) ) ;
#5091 = VECTOR ( 'NONE', #1988, 1000.000000000000000 ) ;
#5092 = SURFACE_STYLE_FILL_AREA ( #2767 ) ;
#5093 = CARTESIAN_POINT ( 'NONE',  ( -66.45265163417340659, 1.491279525701996178, 8.976975291055570239 ) ) ;
#5094 = VECTOR ( 'NONE', #2474, 1000.000000000000000 ) ;
#5095 = CARTESIAN_POINT ( 'NONE',  ( -65.26008400497889284, -5.442616425998602736, 7.042005446511834243 ) ) ;
#5096 = EDGE_CURVE ( 'NONE', #3272, #2991, #4187, .T. ) ;
#5097 = CARTESIAN_POINT ( 'NONE',  ( -66.97857947943569457, 0.2449996429554721633, 8.896627614977239418 ) ) ;
#5098 =( LENGTH_UNIT ( ) NAMED_UNIT ( * ) SI_UNIT ( .MILLI., .METRE. ) );
#5099 = CARTESIAN_POINT ( 'NONE',  ( -66.63777184295234690, -1.683371438753163085, 8.957089795233880380 ) ) ;
#5100 = EDGE_CURVE ( 'NONE', #1868, #7365, #6011, .T. ) ;
#5101 = DIRECTION ( 'NONE',  ( -1.000000000000000000, 0.0000000000000000000, 0.0000000000000000000 ) ) ;
#5102 = ORIENTED_EDGE ( 'NONE', *, *, #2352, .T. ) ;
#5103 = CARTESIAN_POINT ( 'NONE',  ( 98.70000000000001705, 0.0000000000000000000, -1.813089586137661631E-14 ) ) ;
#5104 = CARTESIAN_POINT ( 'NONE',  ( -67.36915619415380263, 0.2885766856455752039, 9.095423217008763217 ) ) ;
#5105 = ORIENTED_EDGE ( 'NONE', *, *, #5655, .F. ) ;
#5106 = VERTEX_POINT ( 'NONE', #5740 ) ;
#5107 = CARTESIAN_POINT ( 'NONE',  ( -64.54199025848970450, -4.258133028706225787, 8.042282207796574767 ) ) ;
#5108 = DIRECTION ( 'NONE',  ( -0.0000000000000000000, -0.0000000000000000000, -1.000000000000000000 ) ) ;
#5109 = CARTESIAN_POINT ( 'NONE',  ( -65.15219588181376764, 2.609723154794602706, 8.717760323347340190 ) ) ;
#5110 = CARTESIAN_POINT ( 'NONE',  ( -66.27688212926571509, -5.558095973587311001, 6.951084026854565501 ) ) ;
#5111 = EDGE_LOOP ( 'NONE', ( #4167, #2227, #5859, #5552 ) ) ;
#5112 = CARTESIAN_POINT ( 'NONE',  ( -67.44745403328700206, -4.446436080983370509, 7.709682624967737929 ) ) ;
#5113 = FACE_OUTER_BOUND ( 'NONE', #273, .T. ) ;
#5114 = EDGE_CURVE ( 'NONE', #556, #4656, #6550, .T. ) ;
#5115 = VERTEX_POINT ( 'NONE', #3662 ) ;
#5116 = EDGE_LOOP ( 'NONE', ( #1177, #2865, #1330, #7266 ) ) ;
#5117 = SURFACE_STYLE_FILL_AREA ( #1673 ) ;
#5118 = CARTESIAN_POINT ( 'NONE',  ( -66.80542513442536290, 0.1369446043014478365, 9.098969511727849735 ) ) ;
#5119 = CARTESIAN_POINT ( 'NONE',  ( -67.12602349604168239, -4.816621005049520399, -10.09999999999999964 ) ) ;
#5120 = CARTESIAN_POINT ( 'NONE',  ( -64.81442220046737646, -4.811894697500478379, 7.487033419196615469 ) ) ;
#5121 =( NAMED_UNIT ( * ) PLANE_ANGLE_UNIT ( ) SI_UNIT ( $, .RADIAN. ) );
#5122 = CARTESIAN_POINT ( 'NONE',  ( -66.62235942056270233, 3.730624809243124229, 8.080373662935388168 ) ) ;
#5123 = DIRECTION ( 'NONE',  ( 0.0000000000000000000, 0.0000000000000000000, 1.000000000000000000 ) ) ;
#5124 = VERTEX_POINT ( 'NONE', #854 ) ;
#5125 = ORIENTED_EDGE ( 'NONE', *, *, #6667, .F. ) ;
#5126 = B_SPLINE_CURVE_WITH_KNOTS ( 'NONE', 3,
 ( #4065, #6324, #3424, #5163 ),
 .UNSPECIFIED., .F., .F.,
 ( 4, 4 ),
 ( 1.370844097894687094E-13, 0.0003888954307215099953 ),
 .UNSPECIFIED. ) ;
#5127 = CARTESIAN_POINT ( 'NONE',  ( -66.28224579171299524, 3.662432598360049418, 8.111509567427622969 ) ) ;
#5128 = B_SPLINE_CURVE_WITH_KNOTS ( 'NONE', 3,
 ( #447, #3879, #4381, #4487 ),
 .UNSPECIFIED., .F., .F.,
 ( 4, 4 ),
 ( 0.0000000000000000000, 1.000000000000000000 ),
 .UNSPECIFIED. ) ;
#5129 = EDGE_CURVE ( 'NONE', #4248, #23, #4846, .T. ) ;
#5130 = EDGE_CURVE ( 'NONE', #6196, #6669, #783, .T. ) ;
#5131 = CARTESIAN_POINT ( 'NONE',  ( -65.20258286308708762, -3.997243118007256069, 7.951858113393613259 ) ) ;
#5132 =( NAMED_UNIT ( * ) PLANE_ANGLE_UNIT ( ) SI_UNIT ( $, .RADIAN. ) );
#5133 = CARTESIAN_POINT ( 'NONE',  ( -66.43265886244840601, -5.912687558117157849, -10.09999999999999964 ) ) ;
#5134 = CARTESIAN_POINT ( 'NONE',  ( -64.56387284495137635, -5.181819928196458314, 7.236277432776957674 ) ) ;
#5135 = CARTESIAN_POINT ( 'NONE',  ( -64.72703323492987693, -3.925528009057386303, 8.209764299302760193 ) ) ;
#5136 = ORIENTED_EDGE ( 'NONE', *, *, #3998, .T. ) ;
#5137 = DIRECTION ( 'NONE',  ( -0.0000000000000000000, -0.0000000000000000000, -1.000000000000000000 ) ) ;
#5138 = ADVANCED_FACE ( 'NONE', ( #817 ), #4189, .F. ) ;
#5139 = CARTESIAN_POINT ( 'NONE',  ( -64.52793426638299934, 4.680478823343919181, 7.804044975794880656 ) ) ;
#5140 = DIRECTION ( 'NONE',  ( 1.000000000000000000, 0.0000000000000000000, 0.0000000000000000000 ) ) ;
#5141 = CARTESIAN_POINT ( 'NONE',  ( -66.45265163423509591, 1.491279525714365617, -10.09999999999999964 ) ) ;
#5142 = ORIENTED_EDGE ( 'NONE', *, *, #2681, .T. ) ;
#5143 = DIRECTION ( 'NONE',  ( -1.000000000000000000, 0.0000000000000000000, 0.0000000000000000000 ) ) ;
#5144 = CARTESIAN_POINT ( 'NONE',  ( -66.69689782978299775, 1.158874961853034291, 8.824228511478516168 ) ) ;
#5145 = ORIENTED_EDGE ( 'NONE', *, *, #1935, .F. ) ;
#5146 = EDGE_LOOP ( 'NONE', ( #3020, #5145, #2545, #5000 ) ) ;
#5147 = VECTOR ( 'NONE', #6715, 1000.000000000000000 ) ;
#5148 = ORIENTED_EDGE ( 'NONE', *, *, #1521, .F. ) ;
#5149 = ADVANCED_FACE ( 'NONE', ( #1423 ), #4836, .T. ) ;
#5150 = CARTESIAN_POINT ( 'NONE',  ( -64.61911213722835612, -4.083775139776214758, 8.132206380051233197 ) ) ;
#5151 = CARTESIAN_POINT ( 'NONE',  ( -67.40675155066884372, 3.063003180515630142, -10.09999999999999964 ) ) ;
#5152 = EDGE_CURVE ( 'NONE', #5229, #470, #1010, .T. ) ;
#5153 = VECTOR ( 'NONE', #908, 1000.000000000000000 ) ;
#5154 = CARTESIAN_POINT ( 'NONE',  ( -64.69497018865779125, 1.917193508308363104, 8.895752638353760844 ) ) ;
#5155 = VERTEX_POINT ( 'NONE', #5984 ) ;
#5156 = CARTESIAN_POINT ( 'NONE',  ( -66.62984216101949642, 3.381374809265142112, 8.232636539971100120 ) ) ;
#5157 = CARTESIAN_POINT ( 'NONE',  ( -65.44359930859961594, -3.511021024068192276, -10.09999999999999964 ) ) ;
#5158 = ORIENTED_EDGE ( 'NONE', *, *, #6239, .T. ) ;
#5159 = VERTEX_POINT ( 'NONE', #3183 ) ;
#5160 = AXIS2_PLACEMENT_3D ( 'NONE', #3949, #1192, #7400 ) ;
#5161 = AXIS2_PLACEMENT_3D ( 'NONE', #3210, #959, #6096 ) ;
#5162 = ADVANCED_FACE ( 'NONE', ( #224 ), #3735, .F. ) ;
#5163 = CARTESIAN_POINT ( 'NONE',  ( -65.01076934270074048, -3.685112262201200917, 8.101231240680304424 ) ) ;
#5164 = CARTESIAN_POINT ( 'NONE',  ( -67.44745403326946587, -4.446436080861418283, 7.939723306187310925 ) ) ;
#5165 = CARTESIAN_POINT ( 'NONE',  ( -67.19628405934190596, 1.116528249460202540E-16, 9.100000000000012079 ) ) ;
#5166 = VECTOR ( 'NONE', #1989, 1000.000000000000000 ) ;
#5167 = DIRECTION ( 'NONE',  ( -0.0000000000000000000, -0.0000000000000000000, -1.000000000000000000 ) ) ;
#5168 = DIRECTION ( 'NONE',  ( -0.0000000000000000000, -0.0000000000000000000, -1.000000000000000000 ) ) ;
#5169 = CARTESIAN_POINT ( 'NONE',  ( -66.66058703651850692, 0.5126878704653450303, -10.09999999999999964 ) ) ;
#5170 = VERTEX_POINT ( 'NONE', #2620 ) ;
#5171 = VERTEX_POINT ( 'NONE', #6494 ) ;
#5172 = CARTESIAN_POINT ( 'NONE',  ( -73.00561028366129790, 0.0000000000000000000, 1.341091304305278863E-14 ) ) ;
#5173 = MECHANICAL_DESIGN_GEOMETRIC_PRESENTATION_REPRESENTATION (  '', ( #969 ), #1459 ) ;
#5174 = AXIS2_PLACEMENT_3D ( 'NONE', #393, #3790, #6079 ) ;
#5175 = CARTESIAN_POINT ( 'NONE',  ( -65.15219588189360422, 0.3872233074690977772, 8.891572308098997013 ) ) ;
#5176 = B_SPLINE_CURVE_WITH_KNOTS ( 'NONE', 3,
 ( #2713, #2682, #7244, #6662 ),
 .UNSPECIFIED., .F., .F.,
 ( 4, 4 ),
 ( 1.006565614205718557E-13, 0.0002055781916414387369 ),
 .UNSPECIFIED. ) ;
#5177 = CARTESIAN_POINT ( 'NONE',  ( -66.39418315735480292, 1.479556695409773859, 8.978922720508917266 ) ) ;
#5178 = DIRECTION ( 'NONE',  ( 1.000000000000000000, 0.0000000000000000000, -1.836970198721029934E-16 ) ) ;
#5179 = CYLINDRICAL_SURFACE ( 'NONE', #7440, 0.7378399799991275376 ) ;
#5180 = ORIENTED_EDGE ( 'NONE', *, *, #4150, .T. ) ;
#5181 = CARTESIAN_POINT ( 'NONE',  ( 98.70000000000001705, 0.0000000000000000000, -1.813089586137660369E-14 ) ) ;
#5182 = CARTESIAN_POINT ( 'NONE',  ( -67.06565544370297971, 2.575246660599554538, 8.519515181011005467 ) ) ;
#5183 = DIRECTION ( 'NONE',  ( 1.000000000000000000, 0.0000000000000000000, 0.0000000000000000000 ) ) ;
#5184 = CARTESIAN_POINT ( 'NONE',  ( -98.70000000000001705, 0.0000000000000000000, -6.043631953792183348E-15 ) ) ;
#5185 = ORIENTED_EDGE ( 'NONE', *, *, #973, .F. ) ;
#5186 = FACE_OUTER_BOUND ( 'NONE', #768, .T. ) ;
#5187 = FACE_OUTER_BOUND ( 'NONE', #2764, .T. ) ;
#5188 = VERTEX_POINT ( 'NONE', #6027 ) ;
#5189 = MECHANICAL_DESIGN_GEOMETRIC_PRESENTATION_REPRESENTATION (  '', ( #6869 ), #3734 ) ;
#5190 = VERTEX_POINT ( 'NONE', #5362 ) ;
#5191 = VERTEX_POINT ( 'NONE', #4302 ) ;
#5192 = EDGE_CURVE ( 'NONE', #2111, #2416, #3730, .T. ) ;
#5193 = ADVANCED_FACE ( 'NONE', ( #1461 ), #5475, .F. ) ;
#5194 = CARTESIAN_POINT ( 'NONE',  ( -66.63807241902502199, -3.950199983818906357, 8.197997031019454539 ) ) ;
#5195 = B_SPLINE_CURVE_WITH_KNOTS ( 'NONE', 3,
 ( #537, #5134, #1205, #1127 ),
 .UNSPECIFIED., .F., .F.,
 ( 4, 4 ),
 ( 2.464068450390917759E-15, 0.0002240507159125388844 ),
 .UNSPECIFIED. ) ;
#5196 = CARTESIAN_POINT ( 'NONE',  ( -66.28224579181338072, 1.439932750988900612, 8.782744085570850956 ) ) ;
#5197 = B_SPLINE_CURVE_WITH_KNOTS ( 'NONE', 3,
 ( #1393, #5858, #1945, #3665 ),
 .UNSPECIFIED., .F., .F.,
 ( 4, 4 ),
 ( 1.114315122692229498E-16, 0.0002161539622535863978 ),
 .UNSPECIFIED. ) ;
#5198 = DIRECTION ( 'NONE',  ( -0.0000000000000000000, -0.0000000000000000000, -1.000000000000000000 ) ) ;
#5199 = DIRECTION ( 'NONE',  ( 0.0000000000000000000, 0.0000000000000000000, -1.000000000000000000 ) ) ;
#5200 = ORIENTED_EDGE ( 'NONE', *, *, #4243, .F. ) ;
#5201 = CARTESIAN_POINT ( 'NONE',  ( -65.75358379307080270, 1.047255715061673920, 8.838170368762467533 ) ) ;
#5202 = B_SPLINE_CURVE_WITH_KNOTS ( 'NONE', 3,
 ( #1549, #3411, #1138, #2261 ),
 .UNSPECIFIED., .F., .F.,
 ( 4, 4 ),
 ( 5.126752280044336661E-15, 0.0001593731821847061845 ),
 .UNSPECIFIED. ) ;
#5203 = CARTESIAN_POINT ( 'NONE',  ( -67.60939274100509522, -0.7480933518202179666, -10.09999999999999964 ) ) ;
#5204 = ORIENTED_EDGE ( 'NONE', *, *, #4232, .T. ) ;
#5205 = ORIENTED_EDGE ( 'NONE', *, *, #6855, .F. ) ;
#5206 = EDGE_CURVE ( 'NONE', #2030, #6135, #4044, .T. ) ;
#5207 = STYLED_ITEM ( 'NONE', ( #4279 ), #6338 ) ;
#5208 = DIRECTION ( 'NONE',  ( 0.0000000000000000000, 0.0000000000000000000, -1.000000000000000000 ) ) ;
#5209 = CARTESIAN_POINT ( 'NONE',  ( -66.76217216675706823, 3.368442269664932986, 8.237980345965221218 ) ) ;
#5210 = CARTESIAN_POINT ( 'NONE',  ( -66.64565991562210456, 2.957381729179339835, -10.09999999999999964 ) ) ;
#5211 = ADVANCED_FACE ( 'NONE', ( #6640 ), #2662, .T. ) ;
#5212 = CARTESIAN_POINT ( 'NONE',  ( -65.11946099077744066, -4.040982742871340960, 7.929871061816610833 ) ) ;
#5213 = CYLINDRICAL_SURFACE ( 'NONE', #6374, 0.9282140267931060507 ) ;
#5214 = ORIENTED_EDGE ( 'NONE', *, *, #879, .T. ) ;
#5215 = VERTEX_POINT ( 'NONE', #6525 ) ;
#5216 = B_SPLINE_CURVE_WITH_KNOTS ( 'NONE', 3,
 ( #6321, #1708, #1186, #3985 ),
 .UNSPECIFIED., .F., .F.,
 ( 4, 4 ),
 ( 5.968746571110949494E-16, 0.0001961667374515875398 ),
 .UNSPECIFIED. ) ;
#5217 = CARTESIAN_POINT ( 'NONE',  ( -66.82563370476847808, -4.049248987187114679, 7.925502043389070828 ) ) ;
#5218 = B_SPLINE_CURVE_WITH_KNOTS ( 'NONE', 3,
 ( #1099, #2186, #3977, #3376 ),
 .UNSPECIFIED., .F., .F.,
 ( 4, 4 ),
 ( 5.109450015440897422E-14, 0.0001373680024028834377 ),
 .UNSPECIFIED. ) ;
#5219 = CARTESIAN_POINT ( 'NONE',  ( -67.42247593304969655, 2.866222803019701004, 8.636826201993999419 ) ) ;
#5220 = VERTEX_POINT ( 'NONE', #1390 ) ;
#5221 = CARTESIAN_POINT ( 'NONE',  ( -66.73968106100703324, 3.729435059293170429, 8.080922948482808010 ) ) ;
#5222 = B_SPLINE_CURVE_WITH_KNOTS ( 'NONE', 3,
 ( #3405, #5221, #81, #5062 ),
 .UNSPECIFIED., .F., .F.,
 ( 4, 4 ),
 ( 0.0000000000000000000, 0.0003158886758115492005 ),
 .UNSPECIFIED. ) ;
#5223 = CARTESIAN_POINT ( 'NONE',  ( -67.16293407479003008, -5.509125070475705321, 7.243594803475264854 ) ) ;
#5224 = AXIS2_PLACEMENT_3D ( 'NONE', #2477, #6426, #3562 ) ;
#5225 = CARTESIAN_POINT ( 'NONE',  ( -66.54653466679499729, 0.8702290442958550143, -10.09999999999999964 ) ) ;
#5226 = EDGE_LOOP ( 'NONE', ( #7287, #5266, #4186, #2971 ) ) ;
#5227 = CARTESIAN_POINT ( 'NONE',  ( 84.00000000000000000, 0.0000000000000000000, -9.100000000000015632 ) ) ;
#5228 = ORIENTED_EDGE ( 'NONE', *, *, #1248, .T. ) ;
#5229 = VERTEX_POINT ( 'NONE', #6215 ) ;
#5230 = VERTEX_POINT ( 'NONE', #968 ) ;
#5231 = CARTESIAN_POINT ( 'NONE',  ( -65.75358379307080270, 1.047255715061673920, 8.838170368762467533 ) ) ;
#5232 = AXIS2_PLACEMENT_3D ( 'NONE', #900, #7340, #3785 ) ;
#5233 = CARTESIAN_POINT ( 'NONE',  ( -66.55199676638301298, 0.09260412851970334369, 8.899518215913786889 ) ) ;
#5234 = CARTESIAN_POINT ( 'NONE',  ( -66.66058703651850692, 2.735187717877450186, -10.09999999999999964 ) ) ;
#5235 = EDGE_CURVE ( 'NONE', #313, #331, #3145, .T. ) ;
#5236 = EDGE_CURVE ( 'NONE', #1798, #4690, #5614, .T. ) ;
#5237 = CARTESIAN_POINT ( 'NONE',  ( -66.37029943894214057, -5.543455526287930368, 6.962790547862202750 ) ) ;
#5238 = DIRECTION ( 'NONE',  ( 0.0000000000000000000, 0.0000000000000000000, 1.000000000000000000 ) ) ;
#5239 = LINE ( 'NONE', #4703, #1091 ) ;
#5240 = VERTEX_POINT ( 'NONE', #3851 ) ;
#5241 = VERTEX_POINT ( 'NONE', #1540 ) ;
#5242 = CARTESIAN_POINT ( 'NONE',  ( -66.84230639257964413, 1.485846790923850858, 8.775191113319486647 ) ) ;
#5243 = CARTESIAN_POINT ( 'NONE',  ( -64.81802110920499160, -4.534715869580606018, 7.889635731906385452 ) ) ;
#5244 = EDGE_CURVE ( 'NONE', #607, #1360, #6649, .T. ) ;
#5245 = DIRECTION ( 'NONE',  ( -0.0000000000000000000, -0.0000000000000000000, -1.000000000000000000 ) ) ;
#5246 = DIRECTION ( 'NONE',  ( 1.000000000000000000, 0.0000000000000000000, 0.0000000000000000000 ) ) ;
#5247 = DIRECTION ( 'NONE',  ( 1.000000000000000000, 0.0000000000000000000, 0.0000000000000000000 ) ) ;
#5248 = ORIENTED_EDGE ( 'NONE', *, *, #3807, .T. ) ;
#5249 = ORIENTED_EDGE ( 'NONE', *, *, #4228, .F. ) ;
#5250 = DIRECTION ( 'NONE',  ( 1.000000000000000000, 0.0000000000000000000, 6.123233995736750012E-17 ) ) ;
#5251 = EDGE_CURVE ( 'NONE', #4221, #3943, #4672, .T. ) ;
#5252 = ADVANCED_FACE ( 'NONE', ( #533 ), #4385, .F. ) ;
#5253 = CARTESIAN_POINT ( 'NONE',  ( -64.86711323430967013, -4.359716317125316820, 7.987818003672472855 ) ) ;
#5254 = DIRECTION ( 'NONE',  ( 1.000000000000000000, 0.0000000000000000000, -1.836970198721029934E-16 ) ) ;
#5255 = CARTESIAN_POINT ( 'NONE',  ( -66.77867029611267924, -5.793217620988404981, 6.756376957798432059 ) ) ;
#5256 = ORIENTED_EDGE ( 'NONE', *, *, #7252, .T. ) ;
#5257 = CARTESIAN_POINT ( 'NONE',  ( -66.22653953490709000, 3.639699428316469199, 8.340455909267216583 ) ) ;
#5258 = ADVANCED_FACE ( 'NONE', ( #6786 ), #2205, .T. ) ;
#5259 = CARTESIAN_POINT ( 'NONE',  ( -64.52793426638299934, 4.315353823343920148, -10.09999999999999964 ) ) ;
#5260 = CARTESIAN_POINT ( 'NONE',  ( -71.30020535340770493, 0.3107680673900600210, -10.09999999999999964 ) ) ;
#5261 = DIRECTION ( 'NONE',  ( 0.0000000000000000000, 0.0000000000000000000, -1.000000000000000000 ) ) ;
#5262 = ORIENTED_EDGE ( 'NONE', *, *, #7357, .T. ) ;
#5263 = CARTESIAN_POINT ( 'NONE',  ( -65.35207002812609289, -5.477102530133649338, 7.015080033356978717 ) ) ;
#5264 = CARTESIAN_POINT ( 'NONE',  ( -65.80982028077035295, 3.327885860931955264, 8.469891130979259941 ) ) ;
#5265 = ORIENTED_EDGE ( 'NONE', *, *, #96, .T. ) ;
#5266 = ORIENTED_EDGE ( 'NONE', *, *, #4807, .F. ) ;
#5267 = ORIENTED_EDGE ( 'NONE', *, *, #6331, .T. ) ;
#5268 = CYLINDRICAL_SURFACE ( 'NONE', #4434, 0.7378399799991136598 ) ;
#5269 =( NAMED_UNIT ( * ) PLANE_ANGLE_UNIT ( ) SI_UNIT ( $, .RADIAN. ) );
#5270 = CARTESIAN_POINT ( 'NONE',  ( -65.01076934256231254, -3.685112262281294626, -10.09999999999999964 ) ) ;
#5271 = VERTEX_POINT ( 'NONE', #3919 ) ;
#5272 = B_SPLINE_CURVE_WITH_KNOTS ( 'NONE', 3,
 ( #1486, #5598, #4364, #433 ),
 .UNSPECIFIED., .F., .F.,
 ( 4, 4 ),
 ( 0.0000000000000000000, 0.0002771946118175290692 ),
 .UNSPECIFIED. ) ;
#5273 = CARTESIAN_POINT ( 'NONE',  ( -67.04762754073679787, 3.158250808338168625, 8.320784327912333467 ) ) ;
#5274 = ORIENTED_EDGE ( 'NONE', *, *, #2727, .T. ) ;
#5275 = ORIENTED_EDGE ( 'NONE', *, *, #657, .T. ) ;
#5276 = ADVANCED_FACE ( 'NONE', ( #3812 ), #3963, .F. ) ;
#5277 = AXIS2_PLACEMENT_3D ( 'NONE', #4570, #3558, #1842 ) ;
#5278 = CARTESIAN_POINT ( 'NONE',  ( -67.07688518441854342, -5.588536552414110403, 6.926634045648115467 ) ) ;
#5279 = CARTESIAN_POINT ( 'NONE',  ( -66.10725408560729477, 0.6437229556095529492, -10.09999999999999964 ) ) ;
#5280 = ORIENTED_EDGE ( 'NONE', *, *, #5930, .F. ) ;
#5281 = CARTESIAN_POINT ( 'NONE',  ( -64.49325324595476161, -4.879406808754955804, 7.681236176207315580 ) ) ;
#5282 = CYLINDRICAL_SURFACE ( 'NONE', #2761, 1.040623010763186418 ) ;
#5283 = VECTOR ( 'NONE', #5178, 1000.000000000000000 ) ;
#5284 = EDGE_LOOP ( 'NONE', ( #3995, #6330, #2563, #5968 ) ) ;
#5285 = ORIENTED_EDGE ( 'NONE', *, *, #3807, .F. ) ;
#5286 = DIRECTION ( 'NONE',  ( 0.0000000000000000000, 0.0000000000000000000, -1.000000000000000000 ) ) ;
#5287 = EDGE_CURVE ( 'NONE', #2060, #1834, #570, .T. ) ;
#5288 = EDGE_CURVE ( 'NONE', #640, #6516, #165, .T. ) ;
#5289 = VECTOR ( 'NONE', #6648, 1000.000000000000000 ) ;
#5290 = DIRECTION ( 'NONE',  ( 0.0000000000000000000, 0.0000000000000000000, -1.000000000000000000 ) ) ;
#5291 = B_SPLINE_CURVE_WITH_KNOTS ( 'NONE', 3,
 ( #311, #1506, #4346, #3287 ),
 .UNSPECIFIED., .F., .F.,
 ( 4, 4 ),
 ( 4.906378318272539147E-15, 0.0001527930417795454255 ),
 .UNSPECIFIED. ) ;
#5292 = CARTESIAN_POINT ( 'NONE',  ( -66.20392500694022431, 3.221818684938110966, 8.296377785599199584 ) ) ;
#5293 = VECTOR ( 'NONE', #4774, 1000.000000000000000 ) ;
#5294 = CARTESIAN_POINT ( 'NONE',  ( -65.21988171581021732, -5.812069188498086625, 7.002131943066439490 ) ) ;
#5295 = ORIENTED_EDGE ( 'NONE', *, *, #4473, .T. ) ;
#5296 = EDGE_CURVE ( 'NONE', #1857, #6835, #4456, .T. ) ;
#5297 = CARTESIAN_POINT ( 'NONE',  ( -67.34247534990460338, -5.220071524007358299, 7.454201903323514067 ) ) ;
#5298 = AXIS2_PLACEMENT_3D ( 'NONE', #5076, #6924, #3939 ) ;
#5299 = DIRECTION ( 'NONE',  ( 0.7072353473202115381, -0.7069781916727416737, 0.0000000000000000000 ) ) ;
#5300 = FACE_OUTER_BOUND ( 'NONE', #5146, .T. ) ;
#5301 = CARTESIAN_POINT ( 'NONE',  ( -65.86872372906918827, 3.383321532949362886, 8.447862473230738800 ) ) ;
#5302 = VERTEX_POINT ( 'NONE', #5849 ) ;
#5303 = VERTEX_POINT ( 'NONE', #3586 ) ;
#5304 = EDGE_LOOP ( 'NONE', ( #4101, #4318, #1482, #5354 ) ) ;
#5305 = EDGE_CURVE ( 'NONE', #1397, #6805, #38, .T. ) ;
#5306 = CARTESIAN_POINT ( 'NONE',  ( -66.62235942056270233, 3.730624809243124229, 8.080373662935388168 ) ) ;
#5307 = CARTESIAN_POINT ( 'NONE',  ( -64.85092466481701479, -4.969547083145384292, 7.623367807889086301 ) ) ;
#5308 = B_SPLINE_CURVE_WITH_KNOTS ( 'NONE', 3,
 ( #3729, #339, #3845, #6141 ),
 .UNSPECIFIED., .F., .F.,
 ( 4, 4 ),
 ( 3.127317220692750759E-18, 0.0002218179174946872338 ),
 .UNSPECIFIED. ) ;
#5309 = FACE_OUTER_BOUND ( 'NONE', #4589, .T. ) ;
#5310 = VECTOR ( 'NONE', #2548, 1000.000000000000000 ) ;
#5311 = LINE ( 'NONE', #457, #3126 ) ;
#5312 = ORIENTED_EDGE ( 'NONE', *, *, #4923, .F. ) ;
#5313 = B_SPLINE_CURVE_WITH_KNOTS ( 'NONE', 3,
 ( #3443, #5223, #4683, #2886 ),
 .UNSPECIFIED., .F., .F.,
 ( 4, 4 ),
 ( 0.0000000000000000000, 0.0003932375134697792848 ),
 .UNSPECIFIED. ) ;
#5314 = CARTESIAN_POINT ( 'NONE',  ( 103.2999999999999972, -0.2000000000000000111, -1.896365568479672886E-14 ) ) ;
#5315 = CARTESIAN_POINT ( 'NONE',  ( -66.05922832542711376, 3.109683465842317585, 8.552459535336950580 ) ) ;
#5316 = ORIENTED_EDGE ( 'NONE', *, *, #2065, .F. ) ;
#5317 = ORIENTED_EDGE ( 'NONE', *, *, #4488, .T. ) ;
#5318 = AXIS2_PLACEMENT_3D ( 'NONE', #1008, #2093, #7334 ) ;
#5319 = DIRECTION ( 'NONE',  ( 0.0000000000000000000, 0.0000000000000000000, -1.000000000000000000 ) ) ;
#5320 = CARTESIAN_POINT ( 'NONE',  ( -67.39791618121915917, 0.8954347631209812475, 8.855012207832107407 ) ) ;
#5321 = EDGE_LOOP ( 'NONE', ( #1812, #2410, #5142, #1769 ) ) ;
#5322 = DIRECTION ( 'NONE',  ( -0.0000000000000000000, -0.0000000000000000000, -1.000000000000000000 ) ) ;
#5323 = VERTEX_POINT ( 'NONE', #5175 ) ;
#5324 = ORIENTED_EDGE ( 'NONE', *, *, #6681, .F. ) ;
#5325 = VECTOR ( 'NONE', #2930, 1000.000000000000000 ) ;
#5326 = FACE_OUTER_BOUND ( 'NONE', #1757, .T. ) ;
#5327 = EDGE_CURVE ( 'NONE', #1600, #3120, #1374, .T. ) ;
#5328 = EDGE_CURVE ( 'NONE', #1111, #6344, #5534, .T. ) ;
#5329 = CARTESIAN_POINT ( 'NONE',  ( -66.43981237135848517, 1.124448881616629592, 8.828681368847293598 ) ) ;
#5330 = ORIENTED_EDGE ( 'NONE', *, *, #2757, .F. ) ;
#5331 = DIRECTION ( 'NONE',  ( 1.000000000000000000, 0.0000000000000000000, -1.836970198721029934E-16 ) ) ;
#5332 =( NAMED_UNIT ( * ) PLANE_ANGLE_UNIT ( ) SI_UNIT ( $, .RADIAN. ) );
#5333 = EDGE_CURVE ( 'NONE', #7237, #6835, #3506, .T. ) ;
#5334 = CARTESIAN_POINT ( 'NONE',  ( -67.19247447104407911, 1.275477666515214770, 8.808130149028290390 ) ) ;
#5335 = B_SPLINE_CURVE_WITH_KNOTS ( 'NONE', 3,
 ( #4499, #2849, #6309, #2293 ),
 .UNSPECIFIED., .F., .F.,
 ( 4, 4 ),
 ( 3.666614993110008116E-15, 0.0002674257538863670787 ),
 .UNSPECIFIED. ) ;
#5336 = DIRECTION ( 'NONE',  ( 1.000000000000000000, 0.0000000000000000000, -1.836970198721029934E-16 ) ) ;
#5337 = EDGE_LOOP ( 'NONE', ( #4261, #3552, #475, #3869 ) ) ;
#5338 = ORIENTED_EDGE ( 'NONE', *, *, #666, .T. ) ;
#5339 = ORIENTED_EDGE ( 'NONE', *, *, #1681, .T. ) ;
#5340 = CARTESIAN_POINT ( 'NONE',  ( -103.2999999999999972, 0.0000000000000000000, -3.200000000000006839 ) ) ;
#5341 = EDGE_CURVE ( 'NONE', #4856, #5170, #2359, .T. ) ;
#5342 = VECTOR ( 'NONE', #3007, 1000.000000000000000 ) ;
#5343 = DIRECTION ( 'NONE',  ( -1.000000000000000000, 0.0000000000000000000, 0.0000000000000000000 ) ) ;
#5344 = ADVANCED_FACE ( 'NONE', ( #6335 ), #2363, .F. ) ;
#5345 = ORIENTED_EDGE ( 'NONE', *, *, #4900, .T. ) ;
#5346 = CARTESIAN_POINT ( 'NONE',  ( -67.19628405934190596, 1.116528249460202540E-16, 9.100000000000012079 ) ) ;
#5347 = VERTEX_POINT ( 'NONE', #5131 ) ;
#5348 = LINE ( 'NONE', #3125, #6592 ) ;
#5349 = EDGE_CURVE ( 'NONE', #183, #6959, #6862, .T. ) ;
#5350 = DIRECTION ( 'NONE',  ( 1.000000000000000000, 0.0000000000000000000, -1.836970198721029934E-16 ) ) ;
#5351 = ORIENTED_EDGE ( 'NONE', *, *, #4957, .F. ) ;
#5352 = CARTESIAN_POINT ( 'NONE',  ( -103.2999999999999972, -0.2000000000000000111, -6.313054249604605880E-15 ) ) ;
#5353 = CARTESIAN_POINT ( 'NONE',  ( -67.36497556754852667, 1.001215341118768309, 8.843504273799423387 ) ) ;
#5354 = ORIENTED_EDGE ( 'NONE', *, *, #4957, .T. ) ;
#5355 = ORIENTED_EDGE ( 'NONE', *, *, #714, .T. ) ;
#5356 = CARTESIAN_POINT ( 'NONE',  ( -65.93034995837960821, 1.213569324916017100, -10.09999999999999964 ) ) ;
#5357 = SURFACE_SIDE_STYLE ('',( #1795 ) ) ;
#5358 = B_SPLINE_CURVE_WITH_KNOTS ( 'NONE', 3,
 ( #2947, #559, #4595, #6325 ),
 .UNSPECIFIED., .F., .F.,
 ( 4, 4 ),
 ( 2.660286825383007613E-15, 0.0001640000716298793302 ),
 .UNSPECIFIED. ) ;
#5359 = ORIENTED_EDGE ( 'NONE', *, *, #1886, .T. ) ;
#5360 = CARTESIAN_POINT ( 'NONE',  ( -64.65388574423364787, -0.3119339748415565494, 8.894531870499974957 ) ) ;
#5361 = EDGE_CURVE ( 'NONE', #2991, #2753, #6299, .T. ) ;
#5362 = CARTESIAN_POINT ( 'NONE',  ( -66.62984216101949642, 1.158874961853036067, 8.824228511478516168 ) ) ;
#5363 = CARTESIAN_POINT ( 'NONE',  ( -66.27688212924115874, -5.558095973591152372, 7.205384732847372575 ) ) ;
#5364 = CARTESIAN_POINT ( 'NONE',  ( -66.98421006156466717, 0.2505633063312007192, 8.896472223837974980 ) ) ;
#5365 = CARTESIAN_POINT ( 'NONE',  ( -84.00000000000000000, 1.114428587224091465E-15, 9.100000000000015632 ) ) ;
#5366 = LINE ( 'NONE', #5584, #3128 ) ;
#5367 = ORIENTED_EDGE ( 'NONE', *, *, #5693, .F. ) ;
#5368 = ORIENTED_EDGE ( 'NONE', *, *, #6561, .F. ) ;
#5369 = CARTESIAN_POINT ( 'NONE',  ( -64.99618408360224464, 2.462254791405626531, 8.760594820159923302 ) ) ;
#5370 = CARTESIAN_POINT ( 'NONE',  ( -65.54274745226969401, -4.643684820105900002, -10.09999999999999964 ) ) ;
#5371 = EDGE_CURVE ( 'NONE', #6500, #1065, #4293, .T. ) ;
#5372 = CARTESIAN_POINT ( 'NONE',  ( -66.62984216101949642, 3.381374809265142112, 8.232636539971100120 ) ) ;
#5373 = B_SPLINE_CURVE_WITH_KNOTS ( 'NONE', 3,
 ( #2825, #4094, #91, #5196 ),
 .UNSPECIFIED., .F., .F.,
 ( 4, 4 ),
 ( 2.168404344971008627E-19, 0.0001790629399694501091 ),
 .UNSPECIFIED. ) ;
#5374 = VERTEX_POINT ( 'NONE', #6588 ) ;
#5375 = CYLINDRICAL_SURFACE ( 'NONE', #2923, 8.849999999999999645 ) ;
#5376 = CARTESIAN_POINT ( 'NONE',  ( -66.88390040263463732, 1.096450357666761688, 8.832236961502870187 ) ) ;
#5377 = ORIENTED_EDGE ( 'NONE', *, *, #5935, .F. ) ;
#5378 = ORIENTED_EDGE ( 'NONE', *, *, #3717, .F. ) ;
#5379 = EDGE_CURVE ( 'NONE', #2296, #4830, #3583, .T. ) ;
#5380 = CARTESIAN_POINT ( 'NONE',  ( -66.43981237135848517, 1.124448881616629592, 8.828681368847293598 ) ) ;
#5381 = ORIENTED_EDGE ( 'NONE', *, *, #5953, .T. ) ;
#5382 = DIRECTION ( 'NONE',  ( 0.0000000000000000000, 0.0000000000000000000, -1.000000000000000000 ) ) ;
#5383 = FACE_OUTER_BOUND ( 'NONE', #5540, .T. ) ;
#5384 = VERTEX_POINT ( 'NONE', #4787 ) ;
#5385 = ADVANCED_FACE ( 'NONE', ( #6632 ), #3728, .T. ) ;
#5386 = ORIENTED_EDGE ( 'NONE', *, *, #294, .F. ) ;
#5387 = B_SPLINE_CURVE_WITH_KNOTS ( 'NONE', 3,
 ( #3522, #4155, #7069, #4117 ),
 .UNSPECIFIED., .F., .F.,
 ( 4, 4 ),
 ( 3.289835383891670812E-15, 0.0002431466172266236452 ),
 .UNSPECIFIED. ) ;
#5388 = AXIS2_PLACEMENT_3D ( 'NONE', #4524, #4947, #372 ) ;
#5389 = EDGE_CURVE ( 'NONE', #1600, #7406, #5946, .T. ) ;
#5390 = DIRECTION ( 'NONE',  ( 0.0000000000000000000, 0.0000000000000000000, 1.000000000000000000 ) ) ;
#5391 = FACE_BOUND ( 'NONE', #4321, .T. ) ;
#5392 = CARTESIAN_POINT ( 'NONE',  ( -65.99467776452640067, 0.8226112148920692313, 9.062743005797639029 ) ) ;
#5393 = ORIENTED_EDGE ( 'NONE', *, *, #6444, .F. ) ;
#5394 = DIRECTION ( 'NONE',  ( -0.7113188580346291312, 0.7028694631326011244, 0.0000000000000000000 ) ) ;
#5395 = ORIENTED_EDGE ( 'NONE', *, *, #3, .T. ) ;
#5396 = CIRCLE ( 'NONE', #842, 8.849999999999999645 ) ;
#5397 = VECTOR ( 'NONE', #216, 1000.000000000000000 ) ;
#5398 = DIRECTION ( 'NONE',  ( -1.000000000000000000, 0.0000000000000000000, 0.0000000000000000000 ) ) ;
#5399 = CARTESIAN_POINT ( 'NONE',  ( -71.80973495877130119, -0.2331160295301610008, -10.09999999999999964 ) ) ;
#5400 = DIRECTION ( 'NONE',  ( -0.0000000000000000000, -0.0000000000000000000, -1.000000000000000000 ) ) ;
#5401 = DIRECTION ( 'NONE',  ( -0.0000000000000000000, -0.0000000000000000000, -1.000000000000000000 ) ) ;
#5402 = CARTESIAN_POINT ( 'NONE',  ( -65.06082165257609518, 2.518647144976290164, 8.536182786181594651 ) ) ;
#5403 = ORIENTED_EDGE ( 'NONE', *, *, #5454, .T. ) ;
#5404 = ORIENTED_EDGE ( 'NONE', *, *, #4042, .T. ) ;
#5405 = LINE ( 'NONE', #823, #2025 ) ;
#5406 = CARTESIAN_POINT ( 'NONE',  ( -65.86142849304580693, -4.118472950275480216, -10.09999999999999964 ) ) ;
#5407 = MECHANICAL_DESIGN_GEOMETRIC_PRESENTATION_REPRESENTATION (  '', ( #5048 ), #5771 ) ;
#5408 = DIRECTION ( 'NONE',  ( 0.0000000000000000000, 0.0000000000000000000, 1.000000000000000000 ) ) ;
#5409 =( NAMED_UNIT ( * ) PLANE_ANGLE_UNIT ( ) SI_UNIT ( $, .RADIAN. ) );
#5410 = ORIENTED_EDGE ( 'NONE', *, *, #1802, .F. ) ;
#5411 = EDGE_CURVE ( 'NONE', #6603, #1868, #1970, .T. ) ;
#5412 = FACE_OUTER_BOUND ( 'NONE', #1680, .T. ) ;
#5413 = CARTESIAN_POINT ( 'NONE',  ( -65.14534126184898355, -3.607267381746249946, 8.136641552565674118 ) ) ;
#5414 = EDGE_CURVE ( 'NONE', #6151, #3418, #6018, .T. ) ;
#5415 = CARTESIAN_POINT ( 'NONE',  ( -67.40789909149133052, 0.4484511536033935486, 8.888694592730249866 ) ) ;
#5416 = AXIS2_PLACEMENT_3D ( 'NONE', #3476, #6336, #4037 ) ;
#5417 = ORIENTED_EDGE ( 'NONE', *, *, #4473, .F. ) ;
#5418 = ORIENTED_EDGE ( 'NONE', *, *, #2300, .F. ) ;
#5419 = CARTESIAN_POINT ( 'NONE',  ( -65.09254242989293004, 0.3251914187606675943, 8.894104510134061670 ) ) ;
#5420 = COLOUR_RGB ( '',1.000000000000000000, 0.5999999999999999778, 0.2000000000000000111 ) ;
#5421 = CARTESIAN_POINT ( 'NONE',  ( -67.36497556754852667, 1.001215341118768309, 8.843504273799423387 ) ) ;
#5422 = ORIENTED_EDGE ( 'NONE', *, *, #7214, .F. ) ;
#5423 = CARTESIAN_POINT ( 'NONE',  ( -64.55123272383420385, 0.3244079242032980037, -10.09999999999999964 ) ) ;
#5424 = EDGE_CURVE ( 'NONE', #1089, #3011, #1720, .T. ) ;
#5425 = DIRECTION ( 'NONE',  ( -1.000000000000000000, 0.0000000000000000000, 0.0000000000000000000 ) ) ;
#5426 = ORIENTED_EDGE ( 'NONE', *, *, #5206, .F. ) ;
#5427 = ORIENTED_EDGE ( 'NONE', *, *, #6039, .F. ) ;
#5428 = VECTOR ( 'NONE', #219, 1000.000000000000000 ) ;
#5429 = EDGE_CURVE ( 'NONE', #2503, #6123, #4337, .T. ) ;
#5430 = DIRECTION ( 'NONE',  ( 0.0000000000000000000, 0.0000000000000000000, 1.000000000000000000 ) ) ;
#5431 = CARTESIAN_POINT ( 'NONE',  ( -66.93787073860561065, 3.282906502090432443, 8.487335474151253223 ) ) ;
#5432 = DIRECTION ( 'NONE',  ( -0.0000000000000000000, -0.0000000000000000000, -1.000000000000000000 ) ) ;
#5433 = ORIENTED_EDGE ( 'NONE', *, *, #3657, .F. ) ;
#5434 = EDGE_LOOP ( 'NONE', ( #615, #351, #134, #3798 ) ) ;
#5435 = AXIS2_PLACEMENT_3D ( 'NONE', #21, #93, #2904 ) ;
#5436 =( LENGTH_UNIT ( ) NAMED_UNIT ( * ) SI_UNIT ( .MILLI., .METRE. ) );
#5437 = CARTESIAN_POINT ( 'NONE',  ( -65.33650851391384151, 0.1069875744387752264, 8.899356923897137506 ) ) ;
#5438 = CARTESIAN_POINT ( 'NONE',  ( -65.58725965726090124, -5.920358933728253170, -10.09999999999999964 ) ) ;
#5439 = EDGE_CURVE ( 'NONE', #1488, #7182, #2004, .T. ) ;
#5440 = CARTESIAN_POINT ( 'NONE',  ( -66.98440449857444889, 3.236494773470063979, -10.09999999999999964 ) ) ;
#5441 = CARTESIAN_POINT ( 'NONE',  ( -66.45265163423549382, 1.491279525714443555, 8.774171492294021490 ) ) ;
#5442 = VERTEX_POINT ( 'NONE', #7136 ) ;
#5443 = ORIENTED_EDGE ( 'NONE', *, *, #2209, .F. ) ;
#5444 = ORIENTED_EDGE ( 'NONE', *, *, #4076, .T. ) ;
#5445 = ORIENTED_EDGE ( 'NONE', *, *, #3618, .T. ) ;
#5446 = CARTESIAN_POINT ( 'NONE',  ( -66.63245677360910690, 2.957028782171459813, -10.09999999999999964 ) ) ;
#5447 = DIRECTION ( 'NONE',  ( 1.000000000000000000, 0.0000000000000000000, 0.0000000000000000000 ) ) ;
#5448 = CARTESIAN_POINT ( 'NONE',  ( -65.42334216101944833, 0.6894876159058072052, 9.073841900072578071 ) ) ;
#5449 = CARTESIAN_POINT ( 'NONE',  ( -66.82348332695623583, 1.121014632257738564, 9.030688024412327763 ) ) ;
#5450 = VERTEX_POINT ( 'NONE', #4258 ) ;
#5451 = CARTESIAN_POINT ( 'NONE',  ( -67.09269244944290733, 3.069595406926263426, 8.566655358877079962 ) ) ;
#5452 = ORIENTED_EDGE ( 'NONE', *, *, #973, .T. ) ;
#5453 = ORIENTED_EDGE ( 'NONE', *, *, #6594, .F. ) ;
#5454 = EDGE_CURVE ( 'NONE', #5945, #5990, #5545, .T. ) ;
#5455 = EDGE_CURVE ( 'NONE', #6151, #6575, #3765, .T. ) ;
#5456 = DIRECTION ( 'NONE',  ( 0.0000000000000000000, 0.0000000000000000000, 1.000000000000000000 ) ) ;
#5457 = CARTESIAN_POINT ( 'NONE',  ( -66.18332477835950556, 2.866222803021659882, -10.09999999999999964 ) ) ;
#5458 = CARTESIAN_POINT ( 'NONE',  ( -66.97576418837122958, 2.464717604781508253, -10.09999999999999964 ) ) ;
#5459 = ORIENTED_EDGE ( 'NONE', *, *, #6628, .T. ) ;
#5460 = CARTESIAN_POINT ( 'NONE',  ( -66.43265886244840601, -5.912687558117156073, 6.652076806538445908 ) ) ;
#5461 = AXIS2_PLACEMENT_3D ( 'NONE', #7180, #5583, #451 ) ;
#5462 = CARTESIAN_POINT ( 'NONE',  ( -66.93791329918356325, 3.282864056500518490, 8.272554214122866512 ) ) ;
#5463 = ORIENTED_EDGE ( 'NONE', *, *, #3042, .F. ) ;
#5464 = EDGE_LOOP ( 'NONE', ( #1406, #6370, #7438, #3009 ) ) ;
#5465 = AXIS2_PLACEMENT_3D ( 'NONE', #3627, #5920, #1389 ) ;
#5466 = EDGE_CURVE ( 'NONE', #7112, #7177, #2601, .T. ) ;
#5467 = CARTESIAN_POINT ( 'NONE',  ( -67.11904706659200315, 0.7508383619958440836, 8.868271632858096609 ) ) ;
#5468 = DIRECTION ( 'NONE',  ( -4.357835199126469771E-16, -1.000000000000000000, 0.0000000000000000000 ) ) ;
#5469 = CARTESIAN_POINT ( 'NONE',  ( -66.49433738181780029, 2.858657379011590116, -10.09999999999999964 ) ) ;
#5470 = VERTEX_POINT ( 'NONE', #7171 ) ;
#5471 = EDGE_CURVE ( 'NONE', #3480, #4711, #3175, .T. ) ;
#5472 = CARTESIAN_POINT ( 'NONE',  ( -67.41189259971629610, 6.103937156677250009, 6.477032591189811228 ) ) ;
#5473 = ORIENTED_EDGE ( 'NONE', *, *, #6561, .T. ) ;
#5474 = APPLICATION_PROTOCOL_DEFINITION ( 'draft international standard', 'automotive_design', 1998, #6442 ) ;
#5475 = PLANE ( 'NONE',  #518 ) ;
#5476 = CARTESIAN_POINT ( 'NONE',  ( -64.52793426638299934, 0.0000000000000000000, 1.185358922323756280E-14 ) ) ;
#5477 = CARTESIAN_POINT ( 'NONE',  ( -64.65388574423340629, 1.910565872570531232, -10.09999999999999964 ) ) ;
#5478 = CARTESIAN_POINT ( 'NONE',  ( -65.22400612648239360, 1.962634398191480465E-15, 9.100000000000012079 ) ) ;
#5479 = ORIENTED_EDGE ( 'NONE', *, *, #4150, .F. ) ;
#5480 = ORIENTED_EDGE ( 'NONE', *, *, #4887, .F. ) ;
#5481 = CARTESIAN_POINT ( 'NONE',  ( -66.08979277365153848, -5.580062690734848729, 6.933462365043106423 ) ) ;
#5482 = LINE ( 'NONE', #5517, #5827 ) ;
#5483 = EDGE_CURVE ( 'NONE', #3267, #5384, #4755, .T. ) ;
#5484 = CYLINDRICAL_SURFACE ( 'NONE', #3478, 7.590272726324065466 ) ;
#5485 = CYLINDRICAL_SURFACE ( 'NONE', #2794, 9.099999999999999645 ) ;
#5486 = CARTESIAN_POINT ( 'NONE',  ( -66.62984216101949642, 1.158874961853036067, 8.824228511478516168 ) ) ;
#5487 = ORIENTED_EDGE ( 'NONE', *, *, #4042, .F. ) ;
#5488 = DIRECTION ( 'NONE',  ( 1.000000000000000000, 0.0000000000000000000, 6.123233995736789455E-17 ) ) ;
#5489 = CARTESIAN_POINT ( 'NONE',  ( -66.71993641746422554, -0.2450882192204757171, 8.896632253571892690 ) ) ;
#5490 = ORIENTED_EDGE ( 'NONE', *, *, #6654, .F. ) ;
#5491 = ORIENTED_EDGE ( 'NONE', *, *, #1018, .T. ) ;
#5492 = CARTESIAN_POINT ( 'NONE',  ( -66.98318744662110191, 1.015212420664848958, 9.043193227003834878 ) ) ;
#5493 = CARTESIAN_POINT ( 'NONE',  ( -66.98359313060552722, 1.014806592360316229, 8.841954973136322948 ) ) ;
#5494 = EDGE_LOOP ( 'NONE', ( #229, #7032, #7199, #4134 ) ) ;
#5495 = CARTESIAN_POINT ( 'NONE',  ( -67.13672593304998770, -4.711811552682273252, 7.785413387561037624 ) ) ;
#5496 = EDGE_LOOP ( 'NONE', ( #5280, #6056, #6295, #4603 ) ) ;
#5497 = CARTESIAN_POINT ( 'NONE',  ( -64.77395546497911027, -0.2804583714803318695, 8.895579975575895304 ) ) ;
#5498 = DIRECTION ( 'NONE',  ( 1.000000000000000000, 0.0000000000000000000, -1.836970198721029934E-16 ) ) ;
#5499 = B_SPLINE_CURVE_WITH_KNOTS ( 'NONE', 3,
 ( #3758, #5004, #6620, #3276 ),
 .UNSPECIFIED., .F., .F.,
 ( 4, 4 ),
 ( 1.571457454787580702E-17, 0.0003617583838574529864 ),
 .UNSPECIFIED. ) ;
#5500 = CARTESIAN_POINT ( 'NONE',  ( -64.52793426638299934, 3.733270642598479849, 8.079151583496406275 ) ) ;
#5501 = UNCERTAINTY_MEASURE_WITH_UNIT (LENGTH_MEASURE( 1.000000000000000082E-05 ), #2984, 'distance_accuracy_value', 'NONE');
#5502 = CARTESIAN_POINT ( 'NONE',  ( -65.42334216101944833, 2.911987463444809965, -10.09999999999999964 ) ) ;
#5503 = ORIENTED_EDGE ( 'NONE', *, *, #6518, .F. ) ;
#5504 = EDGE_CURVE ( 'NONE', #6616, #6959, #4294, .T. ) ;
#5505 = EDGE_CURVE ( 'NONE', #5442, #4716, #291, .T. ) ;
#5506 = CARTESIAN_POINT ( 'NONE',  ( -65.33650851391787739, 0.1069875744429578668, 9.099371058425690606 ) ) ;
#5507 = COLOUR_RGB ( '',0.4000000000000000222, 0.2000000000000000111, 0.0000000000000000000 ) ;
#5508 = CARTESIAN_POINT ( 'NONE',  ( -67.42247593304990971, 2.932450632036561977, 8.614847791258045007 ) ) ;
#5509 = DIRECTION ( 'NONE',  ( -1.000000000000000000, -0.0000000000000000000, -6.123233995736750012E-17 ) ) ;
#5510 = CARTESIAN_POINT ( 'NONE',  ( -67.02928244185230255, 0.9640254398421733706, 9.048837656912208871 ) ) ;
#5511 = ORIENTED_EDGE ( 'NONE', *, *, #3704, .T. ) ;
#5512 = ADVANCED_FACE ( 'NONE', ( #5326 ), #5606, .T. ) ;
#5513 = VECTOR ( 'NONE', #6884, 1000.000000000000000 ) ;
#5514 = VERTEX_POINT ( 'NONE', #2197 ) ;
#5515 = CARTESIAN_POINT ( 'NONE',  ( -66.54906158099078084, -5.493204909903695921, 7.254977589063257071 ) ) ;
#5516 = FACE_OUTER_BOUND ( 'NONE', #4320, .T. ) ;
#5517 = CARTESIAN_POINT ( 'NONE',  ( -66.80599676638300366, -1.150937614440906920, -10.09999999999999964 ) ) ;
#5518 = AXIS2_PLACEMENT_3D ( 'NONE', #5476, #4345, #3313 ) ;
#5519 = EDGE_CURVE ( 'NONE', #7012, #4790, #7010, .T. ) ;
#5520 = LINE ( 'NONE', #2632, #2287 ) ;
#5521 = ORIENTED_EDGE ( 'NONE', *, *, #357, .T. ) ;
#5522 = DIRECTION ( 'NONE',  ( 0.0000000000000000000, 0.0000000000000000000, 1.000000000000000000 ) ) ;
#5523 = DIRECTION ( 'NONE',  ( -1.000000000000000000, 0.0000000000000000000, 0.0000000000000000000 ) ) ;
#5524 = ORIENTED_EDGE ( 'NONE', *, *, #6793, .F. ) ;
#5525 = EDGE_LOOP ( 'NONE', ( #5860, #3865, #95, #7174 ) ) ;
#5526 = VECTOR ( 'NONE', #118, 1000.000000000000000 ) ;
#5527 = VECTOR ( 'NONE', #4939, 1000.000000000000000 ) ;
#5528 = FACE_OUTER_BOUND ( 'NONE', #1661, .T. ) ;
#5529 = ORIENTED_EDGE ( 'NONE', *, *, #1069, .F. ) ;
#5530 = DIRECTION ( 'NONE',  ( 1.000000000000000000, 0.0000000000000000000, -1.836970198721029934E-16 ) ) ;
#5531 = DIRECTION ( 'NONE',  ( -1.000000000000000000, -0.0000000000000000000, 1.836970198721029934E-16 ) ) ;
#5532 = ORIENTED_EDGE ( 'NONE', *, *, #4533, .F. ) ;
#5533 = EDGE_LOOP ( 'NONE', ( #942, #5975, #5802, #945 ) ) ;
#5534 =( BOUNDED_CURVE ( )  B_SPLINE_CURVE ( 3, ( #4114, #3475, #2958, #746 ),
 .UNSPECIFIED., .F., .F. ) 
 B_SPLINE_CURVE_WITH_KNOTS ( ( 4, 4 ),
 ( 1.271720732962026590, 1.441114312983925672 ),
 .UNSPECIFIED. ) 
 CURVE ( )  GEOMETRIC_REPRESENTATION_ITEM ( )  RATIONAL_B_SPLINE_CURVE ( ( 1.000000000000000000, 0.9976102470167870218, 0.9976102470167870218, 1.000000000000000000 ) ) 
 REPRESENTATION_ITEM ( '' )  );
#5535 = VECTOR ( 'NONE', #7036, 1000.000000000000000 ) ;
#5536 = CARTESIAN_POINT ( 'NONE',  ( -84.00000000000000000, 0.0000000000000000000, 1.543054966925670124E-14 ) ) ;
#5537 = CARTESIAN_POINT ( 'NONE',  ( -65.01076934266068008, -3.685112262224391699, 8.320453570257070552 ) ) ;
#5538 = VECTOR ( 'NONE', #304, 1000.000000000000000 ) ;
#5539 = CARTESIAN_POINT ( 'NONE',  ( -66.62984216101949642, 0.6447443914303570001, -10.09999999999999964 ) ) ;
#5540 = EDGE_LOOP ( 'NONE', ( #3529, #3846, #6684, #2069 ) ) ;
#5541 = CARTESIAN_POINT ( 'NONE',  ( -65.85552773170498142, 2.905913943897651119, 8.413537243772651664 ) ) ;
#5542 = B_SPLINE_CURVE_WITH_KNOTS ( 'NONE', 3,
 ( #5550, #419, #2811, #6789 ),
 .UNSPECIFIED., .F., .F.,
 ( 4, 4 ),
 ( 7.459815209735945942E-17, 0.0001762760510213786682 ),
 .UNSPECIFIED. ) ;
#5543 = ORIENTED_EDGE ( 'NONE', *, *, #5730, .T. ) ;
#5544 = SHAPE_DEFINITION_REPRESENTATION ( #3283, #476 ) ;
#5545 = CIRCLE ( 'NONE', #6265, 9.099999999999999645 ) ;
#5546 = EDGE_CURVE ( 'NONE', #4471, #1266, #2236, .T. ) ;
#5547 = EDGE_CURVE ( 'NONE', #4248, #5910, #5647, .T. ) ;
#5548 = B_SPLINE_CURVE_WITH_KNOTS ( 'NONE', 3,
 ( #3799, #5462, #7290, #7248 ),
 .UNSPECIFIED., .F., .F.,
 ( 4, 4 ),
 ( 0.0000000000000000000, 0.0001962671067533752333 ),
 .UNSPECIFIED. ) ;
#5549 = CARTESIAN_POINT ( 'NONE',  ( -67.17199177858303472, -3.863175676718701990, 8.239895537158682615 ) ) ;
#5550 = CARTESIAN_POINT ( 'NONE',  ( -67.40675155066885793, 3.063003180515556867, 8.569014617571369286 ) ) ;
#5551 = MECHANICAL_DESIGN_GEOMETRIC_PRESENTATION_REPRESENTATION (  '', ( #2196 ), #6633 ) ;
#5552 = ORIENTED_EDGE ( 'NONE', *, *, #7229, .T. ) ;
#5553 = DIRECTION ( 'NONE',  ( 0.0000000000000000000, -8.881784197001252323E-15, -1.000000000000000000 ) ) ;
#5554 = EDGE_CURVE ( 'NONE', #1962, #6388, #3912, .T. ) ;
#5555 = VECTOR ( 'NONE', #4469, 1000.000000000000000 ) ;
#5556 = FACE_OUTER_BOUND ( 'NONE', #1170, .T. ) ;
#5557 = B_SPLINE_CURVE_WITH_KNOTS ( 'NONE', 3,
 ( #5104, #4429, #6122, #7421 ),
 .UNSPECIFIED., .F., .F.,
 ( 4, 4 ),
 ( 8.160297906957606087E-17, 0.0001646294203109595789 ),
 .UNSPECIFIED. ) ;
#5558 = ORIENTED_EDGE ( 'NONE', *, *, #2998, .T. ) ;
#5559 = CARTESIAN_POINT ( 'NONE',  ( -64.52793426638299934, 1.902353975931809993, -10.09999999999999964 ) ) ;
#5560 = FACE_OUTER_BOUND ( 'NONE', #6080, .T. ) ;
#5561 = ORIENTED_EDGE ( 'NONE', *, *, #5038, .T. ) ;
#5562 = VERTEX_POINT ( 'NONE', #5083 ) ;
#5563 = EDGE_CURVE ( 'NONE', #4507, #5837, #3282, .T. ) ;
#5564 = LINE ( 'NONE', #3754, #5153 ) ;
#5565 = EDGE_CURVE ( 'NONE', #5115, #965, #1971, .T. ) ;
#5566 = DIRECTION ( 'NONE',  ( 1.000000000000000000, 0.0000000000000000000, 0.0000000000000000000 ) ) ;
#5567 = ORIENTED_EDGE ( 'NONE', *, *, #3054, .T. ) ;
#5568 = FACE_OUTER_BOUND ( 'NONE', #7133, .T. ) ;
#5569 = LINE ( 'NONE', #3421, #499 ) ;
#5570 = ORIENTED_EDGE ( 'NONE', *, *, #2538, .F. ) ;
#5571 = ORIENTED_EDGE ( 'NONE', *, *, #4095, .F. ) ;
#5572 = EDGE_CURVE ( 'NONE', #1857, #882, #527, .T. ) ;
#5573 = CARTESIAN_POINT ( 'NONE',  ( 98.70000000000001705, 0.0000000000000000000, -1.813089586137660369E-14 ) ) ;
#5574 = DIRECTION ( 'NONE',  ( 0.0000000000000000000, 0.0000000000000000000, 1.000000000000000000 ) ) ;
#5575 = AXIS2_PLACEMENT_3D ( 'NONE', #6068, #932, #2172 ) ;
#5576 = CARTESIAN_POINT ( 'NONE',  ( -64.52793426638299934, 1.902353975931808217, 8.694311321217837119 ) ) ;
#5577 = FILL_AREA_STYLE ('',( #1001 ) ) ;
#5578 = DIRECTION ( 'NONE',  ( -1.000000000000000000, -0.0000000000000000000, 1.836970198721029934E-16 ) ) ;
#5579 = ORIENTED_EDGE ( 'NONE', *, *, #432, .T. ) ;
#5580 = LINE ( 'NONE', #3357, #947 ) ;
#5581 = AXIS2_PLACEMENT_3D ( 'NONE', #1844, #5331, #3590 ) ;
#5582 = DIRECTION ( 'NONE',  ( -1.000000000000000000, -0.0000000000000000000, 1.836970198721029934E-16 ) ) ;
#5583 = DIRECTION ( 'NONE',  ( 0.0000000000000000000, 0.0000000000000000000, 1.000000000000000000 ) ) ;
#5584 = CARTESIAN_POINT ( 'NONE',  ( -84.00000000000000000, 4.315353823343920148, 8.011723995455115599 ) ) ;
#5585 = VERTEX_POINT ( 'NONE', #5576 ) ;
#5586 = CARTESIAN_POINT ( 'NONE',  ( -67.26381721019227200, 3.417419258962562267, 8.434075490492759286 ) ) ;
#5587 = ORIENTED_EDGE ( 'NONE', *, *, #3042, .T. ) ;
#5588 = ADVANCED_FACE ( 'NONE', ( #3209 ), #2723, .F. ) ;
#5589 = DIRECTION ( 'NONE',  ( -1.000000000000000000, -0.0000000000000000000, 1.836970198721029934E-16 ) ) ;
#5590 = VERTEX_POINT ( 'NONE', #443 ) ;
#5591 = DIRECTION ( 'NONE',  ( 1.392565347136769948E-16, 1.000000000000000000, -0.0000000000000000000 ) ) ;
#5592 = CARTESIAN_POINT ( 'NONE',  ( -66.54653466679499729, 3.092728891707960059, -10.09999999999999964 ) ) ;
#5593 = CARTESIAN_POINT ( 'NONE',  ( -67.12878843302107157, 0.5595310152860897279, 9.083106599711445739 ) ) ;
#5594 = EDGE_LOOP ( 'NONE', ( #296, #1439, #7265, #3280 ) ) ;
#5595 = ORIENTED_EDGE ( 'NONE', *, *, #6395, .F. ) ;
#5596 = EDGE_CURVE ( 'NONE', #6399, #2498, #6722, .T. ) ;
#5597 = FACE_OUTER_BOUND ( 'NONE', #1558, .T. ) ;
#5598 = CARTESIAN_POINT ( 'NONE',  ( -65.03844557912728419, -5.286590836418851858, 7.407171316058854593 ) ) ;
#5599 = VERTEX_POINT ( 'NONE', #5500 ) ;
#5600 = CARTESIAN_POINT ( 'NONE',  ( -67.40675155066885793, 3.063003180515556867, 8.569014617571369286 ) ) ;
#5601 = CARTESIAN_POINT ( 'NONE',  ( -64.52793426638299934, 1.114428587224093240E-15, 9.100000000000012079 ) ) ;
#5602 = ORIENTED_EDGE ( 'NONE', *, *, #6943, .T. ) ;
#5603 = EDGE_LOOP ( 'NONE', ( #1933, #5200, #7306, #5105 ) ) ;
#5604 = EDGE_CURVE ( 'NONE', #906, #607, #6703, .T. ) ;
#5605 = CARTESIAN_POINT ( 'NONE',  ( -64.90957729845480628, -4.278499868560822428, 7.804129603916586611 ) ) ;
#5606 = CYLINDRICAL_SURFACE ( 'NONE', #2187, 1.626751230448086893 ) ;
#5607 = DIRECTION ( 'NONE',  ( 0.0000000000000000000, 0.0000000000000000000, 1.000000000000000000 ) ) ;
#5608 = ADVANCED_FACE ( 'NONE', ( #6139 ), #3804, .F. ) ;
#5609 = DIRECTION ( 'NONE',  ( -1.000000000000000000, -0.0000000000000000000, 1.836970198721029934E-16 ) ) ;
#5610 = CARTESIAN_POINT ( 'NONE',  ( -64.18115629126690180, 3.361780606669900084, -10.09999999999999964 ) ) ;
#5611 = ORIENTED_EDGE ( 'NONE', *, *, #5020, .F. ) ;
#5612 = EDGE_CURVE ( 'NONE', #4540, #2480, #3262, .T. ) ;
#5613 = CARTESIAN_POINT ( 'NONE',  ( -66.46142740388610548, -4.604136640211610398, -10.09999999999999964 ) ) ;
#5614 = LINE ( 'NONE', #569, #6136 ) ;
#5615 = CARTESIAN_POINT ( 'NONE',  ( -64.82529649199879884, -4.490009618830262283, 7.684563297978157514 ) ) ;
#5616 = CYLINDRICAL_SURFACE ( 'NONE', #1100, 5.371476924474739789 ) ;
#5617 = CARTESIAN_POINT ( 'NONE',  ( -67.45094052360761339, -4.833580988277605961, 7.473051239604974860 ) ) ;
#5618 = EDGE_LOOP ( 'NONE', ( #5843, #6925, #7428, #364, #6766 ) ) ;
#5619 = CYLINDRICAL_SURFACE ( 'NONE', #1979, 8.900000000000000355 ) ;
#5620 = CYLINDRICAL_SURFACE ( 'NONE', #6381, 1.002126098829034362 ) ;
#5621 = CARTESIAN_POINT ( 'NONE',  ( -66.55199676638301298, 2.315103975931810165, 8.593619352788724797 ) ) ;
#5622 = AXIS2_PLACEMENT_3D ( 'NONE', #4979, #7253, #2721 ) ;
#5623 = VECTOR ( 'NONE', #2265, 1000.000000000000000 ) ;
#5624 = ORIENTED_EDGE ( 'NONE', *, *, #5100, .F. ) ;
#5625 = CARTESIAN_POINT ( 'NONE',  ( -84.00000000000000000, 4.680478823343919181, 7.804044975794884209 ) ) ;
#5626 = CARTESIAN_POINT ( 'NONE',  ( -66.33738317098463710, 1.462433762165521012, 8.779055039080834177 ) ) ;
#5627 = ORIENTED_EDGE ( 'NONE', *, *, #1336, .F. ) ;
#5628 = ORIENTED_EDGE ( 'NONE', *, *, #520, .T. ) ;
#5629 = CARTESIAN_POINT ( 'NONE',  ( -67.30140059494851812, 2.362104030146511491, 8.788086512476185774 ) ) ;
#5630 = VECTOR ( 'NONE', #6974, 1000.000000000000000 ) ;
#5631 = MECHANICAL_DESIGN_GEOMETRIC_PRESENTATION_REPRESENTATION (  '', ( #5758 ), #3242 ) ;
#5632 = CARTESIAN_POINT ( 'NONE',  ( -66.28224579171299524, 1.439932750947939377, -10.09999999999999964 ) ) ;
#5633 = EDGE_CURVE ( 'NONE', #2075, #811, #3312, .T. ) ;
#5634 = EDGE_CURVE ( 'NONE', #6582, #2030, #101, .T. ) ;
#5635 = CARTESIAN_POINT ( 'NONE',  ( -66.97576418837122958, 0.2422177573693996555, 9.096775833118851295 ) ) ;
#5636 = ORIENTED_EDGE ( 'NONE', *, *, #3483, .F. ) ;
#5637 = CARTESIAN_POINT ( 'NONE',  ( -64.73044746779227410, -5.474401308910808339, 7.270017378629018090 ) ) ;
#5638 = DIRECTION ( 'NONE',  ( 0.0000000000000000000, 0.0000000000000000000, 1.000000000000000000 ) ) ;
#5639 = TOROIDAL_SURFACE ( 'NONE', #2414, 0.2000000000000000111, 3.000000000000000000 ) ;
#5640 = VERTEX_POINT ( 'NONE', #1115 ) ;
#5641 = AXIS2_PLACEMENT_3D ( 'NONE', #5203, #2345, #6927 ) ;
#5642 = ORIENTED_EDGE ( 'NONE', *, *, #4036, .T. ) ;
#5643 = AXIS2_PLACEMENT_3D ( 'NONE', #1144, #6278, #5199 ) ;
#5644 = LINE ( 'NONE', #521, #2421 ) ;
#5645 = CARTESIAN_POINT ( 'NONE',  ( -64.65388574423339207, 1.910565872570522572, 8.692510457087127662 ) ) ;
#5646 = EDGE_CURVE ( 'NONE', #4387, #2374, #3669, .T. ) ;
#5647 = LINE ( 'NONE', #4482, #2910 ) ;
#5648 = CARTESIAN_POINT ( 'NONE',  ( -66.64093822440389658, 0.6720357205005421664, -10.09999999999999964 ) ) ;
#5649 = CYLINDRICAL_SURFACE ( 'NONE', #4349, 2.180337755931502475 ) ;
#5650 = CARTESIAN_POINT ( 'NONE',  ( -64.52793426638299934, 0.0000000000000000000, 1.185358922323756280E-14 ) ) ;
#5651 = CARTESIAN_POINT ( 'NONE',  ( -67.30140059494851812, 2.362104030146511491, 8.788086512476185774 ) ) ;
#5652 = ORIENTED_EDGE ( 'NONE', *, *, #1671, .T. ) ;
#5653 = AXIS2_PLACEMENT_3D ( 'NONE', #5469, #6020, #6555 ) ;
#5654 = LINE ( 'NONE', #1569, #2505 ) ;
#5655 = EDGE_CURVE ( 'NONE', #1049, #6669, #2246, .T. ) ;
#5656 = CARTESIAN_POINT ( 'NONE',  ( -67.02928267479371982, 0.9640250808114357861, 8.847681278475640454 ) ) ;
#5657 = DIRECTION ( 'NONE',  ( 1.000000000000000000, 0.0000000000000000000, -1.836970198721029934E-16 ) ) ;
#5658 = CARTESIAN_POINT ( 'NONE',  ( -64.83654553348048921, -4.445833700918035092, 7.710193028720886410 ) ) ;
#5659 = LINE ( 'NONE', #7412, #1442 ) ;
#5660 = CARTESIAN_POINT ( 'NONE',  ( -67.23059815383962246, 3.459415273434353288, 8.416899122010478962 ) ) ;
#5661 = ORIENTED_EDGE ( 'NONE', *, *, #261, .T. ) ;
#5662 = PRESENTATION_LAYER_ASSIGNMENT (  '', '', ( #6869 ) ) ;
#5663 = CARTESIAN_POINT ( 'NONE',  ( -67.08840227052772320, 2.635913031358697367, -10.09999999999999964 ) ) ;
#5664 = EDGE_CURVE ( 'NONE', #1076, #2420, #647, .T. ) ;
#5665 = FACE_OUTER_BOUND ( 'NONE', #124, .T. ) ;
#5666 = FACE_OUTER_BOUND ( 'NONE', #628, .T. ) ;
#5667 = VECTOR ( 'NONE', #3805, 1000.000000000000000 ) ;
#5668 = ORIENTED_EDGE ( 'NONE', *, *, #1570, .F. ) ;
#5669 = CARTESIAN_POINT ( 'NONE',  ( -67.26365864041606812, 1.195171524072587976, 8.819505637224567707 ) ) ;
#5670 = CARTESIAN_POINT ( 'NONE',  ( -67.38398801773159619, 3.171492891575146800, 8.315934815339396380 ) ) ;
#5671 = ORIENTED_EDGE ( 'NONE', *, *, #1250, .F. ) ;
#5672 = ORIENTED_EDGE ( 'NONE', *, *, #5483, .T. ) ;
#5673 = DIRECTION ( 'NONE',  ( -1.000000000000000000, 0.0000000000000000000, 0.0000000000000000000 ) ) ;
#5674 = AXIS2_PLACEMENT_3D ( 'NONE', #5314, #7190, #2027 ) ;
#5675 = B_SPLINE_CURVE_WITH_KNOTS ( 'NONE', 3,
 ( #3857, #6152, #453, #4040 ),
 .UNSPECIFIED., .F., .F.,
 ( 4, 4 ),
 ( 4.336808689942017736E-19, 0.0006084186046601891074 ),
 .UNSPECIFIED. ) ;
#5676 = CARTESIAN_POINT ( 'NONE',  ( -67.23060911939178652, 3.459404182679220341, 8.200261120703618900 ) ) ;
#5677 = LINE ( 'NONE', #5714, #3362 ) ;
#5678 = ORIENTED_EDGE ( 'NONE', *, *, #148, .F. ) ;
#5679 = CARTESIAN_POINT ( 'NONE',  ( -64.86924676638300014, 0.0000000000000000000, 1.191628731233266239E-14 ) ) ;
#5680 = DIRECTION ( 'NONE',  ( -0.0000000000000000000, -0.0000000000000000000, -1.000000000000000000 ) ) ;
#5681 = ORIENTED_EDGE ( 'NONE', *, *, #3484, .T. ) ;
#5682 = ORIENTED_EDGE ( 'NONE', *, *, #1061, .T. ) ;
#5683 = EDGE_CURVE ( 'NONE', #313, #6482, #1828, .T. ) ;
#5684 = ADVANCED_FACE ( 'NONE', ( #1270 ), #669, .F. ) ;
#5685 = PRESENTATION_STYLE_ASSIGNMENT (( #6247 ) ) ;
#5686 = CARTESIAN_POINT ( 'NONE',  ( -64.52793426638299934, 0.0000000000000000000, 1.185358922323756280E-14 ) ) ;
#5687 = CARTESIAN_POINT ( 'NONE',  ( -66.54906158164611440, -5.493204909691875137, 7.002478119932773026 ) ) ;
#5688 = CARTESIAN_POINT ( 'NONE',  ( -64.82000891264618758, -4.852058327478727229, 7.461220370515909472 ) ) ;
#5689 = CARTESIAN_POINT ( 'NONE',  ( -65.04938946131406396, -4.097613589245470145, 7.900975183072153740 ) ) ;
#5690 = ORIENTED_EDGE ( 'NONE', *, *, #3431, .F. ) ;
#5691 = ORIENTED_EDGE ( 'NONE', *, *, #5547, .F. ) ;
#5692 = DIRECTION ( 'NONE',  ( -0.9668102644496460174, 0.2554954257023120401, 0.0000000000000000000 ) ) ;
#5693 = EDGE_CURVE ( 'NONE', #2137, #3584, #5729, .T. ) ;
#5694 = AXIS2_PLACEMENT_3D ( 'NONE', #3601, #5899, #4200 ) ;
#5695 = FILL_AREA_STYLE_COLOUR ( '', #5420 ) ;
#5696 = FACE_OUTER_BOUND ( 'NONE', #796, .T. ) ;
#5697 = EDGE_CURVE ( 'NONE', #6736, #4210, #734, .T. ) ;
#5698 = CARTESIAN_POINT ( 'NONE',  ( -65.63193521794599405, -5.551181300825190235, 7.210713291025301785 ) ) ;
#5699 = STYLED_ITEM ( 'NONE', ( #6792 ), #7299 ) ;
#5700 = CARTESIAN_POINT ( 'NONE',  ( -65.06082165257612360, 0.2961472975641991079, 8.895071488085164901 ) ) ;
#5701 = CARTESIAN_POINT ( 'NONE',  ( -65.42334216101946254, 0.6894876160326791625, 8.873252325237785954 ) ) ;
#5702 = ORIENTED_EDGE ( 'NONE', *, *, #2522, .T. ) ;
#5703 = B_SPLINE_CURVE_WITH_KNOTS ( 'NONE', 3,
 ( #4994, #4316, #2066, #6075 ),
 .UNSPECIFIED., .F., .F.,
 ( 4, 4 ),
 ( 0.0000000000000000000, 0.0001262192198347950674 ),
 .UNSPECIFIED. ) ;
#5704 = LINE ( 'NONE', #5663, #2704 ) ;
#5705 = CARTESIAN_POINT ( 'NONE',  ( -64.52793426638299934, 1.902353975931808217, 8.898935293070552532 ) ) ;
#5706 = CARTESIAN_POINT ( 'NONE',  ( -65.73709842106400458, -4.659431496216400070, -10.09999999999999964 ) ) ;
#5707 = CYLINDRICAL_SURFACE ( 'NONE', #4797, 0.8505038258594943557 ) ;
#5708 = VERTEX_POINT ( 'NONE', #2949 ) ;
#5709 = VERTEX_POINT ( 'NONE', #1754 ) ;
#5710 = ADVANCED_FACE ( 'NONE', ( #4554 ), #5723, .T. ) ;
#5711 = CARTESIAN_POINT ( 'NONE',  ( -65.50824244347599290, -3.755634586729378555, 8.289930690334140095 ) ) ;
#5712 = CARTESIAN_POINT ( 'NONE',  ( -66.56434542968408152, -0.02382612546148285201, 8.900729733429866286 ) ) ;
#5713 = CARTESIAN_POINT ( 'NONE',  ( -66.13854190485309914, -4.670845276235230159, -10.09999999999999964 ) ) ;
#5714 = CARTESIAN_POINT ( 'NONE',  ( -65.21988171590108152, -5.812069188535033071, -10.09999999999999964 ) ) ;
#5715 = ORIENTED_EDGE ( 'NONE', *, *, #5991, .F. ) ;
#5716 = B_SPLINE_CURVE_WITH_KNOTS ( 'NONE', 3,
 ( #4326, #361, #3829, #4933 ),
 .UNSPECIFIED., .F., .F.,
 ( 4, 4 ),
 ( 8.386201971252222137E-16, 0.0003045125108861330954 ),
 .UNSPECIFIED. ) ;
#5717 = CARTESIAN_POINT ( 'NONE',  ( -65.98552396441711210, -4.651871251681930275, -10.09999999999999964 ) ) ;
#5718 = CARTESIAN_POINT ( 'NONE',  ( -64.72703323480952520, -3.925528009203389956, -10.09999999999999964 ) ) ;
#5719 = VERTEX_POINT ( 'NONE', #5687 ) ;
#5720 = EDGE_LOOP ( 'NONE', ( #415, #383, #6646, #2190, #2218, #760, #3395, #2297, #5381, #858 ) ) ;
#5721 = CARTESIAN_POINT ( 'NONE',  ( -66.73967822565663255, 1.506935243105573807, 8.771496308932951180 ) ) ;
#5722 = CARTESIAN_POINT ( 'NONE',  ( -66.77867029611267924, -5.793217620988391658, -10.09999999999999964 ) ) ;
#5723 = CYLINDRICAL_SURFACE ( 'NONE', #7255, 0.4732438067297922712 ) ;
#5724 = DIRECTION ( 'NONE',  ( -0.0000000000000000000, -0.0000000000000000000, -1.000000000000000000 ) ) ;
#5725 = FACE_OUTER_BOUND ( 'NONE', #335, .T. ) ;
#5726 = ORIENTED_EDGE ( 'NONE', *, *, #1346, .F. ) ;
#5727 = ORIENTED_EDGE ( 'NONE', *, *, #6904, .T. ) ;
#5728 = CARTESIAN_POINT ( 'NONE',  ( -67.01704886793743299, -4.228568618302474214, 8.057940204592437539 ) ) ;
#5729 =( BOUNDED_CURVE ( )  B_SPLINE_CURVE ( 3, ( #1864, #3510, #6250, #6326 ),
 .UNSPECIFIED., .F., .F. ) 
 B_SPLINE_CURVE_WITH_KNOTS ( ( 4, 4 ),
 ( 1.976316439922757739, 2.021414435498970263 ),
 .UNSPECIFIED. ) 
 CURVE ( )  GEOMETRIC_REPRESENTATION_ITEM ( )  RATIONAL_B_SPLINE_CURVE ( ( 1.000000000000000000, 0.9998305214141518515, 0.9998305214141518515, 1.000000000000000000 ) ) 
 REPRESENTATION_ITEM ( '' )  );
#5730 = EDGE_CURVE ( 'NONE', #3774, #6264, #4565, .T. ) ;
#5731 = EDGE_CURVE ( 'NONE', #6161, #2532, #281, .T. ) ;
#5732 = CARTESIAN_POINT ( 'NONE',  ( 103.2999999999999972, 0.0000000000000000000, -3.200000000000019718 ) ) ;
#5733 = DIRECTION ( 'NONE',  ( 0.9944225846982770456, -0.1054690620134550172, 0.0000000000000000000 ) ) ;
#5734 = FACE_OUTER_BOUND ( 'NONE', #1619, .T. ) ;
#5735 = B_SPLINE_CURVE_WITH_KNOTS ( 'NONE', 3,
 ( #6807, #3942, #4476, #6202 ),
 .UNSPECIFIED., .F., .F.,
 ( 4, 4 ),
 ( 3.207975232934519364E-16, 0.0001705650133231257693 ),
 .UNSPECIFIED. ) ;
#5736 = CARTESIAN_POINT ( 'NONE',  ( -67.42247593304948339, 2.801038427527694274, 8.658458331559433674 ) ) ;
#5737 = ORIENTED_EDGE ( 'NONE', *, *, #3999, .F. ) ;
#5738 = B_SPLINE_CURVE_WITH_KNOTS ( 'NONE', 3,
 ( #1303, #2427, #3550, #5281 ),
 .UNSPECIFIED., .F., .F.,
 ( 4, 4 ),
 ( 2.047876595156615199E-14, 0.0002611203613759187662 ),
 .UNSPECIFIED. ) ;
#5739 = FACE_OUTER_BOUND ( 'NONE', #391, .T. ) ;
#5740 = CARTESIAN_POINT ( 'NONE',  ( -65.35207002790205877, -5.477102530049661411, 7.267141657854468306 ) ) ;
#5741 = DIRECTION ( 'NONE',  ( 0.0000000000000000000, 0.0000000000000000000, 1.000000000000000000 ) ) ;
#5742 = EDGE_CURVE ( 'NONE', #1722, #4172, #7283, .T. ) ;
#5743 = ORIENTED_EDGE ( 'NONE', *, *, #7410, .T. ) ;
#5744 = CARTESIAN_POINT ( 'NONE',  ( -64.39818140648630163, 2.989983836902819991, -10.09999999999999964 ) ) ;
#5745 = CARTESIAN_POINT ( 'NONE',  ( -66.76144052305185994, 1.146239892738992738, 8.825915288511325230 ) ) ;
#5746 = ORIENTED_EDGE ( 'NONE', *, *, #309, .T. ) ;
#5747 = ORIENTED_EDGE ( 'NONE', *, *, #1885, .T. ) ;
#5748 = VECTOR ( 'NONE', #2812, 1000.000000000000000 ) ;
#5749 = VERTEX_POINT ( 'NONE', #2868 ) ;
#5750 = DIRECTION ( 'NONE',  ( 0.0000000000000000000, 0.0000000000000000000, 1.000000000000000000 ) ) ;
#5751 = CYLINDRICAL_SURFACE ( 'NONE', #6245, 0.6445685805848144767 ) ;
#5752 = VERTEX_POINT ( 'NONE', #3648 ) ;
#5753 = DIRECTION ( 'NONE',  ( 1.000000000000000000, 0.0000000000000000000, 0.0000000000000000000 ) ) ;
#5754 = CYLINDRICAL_SURFACE ( 'NONE', #1571, 0.7795546310627315956 ) ;
#5755 = ORIENTED_EDGE ( 'NONE', *, *, #1605, .F. ) ;
#5756 = ORIENTED_EDGE ( 'NONE', *, *, #3397, .T. ) ;
#5757 = AXIS2_PLACEMENT_3D ( 'NONE', #7284, #4972, #4890 ) ;
#5758 = STYLED_ITEM ( 'NONE', ( #6989 ), #1105 ) ;
#5759 = CARTESIAN_POINT ( 'NONE',  ( -66.25779124038010082, -4.866117428533399902, -10.09999999999999964 ) ) ;
#5760 = CARTESIAN_POINT ( 'NONE',  ( -64.77395546497760392, 1.942041475931258088, 8.685532505595897845 ) ) ;
#5761 = DIRECTION ( 'NONE',  ( -1.000000000000000000, 0.0000000000000000000, 0.0000000000000000000 ) ) ;
#5762 = VECTOR ( 'NONE', #3547, 1000.000000000000000 ) ;
#5763 = CYLINDRICAL_SURFACE ( 'NONE', #4555, 0.7689277992819765206 ) ;
#5764 = DIRECTION ( 'NONE',  ( -0.0000000000000000000, -0.0000000000000000000, 1.000000000000000000 ) ) ;
#5765 = DIRECTION ( 'NONE',  ( 0.0000000000000000000, 0.0000000000000000000, 1.000000000000000000 ) ) ;
#5766 = CARTESIAN_POINT ( 'NONE',  ( -65.99285779611270186, -3.820661087875560025, -10.09999999999999964 ) ) ;
#5767 = ORIENTED_EDGE ( 'NONE', *, *, #27, .F. ) ;
#5768 = EDGE_LOOP ( 'NONE', ( #5378, #1817, #7053, #3988 ) ) ;
#5769 = DIRECTION ( 'NONE',  ( 0.0000000000000000000, 0.0000000000000000000, 1.000000000000000000 ) ) ;
#5770 = AXIS2_PLACEMENT_3D ( 'NONE', #2834, #6935, #1157 ) ;
#5771 =( GEOMETRIC_REPRESENTATION_CONTEXT ( 3 ) GLOBAL_UNCERTAINTY_ASSIGNED_CONTEXT ( ( #4376 ) ) GLOBAL_UNIT_ASSIGNED_CONTEXT ( ( #4481, #6093, #4897 ) ) REPRESENTATION_CONTEXT ( 'NONE', 'WORKASPACE' ) );
#5772 = CARTESIAN_POINT ( 'NONE',  ( -71.80973495877130119, 0.0000000000000000000, 1.319123430973191232E-14 ) ) ;
#5773 = AXIS2_PLACEMENT_3D ( 'NONE', #5057, #7371, #2206 ) ;
#5774 = FILL_AREA_STYLE ('',( #1203 ) ) ;
#5775 = DIRECTION ( 'NONE',  ( 1.000000000000000000, 0.0000000000000000000, 0.0000000000000000000 ) ) ;
#5776 = DIRECTION ( 'NONE',  ( 0.0000000000000000000, 0.0000000000000000000, 1.000000000000000000 ) ) ;
#5777 =( BOUNDED_CURVE ( )  B_SPLINE_CURVE ( 3, ( #6794, #7196, #5099, #1692 ),
 .UNSPECIFIED., .F., .F. ) 
 B_SPLINE_CURVE_WITH_KNOTS ( ( 4, 4 ),
 ( 1.274569008124321501, 1.440264948529226041 ),
 .UNSPECIFIED. ) 
 CURVE ( )  GEOMETRIC_REPRESENTATION_ITEM ( )  RATIONAL_B_SPLINE_CURVE ( ( 1.000000000000000000, 0.9977133796328632176, 0.9977133796328632176, 1.000000000000000000 ) ) 
 REPRESENTATION_ITEM ( '' )  );
#5778 = EDGE_CURVE ( 'NONE', #7112, #3197, #6543, .T. ) ;
#5779 = CARTESIAN_POINT ( 'NONE',  ( -64.99081044387085626, -4.165182614566874442, -10.09999999999999964 ) ) ;
#5780 = ADVANCED_FACE ( 'NONE', ( #4143, #863, #7154 ), #5485, .T. ) ;
#5781 = VECTOR ( 'NONE', #3756, 1000.000000000000000 ) ;
#5782 = CARTESIAN_POINT ( 'NONE',  ( -64.80574676638303799, -4.686556477450651848, 7.800396681173690894 ) ) ;
#5783 = CARTESIAN_POINT ( 'NONE',  ( -64.88161857961526380, -5.044752214451199812, 7.332153510039863598 ) ) ;
#5784 = ORIENTED_EDGE ( 'NONE', *, *, #4168, .F. ) ;
#5785 = B_SPLINE_CURVE_WITH_KNOTS ( 'NONE', 3,
 ( #5783, #4795, #4084, #7107 ),
 .UNSPECIFIED., .F., .F.,
 ( 4, 4 ),
 ( 3.366793939185189227E-16, 0.0001439334384425555420 ),
 .UNSPECIFIED. ) ;
#5786 = CARTESIAN_POINT ( 'NONE',  ( -67.03022007708554497, 0.2971077857842267522, 9.095267725354620580 ) ) ;
#5787 = DIRECTION ( 'NONE',  ( 0.7072353473205980068, -0.7069781916723549831, 0.0000000000000000000 ) ) ;
#5788 = VERTEX_POINT ( 'NONE', #4449 ) ;
#5789 = COLOUR_RGB ( '',1.000000000000000000, 0.5999999999999999778, 0.2000000000000000111 ) ;
#5790 = ORIENTED_EDGE ( 'NONE', *, *, #3819, .T. ) ;
#5791 = ORIENTED_EDGE ( 'NONE', *, *, #2776, .F. ) ;
#5792 = CARTESIAN_POINT ( 'NONE',  ( -67.33779244723828583, -4.102371309953976031, 8.122841229229258886 ) ) ;
#5793 = CARTESIAN_POINT ( 'NONE',  ( -66.98742839894607926, -3.721384618448835724, 8.084633357275555099 ) ) ;
#5794 = EDGE_CURVE ( 'NONE', #349, #2821, #5838, .T. ) ;
#5795 = FACE_OUTER_BOUND ( 'NONE', #7044, .T. ) ;
#5796 = DIRECTION ( 'NONE',  ( -1.000000000000000000, 4.357835199126469771E-16, 0.0000000000000000000 ) ) ;
#5797 = ORIENTED_EDGE ( 'NONE', *, *, #836, .T. ) ;
#5798 = FACE_OUTER_BOUND ( 'NONE', #1320, .T. ) ;
#5799 = FACE_OUTER_BOUND ( 'NONE', #4733, .T. ) ;
#5800 = ORIENTED_EDGE ( 'NONE', *, *, #2995, .T. ) ;
#5801 = ADVANCED_FACE ( 'NONE', ( #5085 ), #7362, .T. ) ;
#5802 = ORIENTED_EDGE ( 'NONE', *, *, #6395, .T. ) ;
#5803 = AXIS2_PLACEMENT_3D ( 'NONE', #6845, #5238, #2270 ) ;
#5804 = LINE ( 'NONE', #6364, #158 ) ;
#5805 = LINE ( 'NONE', #100, #7092 ) ;
#5806 = CARTESIAN_POINT ( 'NONE',  ( -64.48469616110779157, -4.806235964894669088, 7.491178190534867554 ) ) ;
#5807 = CARTESIAN_POINT ( 'NONE',  ( -67.07058009971629531, 4.680478823343919181, 7.804044975794880656 ) ) ;
#5808 = VERTEX_POINT ( 'NONE', #3844 ) ;
#5809 = ORIENTED_EDGE ( 'NONE', *, *, #6189, .T. ) ;
#5810 = CARTESIAN_POINT ( 'NONE',  ( -66.27662687968015121, 3.273393508590682455, 8.491050353548690310 ) ) ;
#5811 = EDGE_CURVE ( 'NONE', #2195, #1722, #6209, .T. ) ;
#5812 = CARTESIAN_POINT ( 'NONE',  ( -64.90957729864409487, -4.278499868237489068, 8.031465549791768410 ) ) ;
#5813 = UNCERTAINTY_MEASURE_WITH_UNIT (LENGTH_MEASURE( 1.000000000000000082E-05 ), #1991, 'distance_accuracy_value', 'NONE');
#5814 = SURFACE_STYLE_FILL_AREA ( #2924 ) ;
#5815 = ORIENTED_EDGE ( 'NONE', *, *, #2746, .F. ) ;
#5816 = CARTESIAN_POINT ( 'NONE',  ( -65.75106131506849749, -4.686556477451881086, -10.09999999999999964 ) ) ;
#5817 = CARTESIAN_POINT ( 'NONE',  ( -67.30140059495612093, 0.1396041827474445163, 9.098929094797895800 ) ) ;
#5818 = CARTESIAN_POINT ( 'NONE',  ( -66.12380674298736949, 1.357539330573436676, 8.998171312324879878 ) ) ;
#5819 = MECHANICAL_DESIGN_GEOMETRIC_PRESENTATION_REPRESENTATION (  '', ( #1626 ), #3768 ) ;
#5820 = ORIENTED_EDGE ( 'NONE', *, *, #2177, .T. ) ;
#5821 = CARTESIAN_POINT ( 'NONE',  ( -64.52793426638299934, 3.733270642598479849, 8.298957182026700963 ) ) ;
#5822 = ADVANCED_FACE ( 'NONE', ( #3914 ), #5649, .F. ) ;
#5823 = ORIENTED_EDGE ( 'NONE', *, *, #4168, .T. ) ;
#5824 = ORIENTED_EDGE ( 'NONE', *, *, #1304, .F. ) ;
#5825 = VERTEX_POINT ( 'NONE', #7435 ) ;
#5826 = CARTESIAN_POINT ( 'NONE',  ( -66.62934485649482497, 3.730587822857609925, 8.080390739089391872 ) ) ;
#5827 = VECTOR ( 'NONE', #2703, 1000.000000000000000 ) ;
#5828 = CARTESIAN_POINT ( 'NONE',  ( -64.52793426638299934, -0.8175626144409100515, 8.862369399402659553 ) ) ;
#5829 = DIRECTION ( 'NONE',  ( -0.0000000000000000000, -0.0000000000000000000, -1.000000000000000000 ) ) ;
#5830 = CARTESIAN_POINT ( 'NONE',  ( -67.07396776150388007, -4.330288763704769117, 7.775620028344092383 ) ) ;
#5831 = B_SPLINE_CURVE_WITH_KNOTS ( 'NONE', 3,
 ( #5201, #2344, #6926, #4060 ),
 .UNSPECIFIED., .F., .F.,
 ( 4, 4 ),
 ( 4.119968255444916849E-18, 0.0002436392249779280002 ),
 .UNSPECIFIED. ) ;
#5832 = ORIENTED_EDGE ( 'NONE', *, *, #2711, .F. ) ;
#5833 = EDGE_CURVE ( 'NONE', #2420, #2448, #4375, .T. ) ;
#5834 = CARTESIAN_POINT ( 'NONE',  ( -66.62235942056270233, 3.730624809265144837, 8.300146898247982463 ) ) ;
#5835 = PRESENTATION_LAYER_ASSIGNMENT (  '', '', ( #82 ) ) ;
#5836 = EDGE_CURVE ( 'NONE', #3309, #866, #958, .T. ) ;
#5837 = VERTEX_POINT ( 'NONE', #4145 ) ;
#5838 = B_SPLINE_CURVE_WITH_KNOTS ( 'NONE', 3,
 ( #6095, #5052, #6816, #7327 ),
 .UNSPECIFIED., .F., .F.,
 ( 4, 4 ),
 ( 1.411962612463446054E-17, 0.0002575609725785995186 ),
 .UNSPECIFIED. ) ;
#5839 = CARTESIAN_POINT ( 'NONE',  ( -67.13312092102260920, -4.764481832595172328, 7.517549958656878140 ) ) ;
#5840 = DIRECTION ( 'NONE',  ( -1.000000000000000000, 0.0000000000000000000, 0.0000000000000000000 ) ) ;
#5841 = DIRECTION ( 'NONE',  ( 1.000000000000000000, 0.0000000000000000000, 0.0000000000000000000 ) ) ;
#5842 = FACE_OUTER_BOUND ( 'NONE', #546, .T. ) ;
#5843 = ORIENTED_EDGE ( 'NONE', *, *, #5731, .T. ) ;
#5844 = FACE_OUTER_BOUND ( 'NONE', #1699, .T. ) ;
#5845 = EDGE_CURVE ( 'NONE', #906, #1739, #2434, .T. ) ;
#5846 = FACE_OUTER_BOUND ( 'NONE', #2889, .T. ) ;
#5847 = ORIENTED_EDGE ( 'NONE', *, *, #2719, .F. ) ;
#5848 = VERTEX_POINT ( 'NONE', #4029 ) ;
#5849 = CARTESIAN_POINT ( 'NONE',  ( -67.08840227032871439, 2.635913030827935710, 8.709877294997427910 ) ) ;
#5850 = EDGE_CURVE ( 'NONE', #4775, #7111, #2070, .T. ) ;
#5851 = CARTESIAN_POINT ( 'NONE',  ( -64.86924676638300014, 1.510770795186370030, 8.770836425587479113 ) ) ;
#5852 = B_SPLINE_CURVE_WITH_KNOTS ( 'NONE', 3,
 ( #3477, #5615, #5658, #2770 ),
 .UNSPECIFIED., .F., .F.,
 ( 4, 4 ),
 ( 2.351962763435615260E-14, 0.0001568896328093705866 ),
 .UNSPECIFIED. ) ;
#5853 = CARTESIAN_POINT ( 'NONE',  ( -67.29233950877369352, 3.372071188008660680, 8.452167526912967688 ) ) ;
#5854 = ORIENTED_EDGE ( 'NONE', *, *, #5038, .F. ) ;
#5855 =( NAMED_UNIT ( * ) PLANE_ANGLE_UNIT ( ) SI_UNIT ( $, .RADIAN. ) );
#5856 = CARTESIAN_POINT ( 'NONE',  ( -64.99086250831336997, -5.699356582970738216, 6.836431313105082452 ) ) ;
#5857 = CARTESIAN_POINT ( 'NONE',  ( -67.41189259971629610, 6.103937156677250009, -10.09999999999999964 ) ) ;
#5858 = CARTESIAN_POINT ( 'NONE',  ( -64.52134976809408329, -4.319350685649992805, 8.009869402545904293 ) ) ;
#5859 = ORIENTED_EDGE ( 'NONE', *, *, #1788, .F. ) ;
#5860 = ORIENTED_EDGE ( 'NONE', *, *, #1845, .F. ) ;
#5861 = VERTEX_POINT ( 'NONE', #143 ) ;
#5862 = CARTESIAN_POINT ( 'NONE',  ( -66.76143890095097788, 1.146240552272690616, 9.027556632277958570 ) ) ;
#5863 = DIRECTION ( 'NONE',  ( 1.000000000000000000, 0.0000000000000000000, 0.0000000000000000000 ) ) ;
#5864 = B_SPLINE_CURVE_WITH_KNOTS ( 'NONE', 3,
 ( #6398, #4097, #5237, #5110 ),
 .UNSPECIFIED., .F., .F.,
 ( 4, 4 ),
 ( 2.162771502695365075E-14, 0.0002844887647820407606 ),
 .UNSPECIFIED. ) ;
#5865 = LINE ( 'NONE', #3604, #6718 ) ;
#5866 = ORIENTED_EDGE ( 'NONE', *, *, #4459, .T. ) ;
#5867 = CARTESIAN_POINT ( 'NONE',  ( -67.38681810598164645, 0.3407390699586752558, 8.893628093424727155 ) ) ;
#5868 = CARTESIAN_POINT ( 'NONE',  ( -67.09269244943399713, 0.8470955595374808356, 9.060487244790541794 ) ) ;
#5869 = EDGE_LOOP ( 'NONE', ( #163, #2147, #7079, #3791 ) ) ;
#5870 = ORIENTED_EDGE ( 'NONE', *, *, #5683, .F. ) ;
#5871 = AXIS2_PLACEMENT_3D ( 'NONE', #2325, #6454, #4642 ) ;
#5872 = EDGE_CURVE ( 'NONE', #5599, #6548, #2354, .T. ) ;
#5873 = EDGE_CURVE ( 'NONE', #2448, #2104, #5738, .T. ) ;
#5874 = DIRECTION ( 'NONE',  ( 1.000000000000000000, 0.0000000000000000000, 6.123233995736789455E-17 ) ) ;
#5875 = VERTEX_POINT ( 'NONE', #636 ) ;
#5876 = CARTESIAN_POINT ( 'NONE',  ( -64.81442220022434242, -4.811894695753147211, 7.723708269800389381 ) ) ;
#5877 = CARTESIAN_POINT ( 'NONE',  ( -67.00834377683156617, 3.212473240164383625, 8.300041003061497946 ) ) ;
#5878 = ORIENTED_EDGE ( 'NONE', *, *, #4639, .F. ) ;
#5879 = ORIENTED_EDGE ( 'NONE', *, *, #15, .F. ) ;
#5880 = ADVANCED_FACE ( 'NONE', ( #5844 ), #4557, .F. ) ;
#5881 = DIRECTION ( 'NONE',  ( 6.123233995736759873E-17, 0.0000000000000000000, -1.000000000000000000 ) ) ;
#5882 = CARTESIAN_POINT ( 'NONE',  ( -65.22013726202190753, -0.005419988050140710743, 8.900145726425611414 ) ) ;
#5883 = VECTOR ( 'NONE', #1717, 1000.000000000000000 ) ;
#5884 = ADVANCED_FACE ( 'NONE', ( #2915 ), #3466, .T. ) ;
#5885 = VECTOR ( 'NONE', #1036, 1000.000000000000000 ) ;
#5886 = CARTESIAN_POINT ( 'NONE',  ( -67.41765660323976306, 2.735942765290849454, 8.679241862302614408 ) ) ;
#5887 = VERTEX_POINT ( 'NONE', #1236 ) ;
#5888 = CARTESIAN_POINT ( 'NONE',  ( -66.62235942056270233, 1.508124961863795521, 8.771291757740332429 ) ) ;
#5889 = CARTESIAN_POINT ( 'NONE',  ( -64.52793426638299934, -0.3201458714802981609, 9.094366752060000891 ) ) ;
#5890 = CARTESIAN_POINT ( 'NONE',  ( -67.09269244944290733, 3.069595406926263426, 8.566655358877079962 ) ) ;
#5891 = DIRECTION ( 'NONE',  ( 0.0000000000000000000, 0.0000000000000000000, 1.000000000000000000 ) ) ;
#5892 = CARTESIAN_POINT ( 'NONE',  ( -70.10428868674109992, 0.0000000000000000000, 1.287794891200797399E-14 ) ) ;
#5893 = PLANE ( 'NONE',  #1460 ) ;
#5894 = ORIENTED_EDGE ( 'NONE', *, *, #477, .F. ) ;
#5895 = ORIENTED_EDGE ( 'NONE', *, *, #5333, .T. ) ;
#5896 = ORIENTED_EDGE ( 'NONE', *, *, #3656, .F. ) ;
#5897 = AXIS2_PLACEMENT_3D ( 'NONE', #491, #5657, #604 ) ;
#5898 = CARTESIAN_POINT ( 'NONE',  ( -71.80973495877130119, 0.3107680673900600210, 8.894572682725737423 ) ) ;
#5899 = DIRECTION ( 'NONE',  ( 1.000000000000000000, 0.0000000000000000000, 6.123233995736789455E-17 ) ) ;
#5900 = EDGE_CURVE ( 'NONE', #965, #5068, #4033, .T. ) ;
#5901 = DIRECTION ( 'NONE',  ( -1.000000000000000000, 0.0000000000000000000, -0.0000000000000000000 ) ) ;
#5902 = AXIS2_PLACEMENT_3D ( 'NONE', #4102, #2312, #4630 ) ;
#5903 = VERTEX_POINT ( 'NONE', #33 ) ;
#5904 = DIRECTION ( 'NONE',  ( 1.000000000000000000, 0.0000000000000000000, 6.123233995736750012E-17 ) ) ;
#5905 = ORIENTED_EDGE ( 'NONE', *, *, #2452, .T. ) ;
#5906 = ORIENTED_EDGE ( 'NONE', *, *, #1104, .F. ) ;
#5907 = AXIS2_PLACEMENT_3D ( 'NONE', #4987, #1124, #7262 ) ;
#5908 = PRESENTATION_STYLE_ASSIGNMENT (( #5939 ) ) ;
#5909 = LINE ( 'NONE', #4778, #611 ) ;
#5910 = VERTEX_POINT ( 'NONE', #1158 ) ;
#5911 = CARTESIAN_POINT ( 'NONE',  ( -67.42247593304968234, 2.866222803020539445, 8.425839236743442484 ) ) ;
#5912 = VECTOR ( 'NONE', #2569, 1000.000000000000000 ) ;
#5913 = ORIENTED_EDGE ( 'NONE', *, *, #5634, .T. ) ;
#5914 = ORIENTED_EDGE ( 'NONE', *, *, #3953, .F. ) ;
#5915 = EDGE_CURVE ( 'NONE', #5945, #3801, #3428, .T. ) ;
#5916 = CARTESIAN_POINT ( 'NONE',  ( -66.99300346691181574, -4.197924817093067418, 7.847765748056984236 ) ) ;
#5917 = CARTESIAN_POINT ( 'NONE',  ( -64.48030926638480764, -4.586356871324427154, 7.860162031789146297 ) ) ;
#5918 = ADVANCED_FACE ( 'NONE', ( #6898 ), #4068, .F. ) ;
#5919 = ORIENTED_EDGE ( 'NONE', *, *, #7332, .F. ) ;
#5920 = DIRECTION ( 'NONE',  ( -1.836970198721029934E-16, 6.123233995736800549E-17, -1.000000000000000000 ) ) ;
#5921 = DIRECTION ( 'NONE',  ( -0.0000000000000000000, -0.0000000000000000000, -1.000000000000000000 ) ) ;
#5922 = CARTESIAN_POINT ( 'NONE',  ( -67.07058009971629531, 6.103937156677250009, 6.477032591189811228 ) ) ;
#5923 = EDGE_LOOP ( 'NONE', ( #2954, #871, #2793, #6132 ) ) ;
#5924 = ADVANCED_FACE ( 'NONE', ( #1448 ), #249, .F. ) ;
#5925 = ORIENTED_EDGE ( 'NONE', *, *, #2909, .F. ) ;
#5926 = DIRECTION ( 'NONE',  ( 1.000000000000000000, 0.0000000000000000000, 0.0000000000000000000 ) ) ;
#5927 = B_SPLINE_CURVE_WITH_KNOTS ( 'NONE', 3,
 ( #1512, #4311, #455, #4354 ),
 .UNSPECIFIED., .F., .F.,
 ( 4, 4 ),
 ( 0.0000000000000000000, 1.000000000000000000 ),
 .UNSPECIFIED. ) ;
#5928 = CARTESIAN_POINT ( 'NONE',  ( -65.33469343212121316, 0.5879454772544165930, 8.881142560365436367 ) ) ;
#5929 = CYLINDRICAL_SURFACE ( 'NONE', #3407, 1.285693232171938760 ) ;
#5930 = EDGE_CURVE ( 'NONE', #872, #7365, #3169, .T. ) ;
#5931 = CARTESIAN_POINT ( 'NONE',  ( -67.38688907219568591, 2.563448507666350018, 8.523010723856916826 ) ) ;
#5932 = VERTEX_POINT ( 'NONE', #6014 ) ;
#5933 = CARTESIAN_POINT ( 'NONE',  ( -67.38913960928763913, -4.212437510317931455, 8.066569824038152703 ) ) ;
#5934 = DIRECTION ( 'NONE',  ( 1.000000000000000000, 0.0000000000000000000, -1.836970198721029934E-16 ) ) ;
#5935 = EDGE_CURVE ( 'NONE', #3635, #6611, #4119, .T. ) ;
#5936 = EDGE_LOOP ( 'NONE', ( #2925, #4660, #6063, #86 ) ) ;
#5937 = EDGE_LOOP ( 'NONE', ( #540, #2003, #2920, #3067 ) ) ;
#5938 = B_SPLINE_CURVE_WITH_KNOTS ( 'NONE', 3,
 ( #5017, #5541, #6678, #6256 ),
 .UNSPECIFIED., .F., .F.,
 ( 4, 4 ),
 ( 1.496849936491327212E-14, 0.0006092572113520203963 ),
 .UNSPECIFIED. ) ;
#5939 = SURFACE_STYLE_USAGE ( .BOTH. , #6511 ) ;
#5940 = DIRECTION ( 'NONE',  ( 0.0000000000000000000, 0.0000000000000000000, 1.000000000000000000 ) ) ;
#5941 = ORIENTED_EDGE ( 'NONE', *, *, #1381, .F. ) ;
#5942 = DIRECTION ( 'NONE',  ( -6.123233995736759873E-17, 6.123233995736791920E-17, 1.000000000000000000 ) ) ;
#5943 = DIRECTION ( 'NONE',  ( -0.0000000000000000000, -0.0000000000000000000, -1.000000000000000000 ) ) ;
#5944 = VERTEX_POINT ( 'NONE', #181 ) ;
#5945 = VERTEX_POINT ( 'NONE', #297 ) ;
#5946 = LINE ( 'NONE', #4224, #1118 ) ;
#5947 = UNCERTAINTY_MEASURE_WITH_UNIT (LENGTH_MEASURE( 1.000000000000000082E-05 ), #5019, 'distance_accuracy_value', 'NONE');
#5948 = ORIENTED_EDGE ( 'NONE', *, *, #5096, .T. ) ;
#5949 = CARTESIAN_POINT ( 'NONE',  ( -66.55199676638301298, 2.315103975931810165, 8.593619352788724797 ) ) ;
#5950 = ORIENTED_EDGE ( 'NONE', *, *, #879, .F. ) ;
#5951 = CARTESIAN_POINT ( 'NONE',  ( -67.34247472953882152, -5.220073045871957085, 7.208689532111333342 ) ) ;
#5952 = EDGE_CURVE ( 'NONE', #4474, #1239, #6545, .T. ) ;
#5953 = EDGE_CURVE ( 'NONE', #2416, #4052, #4253, .T. ) ;
#5954 = CARTESIAN_POINT ( 'NONE',  ( -65.12795968854923956, -2.656416781107562297, 8.494318682805014120 ) ) ;
#5955 = FACE_OUTER_BOUND ( 'NONE', #2481, .T. ) ;
#5956 = CARTESIAN_POINT ( 'NONE',  ( -67.46216343304963914, -4.651871251649234651, 7.587495888504953712 ) ) ;
#5957 = FACE_OUTER_BOUND ( 'NONE', #248, .T. ) ;
#5958 = DIRECTION ( 'NONE',  ( 1.000000000000000000, 0.0000000000000000000, -1.836970198721029934E-16 ) ) ;
#5959 = ORIENTED_EDGE ( 'NONE', *, *, #7372, .F. ) ;
#5960 = ORIENTED_EDGE ( 'NONE', *, *, #3778, .F. ) ;
#5961 = CARTESIAN_POINT ( 'NONE',  ( -71.80973495877130119, -1.524902822846710082, -10.09999999999999964 ) ) ;
#5962 = CYLINDRICAL_SURFACE ( 'NONE', #2161, 1.450972219255386442 ) ;
#5963 = EDGE_CURVE ( 'NONE', #4886, #6582, #4479, .T. ) ;
#5964 = CARTESIAN_POINT ( 'NONE',  ( -67.41765857545064478, 2.735955901562147297, 8.469308660640212594 ) ) ;
#5965 = ORIENTED_EDGE ( 'NONE', *, *, #6359, .T. ) ;
#5966 = CARTESIAN_POINT ( 'NONE',  ( -67.09269244943084232, 0.8470955595457241305, -10.09999999999999964 ) ) ;
#5967 = VERTEX_POINT ( 'NONE', #2039 ) ;
#5968 = ORIENTED_EDGE ( 'NONE', *, *, #3206, .F. ) ;
#5969 = EDGE_CURVE ( 'NONE', #4878, #2097, #7124, .T. ) ;
#5970 = CARTESIAN_POINT ( 'NONE',  ( -98.70000000000001705, 0.0000000000000000000, -6.043631953792189659E-15 ) ) ;
#5971 = DIRECTION ( 'NONE',  ( 0.0000000000000000000, 0.0000000000000000000, 1.000000000000000000 ) ) ;
#5972 = VERTEX_POINT ( 'NONE', #5973 ) ;
#5973 = CARTESIAN_POINT ( 'NONE',  ( -103.2999999999999972, 3.200000000000000178, -6.129357229732503947E-15 ) ) ;
#5974 = FACE_OUTER_BOUND ( 'NONE', #589, .T. ) ;
#5975 = ORIENTED_EDGE ( 'NONE', *, *, #1760, .F. ) ;
#5976 = VERTEX_POINT ( 'NONE', #4749 ) ;
#5977 = PRESENTATION_LAYER_ASSIGNMENT (  '', '', ( #603 ) ) ;
#5978 = CARTESIAN_POINT ( 'NONE',  ( -67.08904558018318198, -4.367021651123065062, 7.983794504586975371 ) ) ;
#5979 = AXIS2_PLACEMENT_3D ( 'NONE', #5034, #7350, #6232 ) ;
#5980 = DIRECTION ( 'NONE',  ( -0.0000000000000000000, -0.0000000000000000000, -1.000000000000000000 ) ) ;
#5981 = ORIENTED_EDGE ( 'NONE', *, *, #3275, .T. ) ;
#5982 = CARTESIAN_POINT ( 'NONE',  ( -64.80549485991366510, -3.830336758698866362, 8.255280334337806281 ) ) ;
#5983 = VECTOR ( 'NONE', #1102, 1000.000000000000000 ) ;
#5984 = CARTESIAN_POINT ( 'NONE',  ( -67.28809654712145516, -5.323086123035960959, 7.380701465764766489 ) ) ;
#5985 = VECTOR ( 'NONE', #3264, 1000.000000000000000 ) ;
#5986 = AXIS2_PLACEMENT_3D ( 'NONE', #5169, #2836, #3956 ) ;
#5987 = CARTESIAN_POINT ( 'NONE',  ( -65.93034995837959400, 1.213569324916024428, 8.816872999744470363 ) ) ;
#5988 = ORIENTED_EDGE ( 'NONE', *, *, #754, .T. ) ;
#5989 = EDGE_LOOP ( 'NONE', ( #2851, #4018 ) ) ;
#5990 = VERTEX_POINT ( 'NONE', #1411 ) ;
#5991 = EDGE_CURVE ( 'NONE', #3120, #1973, #3587, .T. ) ;
#5992 = ORIENTED_EDGE ( 'NONE', *, *, #6090, .F. ) ;
#5993 = EDGE_CURVE ( 'NONE', #2532, #4670, #4225, .T. ) ;
#5994 = DIRECTION ( 'NONE',  ( 1.000000000000000000, 0.0000000000000000000, 0.0000000000000000000 ) ) ;
#5995 = CARTESIAN_POINT ( 'NONE',  ( -65.06082165257609518, 2.518647144976290164, 8.536182786181594651 ) ) ;
#5996 = AXIS2_PLACEMENT_3D ( 'NONE', #197, #3045, #5261 ) ;
#5997 = CIRCLE ( 'NONE', #2769, 3.200000000000000178 ) ;
#5998 = CARTESIAN_POINT ( 'NONE',  ( -65.53040008724333632, 0.8110642318772973702, 9.064603743622013710 ) ) ;
#5999 = LINE ( 'NONE', #865, #3964 ) ;
#6000 = VERTEX_POINT ( 'NONE', #4853 ) ;
#6001 = CARTESIAN_POINT ( 'NONE',  ( -67.11904706659932174, 2.973338209365328222, 8.600538349006320971 ) ) ;
#6002 = PRESENTATION_LAYER_ASSIGNMENT (  '', '', ( #1824 ) ) ;
#6003 = ORIENTED_EDGE ( 'NONE', *, *, #5341, .F. ) ;
#6004 = ORIENTED_EDGE ( 'NONE', *, *, #7317, .T. ) ;
#6005 = EDGE_CURVE ( 'NONE', #1322, #2298, #4205, .T. ) ;
#6006 = B_SPLINE_CURVE_WITH_KNOTS ( 'NONE', 3,
 ( #5306, #2936, #5826, #4652 ),
 .UNSPECIFIED., .F., .F.,
 ( 4, 4 ),
 ( 0.0000000000000000000, 1.000000000000000000 ),
 .UNSPECIFIED. ) ;
#6007 =( BOUNDED_CURVE ( )  B_SPLINE_CURVE ( 3, ( #4729, #4121, #1803, #7071 ),
 .UNSPECIFIED., .F., .F. ) 
 B_SPLINE_CURVE_WITH_KNOTS ( ( 4, 4 ),
 ( 1.313561816910443047, 1.353051851078048262 ),
 .UNSPECIFIED. ) 
 CURVE ( )  GEOMETRIC_REPRESENTATION_ITEM ( )  RATIONAL_B_SPLINE_CURVE ( ( 1.000000000000000000, 0.9998700489888225906, 0.9998700489888225906, 1.000000000000000000 ) ) 
 REPRESENTATION_ITEM ( '' )  );
#6008 = VECTOR ( 'NONE', #1191, 1000.000000000000000 ) ;
#6009 = CARTESIAN_POINT ( 'NONE',  ( -67.41189259971629610, 6.103937156677250009, -10.09999999999999964 ) ) ;
#6010 = DIRECTION ( 'NONE',  ( -0.0000000000000000000, -0.0000000000000000000, 1.000000000000000000 ) ) ;
#6011 = B_SPLINE_CURVE_WITH_KNOTS ( 'NONE', 3,
 ( #7105, #266, #7216, #3776 ),
 .UNSPECIFIED., .F., .F.,
 ( 4, 4 ),
 ( 6.427393155523045157E-14, 0.0002435981173391744091 ),
 .UNSPECIFIED. ) ;
#6012 = ADVANCED_FACE ( 'NONE', ( #3684 ), #215, .T. ) ;
#6013 = ORIENTED_EDGE ( 'NONE', *, *, #5471, .T. ) ;
#6014 = CARTESIAN_POINT ( 'NONE',  ( -67.08840227052779426, 0.4134131839468139225, 8.890393103757514126 ) ) ;
#6015 = DIRECTION ( 'NONE',  ( -1.000000000000000000, 0.0000000000000000000, 0.0000000000000000000 ) ) ;
#6016 = ORIENTED_EDGE ( 'NONE', *, *, #3340, .F. ) ;
#6017 = ORIENTED_EDGE ( 'NONE', *, *, #3483, .T. ) ;
#6018 = LINE ( 'NONE', #7205, #5428 ) ;
#6019 = UNCERTAINTY_MEASURE_WITH_UNIT (LENGTH_MEASURE( 1.000000000000000082E-05 ), #3519, 'distance_accuracy_value', 'NONE');
#6020 = DIRECTION ( 'NONE',  ( -0.0000000000000000000, -0.0000000000000000000, -1.000000000000000000 ) ) ;
#6021 = ORIENTED_EDGE ( 'NONE', *, *, #2814, .F. ) ;
#6022 = EDGE_CURVE ( 'NONE', #4912, #3078, #2000, .T. ) ;
#6023 = B_SPLINE_CURVE_WITH_KNOTS ( 'NONE', 3,
 ( #1268, #633, #5839, #2233 ),
 .UNSPECIFIED., .F., .F.,
 ( 4, 4 ),
 ( 1.226634733346699349E-18, 0.0001869162134240199636 ),
 .UNSPECIFIED. ) ;
#6024 = DIRECTION ( 'NONE',  ( 0.0000000000000000000, 0.0000000000000000000, 1.000000000000000000 ) ) ;
#6025 = ORIENTED_EDGE ( 'NONE', *, *, #112, .T. ) ;
#6026 =( NAMED_UNIT ( * ) PLANE_ANGLE_UNIT ( ) SI_UNIT ( $, .RADIAN. ) );
#6027 = CARTESIAN_POINT ( 'NONE',  ( -65.42334216101941990, 2.911987463444821511, 8.410132520521921506 ) ) ;
#6028 = DIRECTION ( 'NONE',  ( 0.0000000000000000000, 0.0000000000000000000, 1.000000000000000000 ) ) ;
#6029 = CARTESIAN_POINT ( 'NONE',  ( -64.61217471710324389, 1.903837158139968677, 8.693989391420396728 ) ) ;
#6030 = CYLINDRICAL_SURFACE ( 'NONE', #488, 1.010131987423237732 ) ;
#6031 = EDGE_LOOP ( 'NONE', ( #3010, #1478, #1139, #646 ) ) ;
#6032 = ORIENTED_EDGE ( 'NONE', *, *, #2909, .T. ) ;
#6033 = CARTESIAN_POINT ( 'NONE',  ( -65.72138543276243183, 0.5383745922613161206, 8.884972580952714694 ) ) ;
#6034 = ORIENTED_EDGE ( 'NONE', *, *, #1405, .T. ) ;
#6035 = FACE_OUTER_BOUND ( 'NONE', #4618, .T. ) ;
#6036 = CARTESIAN_POINT ( 'NONE',  ( -66.62235942056270233, 3.730624809265150166, -10.09999999999999964 ) ) ;
#6037 = CARTESIAN_POINT ( 'NONE',  ( -67.36497556754837035, 1.001215341119191526, -10.09999999999999964 ) ) ;
#6038 = B_SPLINE_CURVE_WITH_KNOTS ( 'NONE', 3,
 ( #4277, #1432, #5998, #5448 ),
 .UNSPECIFIED., .F., .F.,
 ( 4, 4 ),
 ( 0.0000000000000000000, 1.000000000000000000 ),
 .UNSPECIFIED. ) ;
#6039 = EDGE_CURVE ( 'NONE', #6491, #6388, #1444, .T. ) ;
#6040 = DIRECTION ( 'NONE',  ( 1.000000000000000000, 0.0000000000000000000, 0.0000000000000000000 ) ) ;
#6041 = ORIENTED_EDGE ( 'NONE', *, *, #1248, .F. ) ;
#6042 = CARTESIAN_POINT ( 'NONE',  ( -98.70000000000001705, 0.0000000000000000000, -6.043631953792189659E-15 ) ) ;
#6043 = FACE_OUTER_BOUND ( 'NONE', #2933, .T. ) ;
#6044 = VERTEX_POINT ( 'NONE', #915 ) ;
#6045 = EDGE_LOOP ( 'NONE', ( #5079, #3747, #4643, #1451 ) ) ;
#6046 = LINE ( 'NONE', #358, #1443 ) ;
#6047 = AXIS2_PLACEMENT_3D ( 'NONE', #4088, #2968, #5143 ) ;
#6048 = CARTESIAN_POINT ( 'NONE',  ( -67.04762754077422926, 3.158250808280441468, 8.534368859616753511 ) ) ;
#6049 = CARTESIAN_POINT ( 'NONE',  ( -66.62585213852877075, 1.508106468476783091, 8.974163742660948628 ) ) ;
#6050 = EDGE_CURVE ( 'NONE', #5384, #5271, #4574, .T. ) ;
#6051 = EDGE_CURVE ( 'NONE', #3589, #6244, #4942, .T. ) ;
#6052 = VERTEX_POINT ( 'NONE', #7089 ) ;
#6053 = CARTESIAN_POINT ( 'NONE',  ( -67.19247447104520177, 1.275477666514063246, 9.010169627827441019 ) ) ;
#6054 = AXIS2_PLACEMENT_3D ( 'NONE', #4390, #5589, #5553 ) ;
#6055 = CARTESIAN_POINT ( 'NONE',  ( -84.00000000000000000, -2.989791781107580704, 8.594832465244557795 ) ) ;
#6056 = ORIENTED_EDGE ( 'NONE', *, *, #154, .F. ) ;
#6057 = ORIENTED_EDGE ( 'NONE', *, *, #2436, .F. ) ;
#6058 = CARTESIAN_POINT ( 'NONE',  ( -64.61911213722835612, -4.083775139776214758, 8.132206380051233197 ) ) ;
#6059 = FACE_OUTER_BOUND ( 'NONE', #4904, .T. ) ;
#6060 = EDGE_CURVE ( 'NONE', #4790, #6482, #1895, .T. ) ;
#6061 = DIRECTION ( 'NONE',  ( -0.0000000000000000000, -0.0000000000000000000, 1.000000000000000000 ) ) ;
#6062 = DIRECTION ( 'NONE',  ( 0.0000000000000000000, 0.0000000000000000000, 1.000000000000000000 ) ) ;
#6063 = ORIENTED_EDGE ( 'NONE', *, *, #5778, .F. ) ;
#6064 = ORIENTED_EDGE ( 'NONE', *, *, #4256, .T. ) ;
#6065 = EDGE_CURVE ( 'NONE', #4850, #316, #1948, .T. ) ;
#6066 = SURFACE_SIDE_STYLE ('',( #4416 ) ) ;
#6067 = DIRECTION ( 'NONE',  ( 0.0000000000000000000, 0.0000000000000000000, -1.000000000000000000 ) ) ;
#6068 = CARTESIAN_POINT ( 'NONE',  ( -66.54109963547969642, 0.7012687548641189927, -10.09999999999999964 ) ) ;
#6069 = CARTESIAN_POINT ( 'NONE',  ( -66.59306328078704951, -3.679817955006755792, 8.104715702348732620 ) ) ;
#6070 = VERTEX_POINT ( 'NONE', #6166 ) ;
#6071 = ORIENTED_EDGE ( 'NONE', *, *, #2484, .F. ) ;
#6072 = ORIENTED_EDGE ( 'NONE', *, *, #1452, .F. ) ;
#6073 = CARTESIAN_POINT ( 'NONE',  ( -66.94076318105057055, 1.444926967125971684, 8.984552635477871974 ) ) ;
#6074 = DIRECTION ( 'NONE',  ( -0.0000000000000000000, -0.0000000000000000000, -1.000000000000000000 ) ) ;
#6075 = CARTESIAN_POINT ( 'NONE',  ( -64.65388574423880641, -0.3119339748407259361, 9.094652120633327286 ) ) ;
#6076 = DIRECTION ( 'NONE',  ( 1.000000000000000000, 0.0000000000000000000, 0.0000000000000000000 ) ) ;
#6077 = FACE_OUTER_BOUND ( 'NONE', #88, .T. ) ;
#6078 = FACE_OUTER_BOUND ( 'NONE', #5226, .T. ) ;
#6079 = DIRECTION ( 'NONE',  ( -1.000000000000000000, 0.0000000000000000000, 0.0000000000000000000 ) ) ;
#6080 = EDGE_LOOP ( 'NONE', ( #5248, #3731, #4430, #5001 ) ) ;
#6081 = EDGE_LOOP ( 'NONE', ( #6448, #5033, #691, #1434, #1517 ) ) ;
#6082 = DIRECTION ( 'NONE',  ( -1.000000000000000000, 0.0000000000000000000, 0.0000000000000000000 ) ) ;
#6083 = CARTESIAN_POINT ( 'NONE',  ( -66.98318744662110191, 1.015212420700657203, 8.841908376637665157 ) ) ;
#6084 = CARTESIAN_POINT ( 'NONE',  ( -65.53325470892889371, -4.592353340137020901, -10.09999999999999964 ) ) ;
#6085 = ORIENTED_EDGE ( 'NONE', *, *, #2960, .F. ) ;
#6086 = CARTESIAN_POINT ( 'NONE',  ( -64.95940743066940115, -0.1939808745232452503, 9.097932260701847795 ) ) ;
#6087 = CARTESIAN_POINT ( 'NONE',  ( -66.43981237135781726, 3.346948729028490277, 8.246692319060700882 ) ) ;
#6088 = ORIENTED_EDGE ( 'NONE', *, *, #4858, .F. ) ;
#6089 = ORIENTED_EDGE ( 'NONE', *, *, #3167, .F. ) ;
#6090 = EDGE_CURVE ( 'NONE', #7313, #7314, #4842, .T. ) ;
#6091 = EDGE_CURVE ( 'NONE', #6124, #2075, #6279, .T. ) ;
#6092 = CARTESIAN_POINT ( 'NONE',  ( -65.80981733638479625, 3.327882819957734384, 8.254641237064845427 ) ) ;
#6093 =( NAMED_UNIT ( * ) PLANE_ANGLE_UNIT ( ) SI_UNIT ( $, .RADIAN. ) );
#6094 = CARTESIAN_POINT ( 'NONE',  ( -71.30020535340770493, 0.0000000000000000000, 1.309763523969001123E-14 ) ) ;
#6095 = CARTESIAN_POINT ( 'NONE',  ( -66.55199676638301298, 2.315103975931810165, 8.593619352788724797 ) ) ;
#6096 = DIRECTION ( 'NONE',  ( 0.0000000000000000000, 0.0000000000000000000, -1.000000000000000000 ) ) ;
#6097 = ORIENTED_EDGE ( 'NONE', *, *, #5192, .F. ) ;
#6098 = PRESENTATION_LAYER_ASSIGNMENT (  '', '', ( #4906 ) ) ;
#6099 = DIRECTION ( 'NONE',  ( 0.0000000000000000000, 0.0000000000000000000, 1.000000000000000000 ) ) ;
#6100 = ORIENTED_EDGE ( 'NONE', *, *, #5634, .F. ) ;
#6101 = ADVANCED_FACE ( 'NONE', ( #5568 ), #7320, .T. ) ;
#6102 = CARTESIAN_POINT ( 'NONE',  ( -67.30140059490987881, 2.362104030080114825, 8.580819573390380484 ) ) ;
#6103 = VECTOR ( 'NONE', #6432, 1000.000000000000000 ) ;
#6104 = CARTESIAN_POINT ( 'NONE',  ( -67.42247593304968234, 0.6437229556095533933, 8.876689740912517834 ) ) ;
#6105 = DIRECTION ( 'NONE',  ( 0.0000000000000000000, 0.0000000000000000000, -1.000000000000000000 ) ) ;
#6106 = ADVANCED_FACE ( 'NONE', ( #4938 ), #6201, .T. ) ;
#6107 = CARTESIAN_POINT ( 'NONE',  ( -66.80599676638300366, -1.150937614440910250, -10.09999999999999964 ) ) ;
#6108 = DIRECTION ( 'NONE',  ( -1.000000000000000000, -0.0000000000000000000, 1.836970198721029934E-16 ) ) ;
#6109 = VECTOR ( 'NONE', #802, 1000.000000000000000 ) ;
#6110 = ORIENTED_EDGE ( 'NONE', *, *, #261, .F. ) ;
#6111 = B_SPLINE_CURVE_WITH_KNOTS ( 'NONE', 3,
 ( #7439, #2282, #2921, #4638 ),
 .UNSPECIFIED., .F., .F.,
 ( 4, 4 ),
 ( 3.291406376790657244E-17, 0.0002371129632910721693 ),
 .UNSPECIFIED. ) ;
#6112 = CIRCLE ( 'NONE', #4194, 8.900000000000000355 ) ;
#6113 = DIRECTION ( 'NONE',  ( -0.0000000000000000000, 0.0000000000000000000, 1.000000000000000000 ) ) ;
#6114 = ADVANCED_FACE ( 'NONE', ( #6733 ), #5078, .F. ) ;
#6115 = DIRECTION ( 'NONE',  ( 0.0000000000000000000, 0.0000000000000000000, -1.000000000000000000 ) ) ;
#6116 = PRESENTATION_LAYER_ASSIGNMENT (  '', '', ( #1926 ) ) ;
#6117 = AXIS2_PLACEMENT_3D ( 'NONE', #7201, #4254, #6547 ) ;
#6118 = CARTESIAN_POINT ( 'NONE',  ( -67.19247447104407911, 1.275477666515214770, 8.808130149028290390 ) ) ;
#6119 = CARTESIAN_POINT ( 'NONE',  ( -67.42247593304969655, 0.7097910647482885693, 9.072518040303201303 ) ) ;
#6120 = ORIENTED_EDGE ( 'NONE', *, *, #5236, .F. ) ;
#6121 = DIRECTION ( 'NONE',  ( -3.749399456654620072E-33, 1.000000000000000000, 6.123233995736732756E-17 ) ) ;
#6122 = CARTESIAN_POINT ( 'NONE',  ( -67.39972879218045421, 0.3940313198818710116, 9.091628459575780141 ) ) ;
#6123 = VERTEX_POINT ( 'NONE', #3941 ) ;
#6124 = VERTEX_POINT ( 'NONE', #1597 ) ;
#6125 = EDGE_CURVE ( 'NONE', #1397, #2855, #3870, .T. ) ;
#6126 = AXIS2_PLACEMENT_3D ( 'NONE', #6084, #913, #5566 ) ;
#6127 = FACE_OUTER_BOUND ( 'NONE', #5009, .T. ) ;
#6128 = AXIS2_PLACEMENT_3D ( 'NONE', #799, #2524, #4812 ) ;
#6129 = DIRECTION ( 'NONE',  ( 1.000000000000000000, 0.0000000000000000000, 6.123233995736789455E-17 ) ) ;
#6130 = COLOUR_RGB ( '',1.000000000000000000, 0.5999999999999999778, 0.2000000000000000111 ) ;
#6131 = CARTESIAN_POINT ( 'NONE',  ( -66.98421006156468138, 2.473063153642511836, 8.757508700429362136 ) ) ;
#6132 = ORIENTED_EDGE ( 'NONE', *, *, #7368, .T. ) ;
#6133 = CARTESIAN_POINT ( 'NONE',  ( -64.80403422420958748, -5.554318090070113456, 7.208841946697954306 ) ) ;
#6134 = CARTESIAN_POINT ( 'NONE',  ( -67.04632603418694714, -5.079527121562817271, 7.308105378366402505 ) ) ;
#6135 = VERTEX_POINT ( 'NONE', #5600 ) ;
#6136 = VECTOR ( 'NONE', #3360, 1000.000000000000000 ) ;
#6137 = FACE_OUTER_BOUND ( 'NONE', #458, .T. ) ;
#6138 = CARTESIAN_POINT ( 'NONE',  ( -71.30020535340770493, 0.0000000000000000000, 1.309763523969001123E-14 ) ) ;
#6139 = FACE_OUTER_BOUND ( 'NONE', #504, .T. ) ;
#6140 = EDGE_CURVE ( 'NONE', #4849, #1543, #4753, .T. ) ;
#6141 = CARTESIAN_POINT ( 'NONE',  ( -64.58904986792431657, -5.238804307657050963, 7.440761347205950393 ) ) ;
#6142 = VERTEX_POINT ( 'NONE', #2080 ) ;
#6143 = CARTESIAN_POINT ( 'NONE',  ( -84.00000000000000000, 0.0000000000000000000, 1.543054966925670124E-14 ) ) ;
#6144 = CARTESIAN_POINT ( 'NONE',  ( -66.63906409223267246, -5.464113329373209815, 7.277004674749611546 ) ) ;
#6145 =( GEOMETRIC_REPRESENTATION_CONTEXT ( 3 ) GLOBAL_UNCERTAINTY_ASSIGNED_CONTEXT ( ( #2654 ) ) GLOBAL_UNIT_ASSIGNED_CONTEXT ( ( #3688, #5121, #1565 ) ) REPRESENTATION_CONTEXT ( 'NONE', 'WORKASPACE' ) );
#6146 = CARTESIAN_POINT ( 'NONE',  ( -67.40789909149133052, 0.4484511536033935486, 8.888694592730249866 ) ) ;
#6147 = EDGE_CURVE ( 'NONE', #1395, #1253, #3051, .T. ) ;
#6148 = CARTESIAN_POINT ( 'NONE',  ( -64.96182552421112177, 2.436396897124870620, 8.767780229891743105 ) ) ;
#6149 = LINE ( 'NONE', #1012, #3487 ) ;
#6150 = AXIS2_PLACEMENT_3D ( 'NONE', #2071, #1055, #3329 ) ;
#6151 = VERTEX_POINT ( 'NONE', #2117 ) ;
#6152 = CARTESIAN_POINT ( 'NONE',  ( -65.72163704013675556, 2.761168790108265547, 8.672404920821175978 ) ) ;
#6153 = ORIENTED_EDGE ( 'NONE', *, *, #4323, .F. ) ;
#6154 = LINE ( 'NONE', #1019, #4322 ) ;
#6155 = ADVANCED_FACE ( 'NONE', ( #4404 ), #6696, .F. ) ;
#6156 = FILL_AREA_STYLE_COLOUR ( '', #1484 ) ;
#6157 = CARTESIAN_POINT ( 'NONE',  ( -67.09269244943108390, 0.8470955595451159503, 8.859595313161834795 ) ) ;
#6158 = CYLINDRICAL_SURFACE ( 'NONE', #6150, 0.7060209900584674125 ) ;
#6159 = CARTESIAN_POINT ( 'NONE',  ( -67.40675155075442149, 3.063003179983808888, 8.356315666572754708 ) ) ;
#6160 = ORIENTED_EDGE ( 'NONE', *, *, #5794, .F. ) ;
#6161 = VERTEX_POINT ( 'NONE', #3457 ) ;
#6162 = EDGE_CURVE ( 'NONE', #872, #6603, #5831, .T. ) ;
#6163 = CARTESIAN_POINT ( 'NONE',  ( -103.2999999999999972, 0.0000000000000000000, -6.325300717596081604E-15 ) ) ;
#6164 = EDGE_CURVE ( 'NONE', #4690, #1197, #290, .T. ) ;
#6165 = VERTEX_POINT ( 'NONE', #133 ) ;
#6166 = CARTESIAN_POINT ( 'NONE',  ( -65.75358379238356576, 3.269755561763377116, 8.277602223247843227 ) ) ;
#6167 = LINE ( 'NONE', #3306, #3962 ) ;
#6168 = ORIENTED_EDGE ( 'NONE', *, *, #2362, .T. ) ;
#6169 = ORIENTED_EDGE ( 'NONE', *, *, #462, .F. ) ;
#6170 = B_SPLINE_CURVE_WITH_KNOTS ( 'NONE', 3,
 ( #6148, #2587, #3217, #1541 ),
 .UNSPECIFIED., .F., .F.,
 ( 4, 4 ),
 ( 1.218033201470326201E-13, 0.0001126670821739703978 ),
 .UNSPECIFIED. ) ;
#6171 = B_SPLINE_CURVE_WITH_KNOTS ( 'NONE', 3,
 ( #3373, #5593, #1023, #1057 ),
 .UNSPECIFIED., .F., .F.,
 ( 4, 4 ),
 ( 1.168343127817393710E-13, 0.0002267414073475365914 ),
 .UNSPECIFIED. ) ;
#6172 = FILL_AREA_STYLE ('',( #3874 ) ) ;
#6173 = DIRECTION ( 'NONE',  ( 0.0000000000000000000, 0.0000000000000000000, 1.000000000000000000 ) ) ;
#6174 = VECTOR ( 'NONE', #856, 1000.000000000000000 ) ;
#6175 = DIRECTION ( 'NONE',  ( 1.000000000000000000, 0.0000000000000000000, 0.0000000000000000000 ) ) ;
#6176 = CARTESIAN_POINT ( 'NONE',  ( -67.13062122816788246, -0.06847966452059697784, 9.100000000000012079 ) ) ;
#6177 = CARTESIAN_POINT ( 'NONE',  ( -64.77395546497760392, 1.942041475931258088, 8.685532505595897845 ) ) ;
#6178 = EDGE_LOOP ( 'NONE', ( #57, #3374, #1340, #528 ) ) ;
#6179 = DIRECTION ( 'NONE',  ( -0.0000000000000000000, -0.0000000000000000000, -1.000000000000000000 ) ) ;
#6180 = VECTOR ( 'NONE', #3191, 1000.000000000000000 ) ;
#6181 = SURFACE_SIDE_STYLE ('',( #5092 ) ) ;
#6182 = SURFACE_STYLE_FILL_AREA ( #5774 ) ;
#6183 = CARTESIAN_POINT ( 'NONE',  ( -67.12878843304969223, 2.782527552876864707, 8.454229881348489073 ) ) ;
#6184 = CYLINDRICAL_SURFACE ( 'NONE', #6224, 0.9105501056672488103 ) ;
#6185 = CARTESIAN_POINT ( 'NONE',  ( -67.29233950877369352, 3.372071188008660680, 8.452167526912967688 ) ) ;
#6186 = ORIENTED_EDGE ( 'NONE', *, *, #2565, .F. ) ;
#6187 = EDGE_CURVE ( 'NONE', #6161, #5972, #178, .T. ) ;
#6188 = CARTESIAN_POINT ( 'NONE',  ( -65.93034995837960821, 3.436069172328130694, 8.209959113355951743 ) ) ;
#6189 = EDGE_CURVE ( 'NONE', #6611, #574, #6811, .T. ) ;
#6190 = CARTESIAN_POINT ( 'NONE',  ( -66.59570156756829817, 2.772964243852110044, -10.09999999999999964 ) ) ;
#6191 = CYLINDRICAL_SURFACE ( 'NONE', #3240, 10.39120178563709906 ) ;
#6192 = ORIENTED_EDGE ( 'NONE', *, *, #146, .T. ) ;
#6193 = CARTESIAN_POINT ( 'NONE',  ( -67.04632603418694714, -5.079527121562817271, 7.308105378366402505 ) ) ;
#6194 = FACE_OUTER_BOUND ( 'NONE', #1458, .T. ) ;
#6195 = CARTESIAN_POINT ( 'NONE',  ( -65.83307371186020873, -4.722719301406029579, -10.09999999999999964 ) ) ;
#6196 = VERTEX_POINT ( 'NONE', #5112 ) ;
#6197 = CARTESIAN_POINT ( 'NONE',  ( -66.99300346691181574, -4.197924817093067418, 7.847765748056984236 ) ) ;
#6198 = ADVANCED_FACE ( 'NONE', ( #3420 ), #553, .T. ) ;
#6199 = CYLINDRICAL_SURFACE ( 'NONE', #6971, 2.582112531085214879 ) ;
#6200 = VERTEX_POINT ( 'NONE', #5273 ) ;
#6201 = CYLINDRICAL_SURFACE ( 'NONE', #5066, 0.5112226280930276534 ) ;
#6202 = CARTESIAN_POINT ( 'NONE',  ( -66.45265163417340659, 1.491279525701996178, 8.976975291055570239 ) ) ;
#6203 = ORIENTED_EDGE ( 'NONE', *, *, #295, .T. ) ;
#6204 = EDGE_CURVE ( 'NONE', #6726, #5887, #3399, .T. ) ;
#6205 = VERTEX_POINT ( 'NONE', #1263 ) ;
#6206 = CARTESIAN_POINT ( 'NONE',  ( -65.86871991139202009, 3.383318265245971013, 8.232036661262688071 ) ) ;
#6207 = SURFACE_SIDE_STYLE ('',( #2756 ) ) ;
#6208 = CARTESIAN_POINT ( 'NONE',  ( -65.44359930859961594, -3.511021024068192276, 8.395399416856314190 ) ) ;
#6209 = LINE ( 'NONE', #3352, #3266 ) ;
#6210 = CARTESIAN_POINT ( 'NONE',  ( -67.12878843304980592, 2.897093321563284807, 8.626615173740100673 ) ) ;
#6211 = EDGE_LOOP ( 'NONE', ( #4383, #1546, #6230, #3976 ) ) ;
#6212 = EDGE_LOOP ( 'NONE', ( #2232, #6168, #3624, #6836, #73, #5820 ) ) ;
#6213 = CARTESIAN_POINT ( 'NONE',  ( -66.12380674298974270, 3.580039177987058618, 8.148209587638129747 ) ) ;
#6214 = ADVANCED_FACE ( 'NONE', ( #5798 ), #2942, .F. ) ;
#6215 = CARTESIAN_POINT ( 'NONE',  ( -65.59304757032762723, 0.3882346920049681849, 8.891528205203199420 ) ) ;
#6216 = CARTESIAN_POINT ( 'NONE',  ( -65.96554434148140444, -4.658651222308310302, -10.09999999999999964 ) ) ;
#6217 = DIRECTION ( 'NONE',  ( -0.0000000000000000000, -0.0000000000000000000, -1.000000000000000000 ) ) ;
#6218 = DIRECTION ( 'NONE',  ( 1.000000000000000000, 0.0000000000000000000, -1.836970198721029934E-16 ) ) ;
#6219 = DIRECTION ( 'NONE',  ( 0.0000000000000000000, 2.842170943040400743E-14, -1.000000000000000000 ) ) ;
#6220 = VERTEX_POINT ( 'NONE', #5834 ) ;
#6221 = DIRECTION ( 'NONE',  ( 0.0000000000000000000, 0.0000000000000000000, -1.000000000000000000 ) ) ;
#6222 = DIRECTION ( 'NONE',  ( 0.0000000000000000000, 0.0000000000000000000, 1.000000000000000000 ) ) ;
#6223 = LINE ( 'NONE', #6795, #3014 ) ;
#6224 = AXIS2_PLACEMENT_3D ( 'NONE', #3321, #45, #1763 ) ;
#6225 = ADVANCED_FACE ( 'NONE', ( #6889 ), #1745, .T. ) ;
#6226 = FACE_OUTER_BOUND ( 'NONE', #326, .T. ) ;
#6227 = CARTESIAN_POINT ( 'NONE',  ( -66.63283757446089339, 3.730569328873804658, 8.300171834514406655 ) ) ;
#6228 = EDGE_CURVE ( 'NONE', #4227, #3158, #7013, .T. ) ;
#6229 = CARTESIAN_POINT ( 'NONE',  ( -67.40789909148870152, 2.670951000997965785, 8.489759758100824172 ) ) ;
#6230 = ORIENTED_EDGE ( 'NONE', *, *, #6375, .T. ) ;
#6231 = ORIENTED_EDGE ( 'NONE', *, *, #5900, .F. ) ;
#6232 = DIRECTION ( 'NONE',  ( 1.000000000000000000, 0.0000000000000000000, 0.0000000000000000000 ) ) ;
#6233 = DIRECTION ( 'NONE',  ( -0.0000000000000000000, -0.0000000000000000000, -1.000000000000000000 ) ) ;
#6234 = AXIS2_PLACEMENT_3D ( 'NONE', #1520, #3719, #5003 ) ;
#6235 = AXIS2_PLACEMENT_3D ( 'NONE', #5446, #3222, #5994 ) ;
#6236 = DIRECTION ( 'NONE',  ( 0.0000000000000000000, 0.0000000000000000000, 1.000000000000000000 ) ) ;
#6237 = EDGE_LOOP ( 'NONE', ( #516, #2121, #7301, #3029 ) ) ;
#6238 = CARTESIAN_POINT ( 'NONE',  ( -66.43981237135851359, 1.124448881616623597, -10.09999999999999964 ) ) ;
#6239 = EDGE_CURVE ( 'NONE', #6000, #4758, #5216, .T. ) ;
#6240 = LINE ( 'NONE', #2716, #5885 ) ;
#6241 = AXIS2_PLACEMENT_3D ( 'NONE', #1583, #6651, #425 ) ;
#6242 = EDGE_LOOP ( 'NONE', ( #7103, #1361, #1398, #3908 ) ) ;
#6243 = AXIS2_PLACEMENT_3D ( 'NONE', #1109, #3383, #728 ) ;
#6244 = VERTEX_POINT ( 'NONE', #6281 ) ;
#6245 = AXIS2_PLACEMENT_3D ( 'NONE', #624, #6236, #4058 ) ;
#6246 = ADVANCED_FACE ( 'NONE', ( #6437 ), #1146, .F. ) ;
#6247 = SURFACE_STYLE_USAGE ( .BOTH. , #2911 ) ;
#6248 = VECTOR ( 'NONE', #3750, 1000.000000000000000 ) ;
#6249 = LINE ( 'NONE', #1113, #3349 ) ;
#6250 = CARTESIAN_POINT ( 'NONE',  ( -65.50825982091213007, -3.755700344007021130, 8.069858605768175153 ) ) ;
#6251 = CARTESIAN_POINT ( 'NONE',  ( -64.82847097727395180, -4.891803077895056973, 7.435216675177175105 ) ) ;
#6252 = CARTESIAN_POINT ( 'NONE',  ( -84.00000000000000000, 0.0000000000000000000, 1.543054966925670124E-14 ) ) ;
#6253 = LINE ( 'NONE', #6781, #6841 ) ;
#6254 = EDGE_LOOP ( 'NONE', ( #12, #2447, #4894, #3115 ) ) ;
#6255 = ORIENTED_EDGE ( 'NONE', *, *, #592, .F. ) ;
#6256 = CARTESIAN_POINT ( 'NONE',  ( -65.59304757034269073, 2.610734538977728114, 8.508470201334016991 ) ) ;
#6257 = CARTESIAN_POINT ( 'NONE',  ( -66.98440449857443468, 1.013994926058642276, 8.842048082312578217 ) ) ;
#6258 = AXIS2_PLACEMENT_3D ( 'NONE', #890, #7142, #2012 ) ;
#6259 = DIRECTION ( 'NONE',  ( -0.0000000000000000000, -0.0000000000000000000, -1.000000000000000000 ) ) ;
#6261 = B_SPLINE_CURVE_WITH_KNOTS ( 'NONE', 3,
 ( #3104, #2478, #1881, #1394 ),
 .UNSPECIFIED., .F., .F.,
 ( 4, 4 ),
 ( 0.0000000000000000000, 1.000000000000000000 ),
 .UNSPECIFIED. ) ;
#6260 = CARTESIAN_POINT ( 'NONE',  ( -66.84356176990318943, 3.707824888442943223, 8.310474298919489300 ) ) ;
#6262 = CARTESIAN_POINT ( 'NONE',  ( -66.20392500701476024, 0.9993188375789067157, 9.044963342151264740 ) ) ;
#6263 = DIRECTION ( 'NONE',  ( 0.0000000000000000000, 0.0000000000000000000, 1.000000000000000000 ) ) ;
#6264 = VERTEX_POINT ( 'NONE', #5156 ) ;
#6265 = AXIS2_PLACEMENT_3D ( 'NONE', #1497, #2613, #257 ) ;
#6266 = CARTESIAN_POINT ( 'NONE',  ( -64.63844492227231342, -5.338476392201660481, 7.121385136849905706 ) ) ;
#6267 = DIRECTION ( 'NONE',  ( 1.000000000000000000, 0.0000000000000000000, 0.0000000000000000000 ) ) ;
#6268 = COLOUR_RGB ( '',0.4000000000000000222, 0.2000000000000000111, 0.0000000000000000000 ) ;
#6269 = ORIENTED_EDGE ( 'NONE', *, *, #1802, .T. ) ;
#6270 = CARTESIAN_POINT ( 'NONE',  ( -65.54008956189940704, -3.876146024068184204, 8.011584861942145253 ) ) ;
#6271 = CARTESIAN_POINT ( 'NONE',  ( -67.23037736533245834, 1.237138754384933925, 8.813681886497343854 ) ) ;
#6272 = DIRECTION ( 'NONE',  ( 1.000000000000000000, 0.0000000000000000000, 0.0000000000000000000 ) ) ;
#6273 = VERTEX_POINT ( 'NONE', #4590 ) ;
#6274 = ORIENTED_EDGE ( 'NONE', *, *, #3891, .F. ) ;
#6275 = LINE ( 'NONE', #4542, #1277 ) ;
#6276 = PRESENTATION_LAYER_ASSIGNMENT (  '', '', ( #1128 ) ) ;
#6277 = CARTESIAN_POINT ( 'NONE',  ( -67.60939274100519469, 1.474406495591809918, -10.09999999999999964 ) ) ;
#6278 = DIRECTION ( 'NONE',  ( -1.000000000000000000, -0.0000000000000000000, 1.836970198721029934E-16 ) ) ;
#6279 = B_SPLINE_CURVE_WITH_KNOTS ( 'NONE', 3,
 ( #1632, #5495, #436, #402 ),
 .UNSPECIFIED., .F., .F.,
 ( 4, 4 ),
 ( 3.750601434665376626E-15, 0.0001853348891742590411 ),
 .UNSPECIFIED. ) ;
#6280 = ORIENTED_EDGE ( 'NONE', *, *, #1364, .T. ) ;
#6281 = CARTESIAN_POINT ( 'NONE',  ( -67.30140059495593619, 0.1396041827471032892, 8.898905026583872058 ) ) ;
#6282 = DIRECTION ( 'NONE',  ( 0.0000000000000000000, 0.0000000000000000000, 1.000000000000000000 ) ) ;
#6283 = ORIENTED_EDGE ( 'NONE', *, *, #462, .T. ) ;
#6284 = EDGE_LOOP ( 'NONE', ( #396, #5737, #6960, #3861, #6459 ) ) ;
#6285 = B_SPLINE_CURVE_WITH_KNOTS ( 'NONE', 3,
 ( #2021, #899, #5481, #4917 ),
 .UNSPECIFIED., .F., .F.,
 ( 4, 4 ),
 ( 1.492353529367602987E-15, 0.0002834424162267679104 ),
 .UNSPECIFIED. ) ;
#6286 = ADVANCED_FACE ( 'NONE', ( #6572 ), #831, .T. ) ;
#6287 = EDGE_CURVE ( 'NONE', #1834, #3589, #725, .T. ) ;
#6288 = LINE ( 'NONE', #2384, #1472 ) ;
#6289 = DIRECTION ( 'NONE',  ( 1.000000000000000000, 0.0000000000000000000, -1.836970198721029934E-16 ) ) ;
#6290 = CARTESIAN_POINT ( 'NONE',  ( -67.16301935781316956, -5.509046365411585100, 6.990768199797772198 ) ) ;
#6291 = CARTESIAN_POINT ( 'NONE',  ( -67.12878843304970644, 0.6361575315631595728, 8.877235132350371316 ) ) ;
#6292 = CARTESIAN_POINT ( 'NONE',  ( -64.80574676638303799, -4.686556477450651848, 7.800396681173690894 ) ) ;
#6293 = FACE_OUTER_BOUND ( 'NONE', #405, .T. ) ;
#6294 = VERTEX_POINT ( 'NONE', #6507 ) ;
#6295 = ORIENTED_EDGE ( 'NONE', *, *, #2037, .F. ) ;
#6296 = CARTESIAN_POINT ( 'NONE',  ( -65.58725965706305772, -5.920358933690800463, 6.645250190645020538 ) ) ;
#6297 = VECTOR ( 'NONE', #1142, 1000.000000000000000 ) ;
#6298 = EDGE_CURVE ( 'NONE', #2638, #1623, #2873, .T. ) ;
#6299 = LINE ( 'NONE', #2876, #6744 ) ;
#6300 = B_SPLINE_CURVE_WITH_KNOTS ( 'NONE', 3,
 ( #329, #1052, #3927, #6048 ),
 .UNSPECIFIED., .F., .F.,
 ( 4, 4 ),
 ( 3.127317220692750759E-18, 0.0001047928272546637738 ),
 .UNSPECIFIED. ) ;
#6301 = CARTESIAN_POINT ( 'NONE',  ( -66.39391368865371135, 3.702002513766969205, 8.093537256580951578 ) ) ;
#6302 = FACE_OUTER_BOUND ( 'NONE', #1161, .T. ) ;
#6303 = CARTESIAN_POINT ( 'NONE',  ( -66.28224579139306627, 3.662432598229491187, 8.330461419598929496 ) ) ;
#6304 = EDGE_LOOP ( 'NONE', ( #2272, #1503, #5433, #1859 ) ) ;
#6305 =( BOUNDED_CURVE ( )  B_SPLINE_CURVE ( 3, ( #2423, #1863, #4141, #7058 ),
 .UNSPECIFIED., .F., .T. ) 
 B_SPLINE_CURVE_WITH_KNOTS ( ( 4, 4 ),
 ( 5.114172011226521875, 5.157548797224293047 ),
 .UNSPECIFIED. ) 
 CURVE ( )  GEOMETRIC_REPRESENTATION_ITEM ( )  RATIONAL_B_SPLINE_CURVE ( ( 1.000000000000000000, 0.9998432106824832744, 0.9998432106824832744, 1.000000000000000000 ) ) 
 REPRESENTATION_ITEM ( '' )  );
#6306 = CARTESIAN_POINT ( 'NONE',  ( -84.00000000000000000, 0.0000000000000000000, 1.543054966925670124E-14 ) ) ;
#6307 = COLOUR_RGB ( '',0.5607843137254902022, 0.5607843137254902022, 0.5607843137254902022 ) ;
#6308 = CARTESIAN_POINT ( 'NONE',  ( -67.31706514042663514, -5.272338620232358330, 7.417301419114616046 ) ) ;
#6309 = CARTESIAN_POINT ( 'NONE',  ( -66.35570964305630071, 1.092942507096331450, 9.034184230971334273 ) ) ;
#6310 = DIRECTION ( 'NONE',  ( 0.0000000000000000000, 0.0000000000000000000, 1.000000000000000000 ) ) ;
#6311 = ORIENTED_EDGE ( 'NONE', *, *, #6485, .F. ) ;
#6312 = DIRECTION ( 'NONE',  ( 0.0000000000000000000, 0.0000000000000000000, -1.000000000000000000 ) ) ;
#6313 = EDGE_LOOP ( 'NONE', ( #3232, #4852, #3683, #180 ) ) ;
#6314 = ORIENTED_EDGE ( 'NONE', *, *, #3619, .F. ) ;
#6315 = ORIENTED_EDGE ( 'NONE', *, *, #490, .T. ) ;
#6316 = CARTESIAN_POINT ( 'NONE',  ( -67.36915619414021705, 2.511076533017551959, 8.746684780265537640 ) ) ;
#6317 = CARTESIAN_POINT ( 'NONE',  ( -67.29233950874855452, 1.149571340636498462, 8.825445356059228530 ) ) ;
#6318 = CARTESIAN_POINT ( 'NONE',  ( -64.54199025851886518, -4.258133028619640825, 7.815260911228666174 ) ) ;
#6319 = FACE_OUTER_BOUND ( 'NONE', #2742, .T. ) ;
#6320 = ORIENTED_EDGE ( 'NONE', *, *, #3625, .F. ) ;
#6321 = CARTESIAN_POINT ( 'NONE',  ( -67.40789909149188475, 0.4484511536073493843, 9.088943368886642560 ) ) ;
#6322 = CARTESIAN_POINT ( 'NONE',  ( -65.04946277999349036, -4.097529019032304376, 8.125641264906818151 ) ) ;
#6323 = VERTEX_POINT ( 'NONE', #797 ) ;
#6324 = CARTESIAN_POINT ( 'NONE',  ( -64.80540923665652997, -3.830440640489348514, 8.034236115564262093 ) ) ;
#6325 = CARTESIAN_POINT ( 'NONE',  ( -67.09685757393405936, -4.951532554104533190, 7.395425975942373498 ) ) ;
#6326 = CARTESIAN_POINT ( 'NONE',  ( -65.54008956189940704, -3.876146024068184204, 8.011584861942145253 ) ) ;
#6327 = FACE_OUTER_BOUND ( 'NONE', #2463, .T. ) ;
#6328 = DIRECTION ( 'NONE',  ( 1.000000000000000000, 0.0000000000000000000, 0.0000000000000000000 ) ) ;
#6329 = CARTESIAN_POINT ( 'NONE',  ( -64.95940743066940115, -0.1939808745232452503, 9.097932260701847795 ) ) ;
#6330 = ORIENTED_EDGE ( 'NONE', *, *, #4704, .F. ) ;
#6331 = EDGE_CURVE ( 'NONE', #6052, #2097, #4230, .T. ) ;
#6332 = ORIENTED_EDGE ( 'NONE', *, *, #160, .F. ) ;
#6333 = ADVANCED_FACE ( 'NONE', ( #5412 ), #5375, .T. ) ;
#6334 = CARTESIAN_POINT ( 'NONE',  ( -66.63813772097159926, -3.950219945585398573, 7.975400435038356939 ) ) ;
#6335 = FACE_OUTER_BOUND ( 'NONE', #6430, .T. ) ;
#6336 = DIRECTION ( 'NONE',  ( 0.0000000000000000000, 0.0000000000000000000, 1.000000000000000000 ) ) ;
#6337 = DIRECTION ( 'NONE',  ( 0.0000000000000000000, 0.0000000000000000000, -1.000000000000000000 ) ) ;
#6338 = ADVANCED_FACE ( 'NONE', ( #1368 ), #3630, .T. ) ;
#6339 = CARTESIAN_POINT ( 'NONE',  ( -64.49670977756728973, -4.443763201226277992, 7.711223548272179151 ) ) ;
#6340 = ORIENTED_EDGE ( 'NONE', *, *, #825, .T. ) ;
#6341 = CARTESIAN_POINT ( 'NONE',  ( -65.01076934270074048, -3.685112262201200917, 8.101231240680304424 ) ) ;
#6342 = CARTESIAN_POINT ( 'NONE',  ( -67.03068665539501580, 2.520079631399669395, 8.535900313697778685 ) ) ;
#6343 = ADVANCED_FACE ( 'NONE', ( #3116 ), #3823, .T. ) ;
#6344 = VERTEX_POINT ( 'NONE', #6764 ) ;
#6345 = CARTESIAN_POINT ( 'NONE',  ( -67.39791643760264606, 0.8954331690924431930, 9.056005890473734610 ) ) ;
#6346 = CARTESIAN_POINT ( 'NONE',  ( -65.15739458887429691, 2.165862462991843707, 8.632441125857919673 ) ) ;
#6347 = VERTEX_POINT ( 'NONE', #4997 ) ;
#6348 = ADVANCED_FACE ( 'NONE', ( #6723 ), #7311, .F. ) ;
#6349 = ORIENTED_EDGE ( 'NONE', *, *, #4549, .F. ) ;
#6350 = VECTOR ( 'NONE', #5769, 1000.000000000000000 ) ;
#6351 = ORIENTED_EDGE ( 'NONE', *, *, #78, .F. ) ;
#6352 = CARTESIAN_POINT ( 'NONE',  ( -65.09254227095402712, 0.3251912732332989386, 9.094234166914816342 ) ) ;
#6353 = CARTESIAN_POINT ( 'NONE',  ( -65.15739458939239626, 2.165862463414770289, 8.838497597984124710 ) ) ;
#6354 = CARTESIAN_POINT ( 'NONE',  ( -65.33486801610118277, 2.810647383780406905, 8.655732359833875122 ) ) ;
#6355 = CARTESIAN_POINT ( 'NONE',  ( -65.59669482854140199, -4.613743168577539855, -10.09999999999999964 ) ) ;
#6356 = ORIENTED_EDGE ( 'NONE', *, *, #5056, .F. ) ;
#6357 = CARTESIAN_POINT ( 'NONE',  ( -65.99285779611270186, -5.958416857401521050, 6.611147294791846818 ) ) ;
#6358 = CARTESIAN_POINT ( 'NONE',  ( -73.00561028366129790, -0.2331160295301609731, -10.09999999999999964 ) ) ;
#6359 = EDGE_CURVE ( 'NONE', #5008, #4711, #460, .T. ) ;
#6360 = ORIENTED_EDGE ( 'NONE', *, *, #2174, .F. ) ;
#6361 = B_SPLINE_CURVE_WITH_KNOTS ( 'NONE', 3,
 ( #4003, #2324, #606, #5700 ),
 .UNSPECIFIED., .F., .F.,
 ( 4, 4 ),
 ( 2.710505431213761085E-18, 0.0001287279920103558345 ),
 .UNSPECIFIED. ) ;
#6362 = EDGE_LOOP ( 'NONE', ( #1635, #3413, #6539, #1555 ) ) ;
#6363 = B_SPLINE_CURVE_WITH_KNOTS ( 'NONE', 3,
 ( #6353, #3377, #4653, #5074 ),
 .UNSPECIFIED., .F., .F.,
 ( 4, 4 ),
 ( 4.146592457122373693E-14, 0.0002461596469386412474 ),
 .UNSPECIFIED. ) ;
#6364 = CARTESIAN_POINT ( 'NONE',  ( -73.00561028366129790, -0.2331160295301610008, 8.896946493981870319 ) ) ;
#6365 = CARTESIAN_POINT ( 'NONE',  ( -65.15739458887429691, 2.165862462991843707, 8.632441125857919673 ) ) ;
#6366 = B_SPLINE_CURVE_WITH_KNOTS ( 'NONE', 3,
 ( #993, #4547, #3871, #22 ),
 .UNSPECIFIED., .F., .F.,
 ( 4, 4 ),
 ( 1.341158160287461763E-14, 0.0001056742556273054611 ),
 .UNSPECIFIED. ) ;
#6367 = VECTOR ( 'NONE', #3863, 1000.000000000000000 ) ;
#6368 = CARTESIAN_POINT ( 'NONE',  ( -66.43265886276445542, -5.912687558050719439, 6.917378538208849292 ) ) ;
#6369 = LINE ( 'NONE', #2107, #263 ) ;
#6370 = ORIENTED_EDGE ( 'NONE', *, *, #5633, .F. ) ;
#6371 = ORIENTED_EDGE ( 'NONE', *, *, #1655, .F. ) ;
#6372 = CARTESIAN_POINT ( 'NONE',  ( -65.02918221786605102, 0.2671776551393268972, 9.096123142886188617 ) ) ;
#6373 = COLOUR_RGB ( '',0.4000000000000000222, 0.2000000000000000111, 0.0000000000000000000 ) ;
#6374 = AXIS2_PLACEMENT_3D ( 'NONE', #4109, #72, #1786 ) ;
#6375 = EDGE_CURVE ( 'NONE', #5374, #1758, #2635, .T. ) ;
#6376 = AXIS2_PLACEMENT_3D ( 'NONE', #5539, #5432, #340 ) ;
#6377 = CARTESIAN_POINT ( 'NONE',  ( -67.06577249122592832, 0.9077849617738851240, 8.853627352822870833 ) ) ;
#6378 = ORIENTED_EDGE ( 'NONE', *, *, #1335, .F. ) ;
#6379 = B_SPLINE_CURVE_WITH_KNOTS ( 'NONE', 3,
 ( #5292, #4788, #1384, #3623 ),
 .UNSPECIFIED., .F., .F.,
 ( 4, 4 ),
 ( 8.343618615693495445E-14, 0.0002818312502071432723 ),
 .UNSPECIFIED. ) ;
#6380 = CYLINDRICAL_SURFACE ( 'NONE', #2351, 0.9453145486854608315 ) ;
#6381 = AXIS2_PLACEMENT_3D ( 'NONE', #2777, #7243, #6759 ) ;
#6382 = ADVANCED_FACE ( 'NONE', ( #2219 ), #3268, .F. ) ;
#6383 = EDGE_CURVE ( 'NONE', #5171, #6399, #2181, .T. ) ;
#6384 = LINE ( 'NONE', #5259, #4457 ) ;
#6385 = FACE_OUTER_BOUND ( 'NONE', #928, .T. ) ;
#6386 = LINE ( 'NONE', #4158, #5526 ) ;
#6387 = B_SPLINE_CURVE_WITH_KNOTS ( 'NONE', 3,
 ( #1308, #5419, #4888, #7195 ),
 .UNSPECIFIED., .F., .F.,
 ( 4, 4 ),
 ( 5.366800753803246948E-18, 0.0001290594189671384064 ),
 .UNSPECIFIED. ) ;
#6388 = VERTEX_POINT ( 'NONE', #1586 ) ;
#6389 = CARTESIAN_POINT ( 'NONE',  ( -67.45094052352776259, -4.833580988921565513, 7.710155304761131312 ) ) ;
#6390 = ORIENTED_EDGE ( 'NONE', *, *, #5152, .T. ) ;
#6391 = ORIENTED_EDGE ( 'NONE', *, *, #2473, .T. ) ;
#6392 = ORIENTED_EDGE ( 'NONE', *, *, #7090, .T. ) ;
#6393 = CARTESIAN_POINT ( 'NONE',  ( -66.98318744662110191, 1.015212420664848958, 9.043193227003834878 ) ) ;
#6394 = CARTESIAN_POINT ( 'NONE',  ( -67.28809654703454157, -5.323086123188216945, -10.09999999999999964 ) ) ;
#6395 = EDGE_CURVE ( 'NONE', #2752, #2296, #7233, .T. ) ;
#6396 = VECTOR ( 'NONE', #805, 1000.000000000000000 ) ;
#6397 = CARTESIAN_POINT ( 'NONE',  ( -64.82530031146272620, -4.489986146312243243, 7.915344977914394953 ) ) ;
#6398 = CARTESIAN_POINT ( 'NONE',  ( -66.54906158164611440, -5.493204909691875137, 7.002478119932773026 ) ) ;
#6399 = VERTEX_POINT ( 'NONE', #6193 ) ;
#6400 = CARTESIAN_POINT ( 'NONE',  ( -67.34608587502948751, 3.275600303378069622, 8.275478309663874654 ) ) ;
#6401 = ORIENTED_EDGE ( 'NONE', *, *, #962, .T. ) ;
#6402 = ORIENTED_EDGE ( 'NONE', *, *, #2702, .T. ) ;
#6403 = AXIS2_PLACEMENT_3D ( 'NONE', #4965, #4926, #2138 ) ;
#6404 = ADVANCED_FACE ( 'NONE', ( #981 ), #6158, .T. ) ;
#6405 = B_SPLINE_CURVE_WITH_KNOTS ( 'NONE', 3,
 ( #5701, #6824, #7413, #1688 ),
 .UNSPECIFIED., .F., .F.,
 ( 4, 4 ),
 ( 4.228388472693467293E-18, 0.0004881478176668347128 ),
 .UNSPECIFIED. ) ;
#6406 = EDGE_CURVE ( 'NONE', #6575, #994, #1547, .T. ) ;
#6407 = DIRECTION ( 'NONE',  ( -0.0000000000000000000, -0.0000000000000000000, -1.000000000000000000 ) ) ;
#6408 = CARTESIAN_POINT ( 'NONE',  ( -67.29233950877369352, 3.372071188008660680, 8.452167526912967688 ) ) ;
#6409 = DIRECTION ( 'NONE',  ( 0.0000000000000000000, 0.0000000000000000000, 1.000000000000000000 ) ) ;
#6410 = CYLINDRICAL_SURFACE ( 'NONE', #5770, 5.371476924474621661 ) ;
#6411 = ORIENTED_EDGE ( 'NONE', *, *, #4300, .F. ) ;
#6412 = CARTESIAN_POINT ( 'NONE',  ( -65.56231746061449428, -4.660651067975599915, -10.09999999999999964 ) ) ;
#6413 = VERTEX_POINT ( 'NONE', #3788 ) ;
#6414 = ORIENTED_EDGE ( 'NONE', *, *, #2998, .F. ) ;
#6415 = CARTESIAN_POINT ( 'NONE',  ( -67.24202186365928924, -3.953267897240292150, 7.973811694080159107 ) ) ;
#6416 = FILL_AREA_STYLE ('',( #679 ) ) ;
#6417 =( NAMED_UNIT ( * ) PLANE_ANGLE_UNIT ( ) SI_UNIT ( $, .RADIAN. ) );
#6418 = CARTESIAN_POINT ( 'NONE',  ( -67.36497556754888194, 3.223715188529941322, 8.509856660557893804 ) ) ;
#6419 = AXIS2_PLACEMENT_3D ( 'NONE', #1663, #6233, #5673 ) ;
#6420 = ORIENTED_EDGE ( 'NONE', *, *, #3579, .F. ) ;
#6421 = CARTESIAN_POINT ( 'NONE',  ( -67.12878843306317833, 0.6745391038023886843, 9.075046962811327944 ) ) ;
#6422 = CARTESIAN_POINT ( 'NONE',  ( -67.08840227058921357, 2.635913031522695960, 8.500703646772366895 ) ) ;
#6423 = LINE ( 'NONE', #5438, #2046 ) ;
#6424 = CIRCLE ( 'NONE', #6540, 8.900000000000000355 ) ;
#6425 = CARTESIAN_POINT ( 'NONE',  ( -64.86924676638300014, 0.1519700315994838291, 8.898702439653540353 ) ) ;
#6426 = DIRECTION ( 'NONE',  ( 1.000000000000000000, 0.0000000000000000000, 0.0000000000000000000 ) ) ;
#6427 = ORIENTED_EDGE ( 'NONE', *, *, #2024, .F. ) ;
#6428 = ORIENTED_EDGE ( 'NONE', *, *, #3569, .F. ) ;
#6429 = B_SPLINE_CURVE_WITH_KNOTS ( 'NONE', 3,
 ( #6533, #3568, #5964, #828 ),
 .UNSPECIFIED., .F., .F.,
 ( 4, 4 ),
 ( 1.181008163773810357E-15, 0.0002059839654564163066 ),
 .UNSPECIFIED. ) ;
#6430 = EDGE_LOOP ( 'NONE', ( #3764, #4637 ) ) ;
#6431 = EDGE_CURVE ( 'NONE', #2026, #4681, #3843, .T. ) ;
#6432 = DIRECTION ( 'NONE',  ( 1.000000000000000000, 0.0000000000000000000, 6.123233995736750012E-17 ) ) ;
#6433 = DIRECTION ( 'NONE',  ( 0.0000000000000000000, -0.0000000000000000000, -1.000000000000000000 ) ) ;
#6434 = DIRECTION ( 'NONE',  ( -0.0000000000000000000, -0.0000000000000000000, -1.000000000000000000 ) ) ;
#6435 = CARTESIAN_POINT ( 'NONE',  ( -66.72359575878166993, 2.330554100476345258, 8.796556849024490532 ) ) ;
#6436 = ORIENTED_EDGE ( 'NONE', *, *, #2255, .F. ) ;
#6437 = FACE_OUTER_BOUND ( 'NONE', #4358, .T. ) ;
#6438 = CARTESIAN_POINT ( 'NONE',  ( -64.68573539179398324, -3.975631398041492570, 7.962880864694634298 ) ) ;
#6439 = ORIENTED_EDGE ( 'NONE', *, *, #2202, .T. ) ;
#6440 = VERTEX_POINT ( 'NONE', #2706 ) ;
#6441 = EDGE_CURVE ( 'NONE', #2104, #650, #3231, .T. ) ;
#6442 = APPLICATION_CONTEXT ( 'automotive_design' ) ;
#6443 = CARTESIAN_POINT ( 'NONE',  ( -98.70000000000001705, 0.0000000000000000000, -6.043631953792183348E-15 ) ) ;
#6444 = EDGE_CURVE ( 'NONE', #1850, #1264, #3866, .T. ) ;
#6445 = ORIENTED_EDGE ( 'NONE', *, *, #6746, .F. ) ;
#6446 = CARTESIAN_POINT ( 'NONE',  ( -66.98421006156468138, 0.2505633063219186440, 9.096549787118480168 ) ) ;
#6447 = CARTESIAN_POINT ( 'NONE',  ( -84.00000000000000000, -2.656416781107579617, 8.703645781225839428 ) ) ;
#6448 = ORIENTED_EDGE ( 'NONE', *, *, #61, .F. ) ;
#6449 = ORIENTED_EDGE ( 'NONE', *, *, #5519, .F. ) ;
#6450 = LINE ( 'NONE', #873, #5028 ) ;
#6451 = CARTESIAN_POINT ( 'NONE',  ( -64.48030926638305971, -4.657286943660963630, 7.817907541305751273 ) ) ;
#6452 = DIRECTION ( 'NONE',  ( 1.000000000000000000, 0.0000000000000000000, 0.0000000000000000000 ) ) ;
#6453 = ADVANCED_FACE ( 'NONE', ( #6077 ), #943, .F. ) ;
#6454 = DIRECTION ( 'NONE',  ( 1.000000000000000000, 0.0000000000000000000, -1.836970198721029934E-16 ) ) ;
#6455 = B_SPLINE_CURVE_WITH_KNOTS ( 'NONE', 3,
 ( #5451, #3678, #6614, #6001 ),
 .UNSPECIFIED., .F., .F.,
 ( 4, 4 ),
 ( 3.039138891120867493E-14, 0.0001053948335614180245 ),
 .UNSPECIFIED. ) ;
#6456 = ORIENTED_EDGE ( 'NONE', *, *, #3632, .F. ) ;
#6457 = CARTESIAN_POINT ( 'NONE',  ( -65.59304757034267652, 0.3882346920226907860, 9.091714570085791536 ) ) ;
#6458 = CARTESIAN_POINT ( 'NONE',  ( -64.96182552429610269, 2.436396897188818578, 8.560021621431157968 ) ) ;
#6459 = ORIENTED_EDGE ( 'NONE', *, *, #7214, .T. ) ;
#6460 = VERTEX_POINT ( 'NONE', #6833 ) ;
#6461 = ORIENTED_EDGE ( 'NONE', *, *, #4739, .T. ) ;
#6462 = CARTESIAN_POINT ( 'NONE',  ( -64.80977486085966177, -4.585387961397038303, 7.628085292148478302 ) ) ;
#6463 =( LENGTH_UNIT ( ) NAMED_UNIT ( * ) SI_UNIT ( .MILLI., .METRE. ) );
#6464 = LINE ( 'NONE', #3673, #2165 ) ;
#6465 = EDGE_CURVE ( 'NONE', #2082, #674, #1254, .T. ) ;
#6466 = EDGE_CURVE ( 'NONE', #3158, #3714, #6639, .T. ) ;
#6467 = FILL_AREA_STYLE_COLOUR ( '', #6373 ) ;
#6468 = VERTEX_POINT ( 'NONE', #4579 ) ;
#6469 =( LENGTH_UNIT ( ) NAMED_UNIT ( * ) SI_UNIT ( .MILLI., .METRE. ) );
#6470 = ORIENTED_EDGE ( 'NONE', *, *, #5664, .T. ) ;
#6471 = ORIENTED_EDGE ( 'NONE', *, *, #5563, .T. ) ;
#6472 = CARTESIAN_POINT ( 'NONE',  ( -66.98318744662110191, 3.237712268112766800, 8.290188132299068258 ) ) ;
#6473 = DIRECTION ( 'NONE',  ( -0.0000000000000000000, -0.0000000000000000000, -1.000000000000000000 ) ) ;
#6474 = EDGE_CURVE ( 'NONE', #3493, #3480, #3517, .T. ) ;
#6475 = EDGE_LOOP ( 'NONE', ( #1388, #6072, #2854, #1255 ) ) ;
#6476 = CARTESIAN_POINT ( 'NONE',  ( -67.09269244943084232, 3.069595406957831951, -10.09999999999999964 ) ) ;
#6477 = CARTESIAN_POINT ( 'NONE',  ( -65.06082165257609518, 2.518647144976290164, 8.536182786181594651 ) ) ;
#6478 = AXIS2_PLACEMENT_3D ( 'NONE', #795, #5829, #1919 ) ;
#6479 = B_SPLINE_CURVE_WITH_KNOTS ( 'NONE', 3,
 ( #113, #4115, #6377, #1729 ),
 .UNSPECIFIED., .F., .F.,
 ( 4, 4 ),
 ( 6.454958049567490275E-16, 9.985127253090913895E-05 ),
 .UNSPECIFIED. ) ;
#6480 = ORIENTED_EDGE ( 'NONE', *, *, #6518, .T. ) ;
#6481 = AXIS2_PLACEMENT_3D ( 'NONE', #5172, #1759, #5286 ) ;
#6482 = VERTEX_POINT ( 'NONE', #2260 ) ;
#6483 = EDGE_CURVE ( 'NONE', #5347, #3584, #3852, .T. ) ;
#6484 = CIRCLE ( 'NONE', #5161, 9.099999999999999645 ) ;
#6485 = EDGE_CURVE ( 'NONE', #2618, #4741, #187, .T. ) ;
#6486 = CARTESIAN_POINT ( 'NONE',  ( -66.89198372156356243, -4.089670139866226961, 7.904850315536951832 ) ) ;
#6487 = UNCERTAINTY_MEASURE_WITH_UNIT (LENGTH_MEASURE( 1.000000000000000082E-05 ), #4905, 'distance_accuracy_value', 'NONE');
#6488 = CARTESIAN_POINT ( 'NONE',  ( -65.27984191643841427, 0.04912182357197837634, 8.900052582738672058 ) ) ;
#6489 = COLOUR_RGB ( '',1.000000000000000000, 0.5999999999999999778, 0.2000000000000000111 ) ;
#6490 = AXIS2_PLACEMENT_3D ( 'NONE', #1779, #3053, #3538 ) ;
#6491 = VERTEX_POINT ( 'NONE', #9 ) ;
#6492 = DIRECTION ( 'NONE',  ( -1.000000000000000000, 1.392565347136769948E-16, 0.0000000000000000000 ) ) ;
#6493 = ADVANCED_FACE ( 'NONE', ( #6956 ), #687, .T. ) ;
#6494 = CARTESIAN_POINT ( 'NONE',  ( -67.04632603320884243, -5.079527123529497423, 7.550390996586092918 ) ) ;
#6495 = STYLED_ITEM ( 'NONE', ( #4371 ), #4684 ) ;
#6496 = CARTESIAN_POINT ( 'NONE',  ( -67.06583831255741757, 3.130183361939503417, 8.544755572182962666 ) ) ;
#6497 = LINE ( 'NONE', #3596, #3885 ) ;
#6498 = DIRECTION ( 'NONE',  ( 1.000000000000000000, 0.0000000000000000000, -1.836970198721029934E-16 ) ) ;
#6499 = ORIENTED_EDGE ( 'NONE', *, *, #4606, .T. ) ;
#6500 = VERTEX_POINT ( 'NONE', #1806 ) ;
#6501 = CARTESIAN_POINT ( 'NONE',  ( -65.10596054758460127, -5.339255094647335831, 7.369013165565837298 ) ) ;
#6502 = CARTESIAN_POINT ( 'NONE',  ( -84.00000000000000000, 0.0000000000000000000, 1.543054966925670124E-14 ) ) ;
#6503 = FACE_OUTER_BOUND ( 'NONE', #5869, .T. ) ;
#6504 = FACE_OUTER_BOUND ( 'NONE', #3027, .T. ) ;
#6505 = SURFACE_SIDE_STYLE ('',( #4808 ) ) ;
#6506 = VERTEX_POINT ( 'NONE', #6389 ) ;
#6507 = CARTESIAN_POINT ( 'NONE',  ( -71.80973495877130119, -1.524902822846710082, 8.768390466948559947 ) ) ;
#6508 = CARTESIAN_POINT ( 'NONE',  ( -67.13353252889763212, -4.567084672638648257, 7.871119099556862508 ) ) ;
#6509 = ORIENTED_EDGE ( 'NONE', *, *, #3855, .F. ) ;
#6510 = ORIENTED_EDGE ( 'NONE', *, *, #6466, .T. ) ;
#6511 = SURFACE_SIDE_STYLE ('',( #735 ) ) ;
#6512 = LINE ( 'NONE', #3611, #1324 ) ;
#6513 = EDGE_LOOP ( 'NONE', ( #1227, #4592, #5913, #5386 ) ) ;
#6514 = DIRECTION ( 'NONE',  ( 1.000000000000000000, 0.0000000000000000000, -1.836970198721029934E-16 ) ) ;
#6515 = AXIS2_PLACEMENT_3D ( 'NONE', #2495, #6623, #5382 ) ;
#6516 = VERTEX_POINT ( 'NONE', #5227 ) ;
#6517 = ORIENTED_EDGE ( 'NONE', *, *, #2393, .F. ) ;
#6518 = EDGE_CURVE ( 'NONE', #5590, #4775, #3481, .T. ) ;
#6519 = EDGE_CURVE ( 'NONE', #4160, #4775, #1178, .T. ) ;
#6520 = CARTESIAN_POINT ( 'NONE',  ( -64.52793426638299934, 1.510770795186370030, 8.770836425587477336 ) ) ;
#6521 = ORIENTED_EDGE ( 'NONE', *, *, #5379, .T. ) ;
#6522 = EDGE_LOOP ( 'NONE', ( #1514, #5077, #2399, #4734 ) ) ;
#6523 = EDGE_CURVE ( 'NONE', #202, #5171, #2242, .T. ) ;
#6524 = CARTESIAN_POINT ( 'NONE',  ( -67.12878843304969223, 0.6361575314810319348, 9.077736700033780082 ) ) ;
#6525 = CARTESIAN_POINT ( 'NONE',  ( -73.00561028366129790, 0.3107680673900601875, 8.894572682725737423 ) ) ;
#6526 = EDGE_CURVE ( 'NONE', #5708, #3011, #3410, .T. ) ;
#6527 = CARTESIAN_POINT ( 'NONE',  ( -64.99618794902633567, 2.462257700491240708, 8.552660988045946766 ) ) ;
#6528 = ORIENTED_EDGE ( 'NONE', *, *, #2491, .F. ) ;
#6529 = CARTESIAN_POINT ( 'NONE',  ( -71.30020535340770493, -0.2331160295301601681, 9.097013626282876686 ) ) ;
#6530 = DIRECTION ( 'NONE',  ( 0.0000000000000000000, 0.0000000000000000000, 1.000000000000000000 ) ) ;
#6531 = LINE ( 'NONE', #7077, #5091 ) ;
#6532 = B_SPLINE_CURVE_WITH_KNOTS ( 'NONE', 3,
 ( #2029, #2636, #5376, #4928 ),
 .UNSPECIFIED., .F., .F.,
 ( 4, 4 ),
 ( 2.168404344971008868E-19, 0.0001919976701078008306 ),
 .UNSPECIFIED. ) ;
#6533 = CARTESIAN_POINT ( 'NONE',  ( -67.42247593304968234, 2.866222803020539445, 8.425839236743442484 ) ) ;
#6534 = CARTESIAN_POINT ( 'NONE',  ( -66.80542513436458307, 2.359444451692095601, 8.788800935245921764 ) ) ;
#6535 = EDGE_LOOP ( 'NONE', ( #3151, #2892, #877, #1420 ) ) ;
#6536 = CARTESIAN_POINT ( 'NONE',  ( -65.09498076150649126, -0.1075863301800119298, 9.099506639221500492 ) ) ;
#6537 = CARTESIAN_POINT ( 'NONE',  ( -65.54008956189940704, -3.876146024068183760, 8.233194519753594065 ) ) ;
#6538 = EDGE_LOOP ( 'NONE', ( #5561, #3277, #2098, #4125, #3608, #3722, #6017, #430, #2326, #2319, #7055, #2694, #3333, #1771, #4070, #3226, #6480, #1359, #1711, #322 ) ) ;
#6539 = ORIENTED_EDGE ( 'NONE', *, *, #4459, .F. ) ;
#6540 = AXIS2_PLACEMENT_3D ( 'NONE', #3560, #1800, #684 ) ;
#6541 = CARTESIAN_POINT ( 'NONE',  ( -67.20919697746272448, 2.236328431689574625, 8.820931648392763336 ) ) ;
#6542 = CARTESIAN_POINT ( 'NONE',  ( -64.90036819840152305, 1.994056607351782695, 8.878906914851423693 ) ) ;
#6543 = LINE ( 'NONE', #5458, #4467 ) ;
#6544 = ORIENTED_EDGE ( 'NONE', *, *, #749, .F. ) ;
#6545 = LINE ( 'NONE', #6476, #6396 ) ;
#6546 = B_SPLINE_CURVE_WITH_KNOTS ( 'NONE', 3,
 ( #4163, #658, #6352, #2337 ),
 .UNSPECIFIED., .F., .F.,
 ( 4, 4 ),
 ( 2.014415042786585689E-13, 0.0001290573534596449294 ),
 .UNSPECIFIED. ) ;
#6547 = DIRECTION ( 'NONE',  ( 0.0000000000000000000, 0.0000000000000000000, -1.000000000000000000 ) ) ;
#6548 = VERTEX_POINT ( 'NONE', #5821 ) ;
#6549 = ORIENTED_EDGE ( 'NONE', *, *, #5244, .F. ) ;
#6550 = B_SPLINE_CURVE_WITH_KNOTS ( 'NONE', 3,
 ( #375, #4950, #2506, #1977 ),
 .UNSPECIFIED., .F., .F.,
 ( 4, 4 ),
 ( 0.0000000000000000000, 0.0002150394376474585147 ),
 .UNSPECIFIED. ) ;
#6551 = CARTESIAN_POINT ( 'NONE',  ( -67.05941662525721370, 2.102707043834597389, 8.853833683106188346 ) ) ;
#6552 = ADVANCED_FACE ( 'NONE', ( #6226 ), #4537, .F. ) ;
#6553 = ADVANCED_FACE ( 'NONE', ( #5186 ), #4050, .T. ) ;
#6554 = CARTESIAN_POINT ( 'NONE',  ( 84.00000000000000000, 0.0000000000000000000, -1.543054966925670124E-14 ) ) ;
#6555 = DIRECTION ( 'NONE',  ( -1.000000000000000000, 0.0000000000000000000, 0.0000000000000000000 ) ) ;
#6556 = ORIENTED_EDGE ( 'NONE', *, *, #2747, .T. ) ;
#6557 = DIRECTION ( 'NONE',  ( 1.000000000000000000, 0.0000000000000000000, -1.836970198721029934E-16 ) ) ;
#6558 = ORIENTED_EDGE ( 'NONE', *, *, #6701, .F. ) ;
#6559 = DIRECTION ( 'NONE',  ( 0.0000000000000000000, 0.0000000000000000000, 1.000000000000000000 ) ) ;
#6560 = DIRECTION ( 'NONE',  ( 0.0000000000000000000, 0.0000000000000000000, -1.000000000000000000 ) ) ;
#6561 = EDGE_CURVE ( 'NONE', #1185, #4766, #1172, .T. ) ;
#6562 = CARTESIAN_POINT ( 'NONE',  ( -65.99484216101940603, -5.580062690734854947, 6.933462365043101094 ) ) ;
#6563 = ORIENTED_EDGE ( 'NONE', *, *, #3585, .F. ) ;
#6564 = VERTEX_POINT ( 'NONE', #5263 ) ;
#6565 = CYLINDRICAL_SURFACE ( 'NONE', #1450, 0.7248736756336471299 ) ;
#6566 = SURFACE_STYLE_FILL_AREA ( #762 ) ;
#6567 = EDGE_CURVE ( 'NONE', #4809, #2610, #3928, .T. ) ;
#6568 = CARTESIAN_POINT ( 'NONE',  ( -64.52793426638299934, -2.622268958061370281, 8.713994807870149018 ) ) ;
#6569 = EDGE_CURVE ( 'NONE', #1668, #7406, #5197, .T. ) ;
#6570 =( LENGTH_UNIT ( ) NAMED_UNIT ( * ) SI_UNIT ( .MILLI., .METRE. ) );
#6571 = ORIENTED_EDGE ( 'NONE', *, *, #2957, .F. ) ;
#6572 = FACE_OUTER_BOUND ( 'NONE', #4604, .T. ) ;
#6573 = FACE_OUTER_BOUND ( 'NONE', #7310, .T. ) ;
#6574 = CYLINDRICAL_SURFACE ( 'NONE', #2527, 1.398168777872577095 ) ;
#6575 = VERTEX_POINT ( 'NONE', #4269 ) ;
#6576 = ORIENTED_EDGE ( 'NONE', *, *, #1164, .T. ) ;
#6577 = B_SPLINE_CURVE_WITH_KNOTS ( 'NONE', 3,
 ( #685, #1285, #7072, #5334 ),
 .UNSPECIFIED., .F., .F.,
 ( 4, 4 ),
 ( 3.549169221858692456E-16, 0.0003045626543611470571 ),
 .UNSPECIFIED. ) ;
#6578 = B_SPLINE_CURVE_WITH_KNOTS ( 'NONE', 3,
 ( #5515, #3670, #1950, #3107 ),
 .UNSPECIFIED., .F., .F.,
 ( 4, 4 ),
 ( 5.564479851467038389E-15, 0.0002841688855100536369 ),
 .UNSPECIFIED. ) ;
#6579 = CARTESIAN_POINT ( 'NONE',  ( -66.80542513442860297, 2.359444451714705515, 8.581551251334044395 ) ) ;
#6580 = CARTESIAN_POINT ( 'NONE',  ( -66.98399881458996674, 1.014400760811922098, 8.842001541694747502 ) ) ;
#6581 = EDGE_CURVE ( 'NONE', #4706, #2382, #227, .T. ) ;
#6582 = VERTEX_POINT ( 'NONE', #4689 ) ;
#6583 = DIRECTION ( 'NONE',  ( 1.000000000000000000, 0.0000000000000000000, 0.0000000000000000000 ) ) ;
#6584 = LINE ( 'NONE', #2001, #2047 ) ;
#6585 = EDGE_LOOP ( 'NONE', ( #239, #5148, #1281, #3189 ) ) ;
#6586 = ORIENTED_EDGE ( 'NONE', *, *, #1653, .T. ) ;
#6587 = AXIS2_PLACEMENT_3D ( 'NONE', #1765, #712, #2999 ) ;
#6588 = CARTESIAN_POINT ( 'NONE',  ( -66.58903843304969428, 1.965853975931814990, 8.680173854555752300 ) ) ;
#6589 = CARTESIAN_POINT ( 'NONE',  ( -66.98139477050020218, 2.470281696285415496, 8.550305066185945435 ) ) ;
#6590 = ORIENTED_EDGE ( 'NONE', *, *, #5554, .T. ) ;
#6591 = ORIENTED_EDGE ( 'NONE', *, *, #2393, .T. ) ;
#6592 = VECTOR ( 'NONE', #1409, 1000.000000000000000 ) ;
#6593 = VECTOR ( 'NONE', #2541, 1000.000000000000000 ) ;
#6594 = EDGE_CURVE ( 'NONE', #1798, #5752, #449, .T. ) ;
#6595 = DIRECTION ( 'NONE',  ( 1.000000000000000000, 0.0000000000000000000, -1.836970198721029934E-16 ) ) ;
#6596 = FACE_OUTER_BOUND ( 'NONE', #274, .T. ) ;
#6597 = VECTOR ( 'NONE', #2778, 1000.000000000000000 ) ;
#6598 = CYLINDRICAL_SURFACE ( 'NONE', #5575, 0.8767779114736695689 ) ;
#6599 = CARTESIAN_POINT ( 'NONE',  ( -64.48030926638305971, -4.657286943660963630, 7.817907541305751273 ) ) ;
#6600 = ORIENTED_EDGE ( 'NONE', *, *, #3182, .T. ) ;
#6601 = ORIENTED_EDGE ( 'NONE', *, *, #541, .T. ) ;
#6602 = DIRECTION ( 'NONE',  ( 1.000000000000000000, 0.0000000000000000000, 6.123233995736759873E-17 ) ) ;
#6603 = VERTEX_POINT ( 'NONE', #5987 ) ;
#6604 = DIRECTION ( 'NONE',  ( 1.000000000000000000, 0.0000000000000000000, 0.0000000000000000000 ) ) ;
#6605 = ADVANCED_FACE ( 'NONE', ( #5957 ), #2408, .T. ) ;
#6606 = PLANE ( 'NONE',  #5232 ) ;
#6607 = EDGE_CURVE ( 'NONE', #7238, #6165, #3074, .T. ) ;
#6608 = AXIS2_PLACEMENT_3D ( 'NONE', #3814, #972, #2664 ) ;
#6609 = DIRECTION ( 'NONE',  ( -1.000000000000000000, 0.0000000000000000000, 0.0000000000000000000 ) ) ;
#6610 = CARTESIAN_POINT ( 'NONE',  ( -65.99484216101940603, -5.580062690734860276, -10.09999999999999964 ) ) ;
#6611 = VERTEX_POINT ( 'NONE', #3103 ) ;
#6612 = CARTESIAN_POINT ( 'NONE',  ( -66.80542513442860297, 0.1369446043025991655, 8.898946351976317004 ) ) ;
#6613 = CARTESIAN_POINT ( 'NONE',  ( -67.09269244943399713, 0.8470955595374808356, 9.060487244790541794 ) ) ;
#6614 = CARTESIAN_POINT ( 'NONE',  ( -67.11343814266625429, 3.006115688635508931, 8.589206670969014468 ) ) ;
#6615 = ORIENTED_EDGE ( 'NONE', *, *, #5379, .F. ) ;
#6616 = VERTEX_POINT ( 'NONE', #2509 ) ;
#6617 = EDGE_CURVE ( 'NONE', #3394, #2940, #4838, .T. ) ;
#6618 = LINE ( 'NONE', #1485, #5781 ) ;
#6619 = CYLINDRICAL_SURFACE ( 'NONE', #5757, 1.338130576726964671 ) ;
#6620 = CARTESIAN_POINT ( 'NONE',  ( -67.17206715709808407, -3.863272648016990996, 8.018429668934365040 ) ) ;
#6621 = VERTEX_POINT ( 'NONE', #4236 ) ;
#6622 = B_SPLINE_CURVE_WITH_KNOTS ( 'NONE', 3,
 ( #718, #199, #7000, #1946 ),
 .UNSPECIFIED., .F., .F.,
 ( 4, 4 ),
 ( 3.665812061160923923E-14, 0.0002881250841792721380 ),
 .UNSPECIFIED. ) ;
#6623 = DIRECTION ( 'NONE',  ( -1.000000000000000000, -0.0000000000000000000, 1.836970198721029934E-16 ) ) ;
#6624 = LINE ( 'NONE', #6055, #737 ) ;
#6625 = ORIENTED_EDGE ( 'NONE', *, *, #1653, .F. ) ;
#6626 = EDGE_CURVE ( 'NONE', #7169, #4670, #1749, .T. ) ;
#6627 = EDGE_LOOP ( 'NONE', ( #2934, #4715, #5275, #4578 ) ) ;
#6628 = EDGE_CURVE ( 'NONE', #5752, #7182, #2501, .T. ) ;
#6629 = B_SPLINE_CURVE_WITH_KNOTS ( 'NONE', 3,
 ( #6477, #1342, #103, #3652 ),
 .UNSPECIFIED., .F., .F.,
 ( 4, 4 ),
 ( 3.809485930871990076E-17, 0.0001318900162939923456 ),
 .UNSPECIFIED. ) ;
#6630 = CARTESIAN_POINT ( 'NONE',  ( -98.70000000000001705, 0.0000000000000000000, -6.043631953792189659E-15 ) ) ;
#6631 = PLANE ( 'NONE',  #5622 ) ;
#6632 = FACE_OUTER_BOUND ( 'NONE', #7059, .T. ) ;
#6633 =( GEOMETRIC_REPRESENTATION_CONTEXT ( 3 ) GLOBAL_UNCERTAINTY_ASSIGNED_CONTEXT ( ( #7256 ) ) GLOBAL_UNIT_ASSIGNED_CONTEXT ( ( #1116, #2690, #480 ) ) REPRESENTATION_CONTEXT ( 'NONE', 'WORKASPACE' ) );
#6634 = CARTESIAN_POINT ( 'NONE',  ( -67.41189259971629610, -2.656416781107579173, 8.494318682805010567 ) ) ;
#6635 = DIRECTION ( 'NONE',  ( 0.0000000000000000000, 0.0000000000000000000, 1.000000000000000000 ) ) ;
#6636 = ORIENTED_EDGE ( 'NONE', *, *, #3484, .F. ) ;
#6637 = SURFACE_STYLE_USAGE ( .BOTH. , #4342 ) ;
#6638 = ORIENTED_EDGE ( 'NONE', *, *, #6383, .F. ) ;
#6639 = CIRCLE ( 'NONE', #3390, 8.849999999999999645 ) ;
#6640 = FACE_OUTER_BOUND ( 'NONE', #4413, .T. ) ;
#6641 = CARTESIAN_POINT ( 'NONE',  ( -67.36440999442301347, -5.166260747496947303, 7.491311626736166573 ) ) ;
#6642 = DIRECTION ( 'NONE',  ( 1.000000000000000000, 0.0000000000000000000, -1.836970198721029934E-16 ) ) ;
#6643 = DIRECTION ( 'NONE',  ( 0.0000000000000000000, 0.0000000000000000000, 1.000000000000000000 ) ) ;
#6644 = B_SPLINE_CURVE_WITH_KNOTS ( 'NONE', 3,
 ( #4055, #792, #5369, #7076 ),
 .UNSPECIFIED., .F., .F.,
 ( 4, 4 ),
 ( 4.277110637941451816E-13, 0.0001307935119256610208 ),
 .UNSPECIFIED. ) ;
#6645 = VERTEX_POINT ( 'NONE', #7145 ) ;
#6646 = ORIENTED_EDGE ( 'NONE', *, *, #97, .T. ) ;
#6647 = DIRECTION ( 'NONE',  ( -0.0000000000000000000, -0.0000000000000000000, -1.000000000000000000 ) ) ;
#6648 = DIRECTION ( 'NONE',  ( 1.000000000000000000, -9.747081343248079673E-17, 0.0000000000000000000 ) ) ;
#6649 = B_SPLINE_CURVE_WITH_KNOTS ( 'NONE', 3,
 ( #3318, #5656, #7303, #6257 ),
 .UNSPECIFIED., .F., .F.,
 ( 4, 4 ),
 ( 2.385244779468109755E-18, 0.0001009634538710381537 ),
 .UNSPECIFIED. ) ;
#6650 = CARTESIAN_POINT ( 'NONE',  ( -65.94577449593589336, -4.026762699206230423, -10.09999999999999964 ) ) ;
#6651 = DIRECTION ( 'NONE',  ( -0.0000000000000000000, -0.0000000000000000000, -1.000000000000000000 ) ) ;
#6652 = FACE_OUTER_BOUND ( 'NONE', #5304, .T. ) ;
#6653 = VERTEX_POINT ( 'NONE', #4763 ) ;
#6654 = EDGE_CURVE ( 'NONE', #6981, #3493, #6497, .T. ) ;
#6655 = CARTESIAN_POINT ( 'NONE',  ( -66.63895241500028988, 0.09321491194864138519, 8.899511860393660712 ) ) ;
#6656 = DIRECTION ( 'NONE',  ( -1.836970198721029934E-16, 0.0000000000000000000, -1.000000000000000000 ) ) ;
#6657 = EDGE_CURVE ( 'NONE', #5903, #1488, #6901, .T. ) ;
#6658 = FACE_OUTER_BOUND ( 'NONE', #7377, .T. ) ;
#6659 = ORIENTED_EDGE ( 'NONE', *, *, #1039, .F. ) ;
#6660 = VERTEX_POINT ( 'NONE', #6562 ) ;
#6661 = VECTOR ( 'NONE', #3185, 1000.000000000000000 ) ;
#6662 = CARTESIAN_POINT ( 'NONE',  ( -64.77395546497760392, 1.942041475931258088, 8.685532505595897845 ) ) ;
#6663 = SURFACE_SIDE_STYLE ('',( #1595 ) ) ;
#6664 = ORIENTED_EDGE ( 'NONE', *, *, #3570, .T. ) ;
#6665 = CARTESIAN_POINT ( 'NONE',  ( -65.42536650437398293, 0.1977259382654719400, 9.098304184969055797 ) ) ;
#6666 = CIRCLE ( 'NONE', #3294, 9.099999999999999645 ) ;
#6667 = EDGE_CURVE ( 'NONE', #3011, #2111, #1358, .T. ) ;
#6668 = DIRECTION ( 'NONE',  ( 0.0000000000000000000, 0.0000000000000000000, 1.000000000000000000 ) ) ;
#6669 = VERTEX_POINT ( 'NONE', #717 ) ;
#6670 = ORIENTED_EDGE ( 'NONE', *, *, #160, .T. ) ;
#6671 = ADVANCED_FACE ( 'NONE', ( #3148 ), #4123, .F. ) ;
#6672 = PRESENTATION_STYLE_ASSIGNMENT (( #6702 ) ) ;
#6673 = DIRECTION ( 'NONE',  ( 1.000000000000000000, 0.0000000000000000000, 0.0000000000000000000 ) ) ;
#6674 = DIRECTION ( 'NONE',  ( 0.0000000000000000000, 0.0000000000000000000, -1.000000000000000000 ) ) ;
#6675 = ADVANCED_FACE ( 'NONE', ( #5300 ), #162, .T. ) ;
#6676 = CARTESIAN_POINT ( 'NONE',  ( -65.17887483718536146, -5.396131030561026165, 7.327803423673115546 ) ) ;
#6677 = ORIENTED_EDGE ( 'NONE', *, *, #6298, .F. ) ;
#6678 = CARTESIAN_POINT ( 'NONE',  ( -65.72165713007008492, 2.761192292951704541, 8.462303822932547348 ) ) ;
#6679 = ORIENTED_EDGE ( 'NONE', *, *, #1664, .F. ) ;
#6680 = DIRECTION ( 'NONE',  ( -1.836970198721029934E-16, 0.0000000000000000000, -1.000000000000000000 ) ) ;
#6681 = EDGE_CURVE ( 'NONE', #2195, #5562, #678, .T. ) ;
#6682 = CARTESIAN_POINT ( 'NONE',  ( -67.19247447105912840, 3.497977513912110314, 8.400842416815438085 ) ) ;
#6683 = CARTESIAN_POINT ( 'NONE',  ( -65.17999304536620286, -0.03819006546737983149, 9.099938562190525104 ) ) ;
#6684 = ORIENTED_EDGE ( 'NONE', *, *, #5872, .T. ) ;
#6685 = CARTESIAN_POINT ( 'NONE',  ( -66.97576418837122958, 0.2422177573693996555, 9.096775833118851295 ) ) ;
#6686 = ORIENTED_EDGE ( 'NONE', *, *, #3257, .F. ) ;
#6687 = DIRECTION ( 'NONE',  ( -1.000000000000000000, 1.392565347136769948E-16, 0.0000000000000000000 ) ) ;
#6688 = CARTESIAN_POINT ( 'NONE',  ( -65.10596054791398046, -5.339255094904253873, 7.120558617941370905 ) ) ;
#6689 = CARTESIAN_POINT ( 'NONE',  ( -65.58725965724809726, -5.920358933725828443, 6.910813996618123234 ) ) ;
#6690 = ORIENTED_EDGE ( 'NONE', *, *, #388, .T. ) ;
#6691 = ORIENTED_EDGE ( 'NONE', *, *, #1354, .F. ) ;
#6692 = ADVANCED_FACE ( 'NONE', ( #1576 ), #4951, .F. ) ;
#6693 = LINE ( 'NONE', #1553, #732 ) ;
#6694 = CARTESIAN_POINT ( 'NONE',  ( -66.96605320177478404, -0.1605121025076336472, 9.098584278059350439 ) ) ;
#6695 = ORIENTED_EDGE ( 'NONE', *, *, #4213, .T. ) ;
#6696 = CYLINDRICAL_SURFACE ( 'NONE', #874, 0.8251621488223614964 ) ;
#6697 = CARTESIAN_POINT ( 'NONE',  ( -67.41189259971629610, -2.656416781107580061, -10.09999999999999964 ) ) ;
#6698 = ORIENTED_EDGE ( 'NONE', *, *, #2626, .T. ) ;
#6699 = ORIENTED_EDGE ( 'NONE', *, *, #3037, .F. ) ;
#6700 = B_SPLINE_CURVE_WITH_KNOTS ( 'NONE', 3,
 ( #1143, #6354, #2339, #5109 ),
 .UNSPECIFIED., .F., .F.,
 ( 4, 4 ),
 ( 0.0000000000000000000, 1.000000000000000000 ),
 .UNSPECIFIED. ) ;
#6701 = EDGE_CURVE ( 'NONE', #7347, #429, #319, .T. ) ;
#6702 = SURFACE_STYLE_USAGE ( .BOTH. , #4896 ) ;
#6703 = LINE ( 'NONE', #3842, #4586 ) ;
#6704 = FACE_OUTER_BOUND ( 'NONE', #5525, .T. ) ;
#6705 = ORIENTED_EDGE ( 'NONE', *, *, #844, .F. ) ;
#6706 = VECTOR ( 'NONE', #6024, 1000.000000000000000 ) ;
#6707 = CARTESIAN_POINT ( 'NONE',  ( -65.44168802600019319, -5.510700860798865897, 7.241819253116709376 ) ) ;
#6708 = EDGE_CURVE ( 'NONE', #3888, #5241, #1883, .T. ) ;
#6709 = CARTESIAN_POINT ( 'NONE',  ( -67.41762368302690334, 0.5132236465324944152, 8.885426700142369683 ) ) ;
#6710 = DIRECTION ( 'NONE',  ( 0.0000000000000000000, 0.0000000000000000000, -1.000000000000000000 ) ) ;
#6711 = CARTESIAN_POINT ( 'NONE',  ( -64.48030926638304550, -4.657286943678577984, 7.584172883330207782 ) ) ;
#6712 = VECTOR ( 'NONE', #2313, 1000.000000000000000 ) ;
#6713 = ORIENTED_EDGE ( 'NONE', *, *, #3880, .T. ) ;
#6714 = VECTOR ( 'NONE', #5322, 1000.000000000000000 ) ;
#6715 = DIRECTION ( 'NONE',  ( 0.0000000000000000000, 0.0000000000000000000, 1.000000000000000000 ) ) ;
#6716 = CARTESIAN_POINT ( 'NONE',  ( -66.97576418837122958, 2.464717604781510474, 8.759861136381118740 ) ) ;
#6717 = EDGE_CURVE ( 'NONE', #5875, #3774, #2696, .T. ) ;
#6718 = VECTOR ( 'NONE', #5901, 1000.000000000000000 ) ;
#6719 = DIRECTION ( 'NONE',  ( 1.000000000000000000, 0.0000000000000000000, 0.0000000000000000000 ) ) ;
#6720 = CARTESIAN_POINT ( 'NONE',  ( -67.10456476098131873, 0.8160269834010723811, 8.862565883708557024 ) ) ;
#6721 = ORIENTED_EDGE ( 'NONE', *, *, #3909, .F. ) ;
#6722 = B_SPLINE_CURVE_WITH_KNOTS ( 'NONE', 3,
 ( #2087, #4981, #4374, #1533 ),
 .UNSPECIFIED., .F., .F.,
 ( 4, 4 ),
 ( 6.654930632449355654E-14, 0.0001541068098599604973 ),
 .UNSPECIFIED. ) ;
#6723 = FACE_OUTER_BOUND ( 'NONE', #217, .T. ) ;
#6724 = CARTESIAN_POINT ( 'NONE',  ( -64.61911213883806226, -4.083775136882868750, 7.907767107810995455 ) ) ;
#6725 = EDGE_LOOP ( 'NONE', ( #1949, #3105, #6013, #2141 ) ) ;
#6726 = VERTEX_POINT ( 'NONE', #2623 ) ;
#6727 = STYLED_ITEM ( 'NONE', ( #7049 ), #4085 ) ;
#6728 = CARTESIAN_POINT ( 'NONE',  ( -66.62289686365922137, -3.558646024068171432, -10.09999999999999964 ) ) ;
#6729 = VECTOR ( 'NONE', #1621, 1000.000000000000000 ) ;
#6730 = AXIS2_PLACEMENT_3D ( 'NONE', #7137, #3177, #2576 ) ;
#6731 = CARTESIAN_POINT ( 'NONE',  ( -66.20392500694022431, 3.221818684938110966, 8.296377785599199584 ) ) ;
#6732 = EDGE_LOOP ( 'NONE', ( #5896, #1909, #288, #834 ) ) ;
#6733 = FACE_OUTER_BOUND ( 'NONE', #4147, .T. ) ;
#6734 = CARTESIAN_POINT ( 'NONE',  ( -67.08372497527116707, -4.995456556860761843, 7.366017106990923935 ) ) ;
#6735 = ORIENTED_EDGE ( 'NONE', *, *, #3070, .F. ) ;
#6736 = VERTEX_POINT ( 'NONE', #6682 ) ;
#6737 = B_SPLINE_CURVE_WITH_KNOTS ( 'NONE', 3,
 ( #1244, #188, #3095, #7030 ),
 .UNSPECIFIED., .F., .F.,
 ( 4, 4 ),
 ( 3.474985079122835894E-13, 0.0001690619845617829858 ),
 .UNSPECIFIED. ) ;
#6738 = CIRCLE ( 'NONE', #4945, 8.900000000000000355 ) ;
#6739 = B_SPLINE_CURVE_WITH_KNOTS ( 'NONE', 3,
 ( #6914, #6308, #5297, #1768 ),
 .UNSPECIFIED., .F., .F.,
 ( 4, 4 ),
 ( 1.987954995838691561E-13, 0.0002065249337973710825 ),
 .UNSPECIFIED. ) ;
#6740 = CARTESIAN_POINT ( 'NONE',  ( -64.86924676638300014, 2.374469879011592344, 8.784753428165577915 ) ) ;
#6741 = CARTESIAN_POINT ( 'NONE',  ( -65.28957672922578581, -3.548777896147738531, 8.379609200680516068 ) ) ;
#6742 = B_SPLINE_CURVE_WITH_KNOTS ( 'NONE', 3,
 ( #4984, #2127, #6707, #708 ),
 .UNSPECIFIED., .F., .F.,
 ( 4, 4 ),
 ( 6.979398364774556087E-14, 0.0002949514356971071386 ),
 .UNSPECIFIED. ) ;
#6743 = DIRECTION ( 'NONE',  ( -0.0000000000000000000, -0.0000000000000000000, -1.000000000000000000 ) ) ;
#6744 = VECTOR ( 'NONE', #7099, 1000.000000000000000 ) ;
#6745 = ORIENTED_EDGE ( 'NONE', *, *, #1521, .T. ) ;
#6746 = EDGE_CURVE ( 'NONE', #6460, #5585, #2335, .T. ) ;
#6747 = ADVANCED_FACE ( 'NONE', ( #7263 ), #2016, .F. ) ;
#6748 = CARTESIAN_POINT ( 'NONE',  ( -65.53475416228371841, -5.535614700180346404, 6.969029093733797531 ) ) ;
#6749 = AXIS2_PLACEMENT_3D ( 'NONE', #2228, #5530, #992 ) ;
#6750 = CARTESIAN_POINT ( 'NONE',  ( -71.80973495877130119, 1.612270057102940246, -10.09999999999999964 ) ) ;
#6751 = CYLINDRICAL_SURFACE ( 'NONE', #5416, 1.441934289834356786 ) ;
#6752 = B_SPLINE_CURVE_WITH_KNOTS ( 'NONE', 3,
 ( #7038, #3073, #6998, #5956 ),
 .UNSPECIFIED., .F., .F.,
 ( 4, 4 ),
 ( 1.226634733346699349E-18, 0.0002394777116044729767 ),
 .UNSPECIFIED. ) ;
#6753 = LINE ( 'NONE', #5477, #1149 ) ;
#6754 = CARTESIAN_POINT ( 'NONE',  ( -66.98440449857444889, 1.013994926057955714, 9.043329823130909162 ) ) ;
#6755 = EDGE_CURVE ( 'NONE', #5171, #7074, #5291, .T. ) ;
#6756 = VECTOR ( 'NONE', #6917, 1000.000000000000000 ) ;
#6757 = CARTESIAN_POINT ( 'NONE',  ( -65.33650851391800529, 0.1069875744430862086, -10.09999999999999964 ) ) ;
#6758 = DIRECTION ( 'NONE',  ( -0.9999859828897638137, -0.005294716611195258993, 0.0000000000000000000 ) ) ;
#6759 = DIRECTION ( 'NONE',  ( -1.000000000000000000, 0.0000000000000000000, 0.0000000000000000000 ) ) ;
#6760 = ADVANCED_FACE ( 'NONE', ( #418 ), #6598, .F. ) ;
#6761 = CARTESIAN_POINT ( 'NONE',  ( -66.57663018739883398, 2.082846006354200252, 8.653677928090241167 ) ) ;
#6762 = CARTESIAN_POINT ( 'NONE',  ( -66.59570156756829817, 0.5504643964400020018, -10.09999999999999964 ) ) ;
#6763 = ORIENTED_EDGE ( 'NONE', *, *, #1697, .T. ) ;
#6764 = CARTESIAN_POINT ( 'NONE',  ( -66.80599676638300366, -1.150937614440908696, 8.825267282505683042 ) ) ;
#6765 = CARTESIAN_POINT ( 'NONE',  ( -66.64565991562210456, 0.7348818817672500003, -10.09999999999999964 ) ) ;
#6766 = ORIENTED_EDGE ( 'NONE', *, *, #6187, .F. ) ;
#6767 = ORIENTED_EDGE ( 'NONE', *, *, #847, .F. ) ;
#6768 = LINE ( 'NONE', #2823, #1325 ) ;
#6769 = B_SPLINE_CURVE_WITH_KNOTS ( 'NONE', 3,
 ( #1897, #4175, #3088, #1961 ),
 .UNSPECIFIED., .F., .F.,
 ( 4, 4 ),
 ( 1.027210389304893247E-13, 0.0002894191693301683918 ),
 .UNSPECIFIED. ) ;
#6770 = DIRECTION ( 'NONE',  ( 0.0000000000000000000, 0.0000000000000000000, 1.000000000000000000 ) ) ;
#6771 = SURFACE_STYLE_USAGE ( .BOTH. , #6663 ) ;
#6772 = ORIENTED_EDGE ( 'NONE', *, *, #1995, .F. ) ;
#6773 = CARTESIAN_POINT ( 'NONE',  ( -64.65388574423364787, -0.3119339748415565494, 8.894531870499974957 ) ) ;
#6774 = CYLINDRICAL_SURFACE ( 'NONE', #6243, 0.9879731350728310213 ) ;
#6775 = EDGE_CURVE ( 'NONE', #7160, #4690, #6170, .T. ) ;
#6776 = ORIENTED_EDGE ( 'NONE', *, *, #3945, .T. ) ;
#6777 = VERTEX_POINT ( 'NONE', #4304 ) ;
#6778 = CARTESIAN_POINT ( 'NONE',  ( -64.82847005909030713, -4.891799905573127383, 7.673489243514491243 ) ) ;
#6779 = CARTESIAN_POINT ( 'NONE',  ( -67.19628405934190596, 1.116528249460202540E-16, 9.100000000000012079 ) ) ;
#6780 = CARTESIAN_POINT ( 'NONE',  ( 84.00000000000000000, 0.0000000000000000000, -1.543054966925670124E-14 ) ) ;
#6781 = CARTESIAN_POINT ( 'NONE',  ( -66.63283757446089339, 3.730569329631986619, -10.09999999999999964 ) ) ;
#6782 = B_SPLINE_CURVE_WITH_KNOTS ( 'NONE', 3,
 ( #3114, #1401, #5931, #2378 ),
 .UNSPECIFIED., .F., .F.,
 ( 4, 4 ),
 ( 2.327965310409140713E-14, 0.0001715458677197050877 ),
 .UNSPECIFIED. ) ;
#6783 = DIRECTION ( 'NONE',  ( -0.0000000000000000000, -0.0000000000000000000, -1.000000000000000000 ) ) ;
#6784 = ADVANCED_FACE ( 'NONE', ( #3813 ), #4873, .F. ) ;
#6785 = EDGE_CURVE ( 'NONE', #6460, #356, #6753, .T. ) ;
#6786 = FACE_OUTER_BOUND ( 'NONE', #3089, .T. ) ;
#6787 = CYLINDRICAL_SURFACE ( 'NONE', #4813, 0.4627339751287901093 ) ;
#6788 = CARTESIAN_POINT ( 'NONE',  ( -66.33738482463721198, 1.462434438052130803, 8.981748429083619811 ) ) ;
#6789 = CARTESIAN_POINT ( 'NONE',  ( -67.36497556754888194, 3.223715188529941322, 8.509856660557893804 ) ) ;
#6790 = CARTESIAN_POINT ( 'NONE',  ( -65.15739458942921658, 2.165862463444834685, -10.09999999999999964 ) ) ;
#6791 = ORIENTED_EDGE ( 'NONE', *, *, #4726, .F. ) ;
#6792 = PRESENTATION_STYLE_ASSIGNMENT (( #4495 ) ) ;
#6793 = EDGE_CURVE ( 'NONE', #6849, #3152, #2692, .T. ) ;
#6794 = CARTESIAN_POINT ( 'NONE',  ( -65.12795968854923956, -2.656416781107561853, 8.703645781225837652 ) ) ;
#6795 = CARTESIAN_POINT ( 'NONE',  ( -67.41189259971629610, -2.989791781107579816, -10.09999999999999964 ) ) ;
#6796 = CARTESIAN_POINT ( 'NONE',  ( -67.06544154232524590, 0.3521763328776320034, 9.093389331705294509 ) ) ;
#6797 = CARTESIAN_POINT ( 'NONE',  ( -65.65681555739399755, -4.694718804043280791, -10.09999999999999964 ) ) ;
#6798 = ORIENTED_EDGE ( 'NONE', *, *, #1114, .F. ) ;
#6799 = ORIENTED_EDGE ( 'NONE', *, *, #4677, .T. ) ;
#6800 = EDGE_CURVE ( 'NONE', #1181, #689, #4988, .T. ) ;
#6801 = CYLINDRICAL_SURFACE ( 'NONE', #6419, 0.4627339751287762315 ) ;
#6802 = ADVANCED_FACE ( 'NONE', ( #7336 ), #4460, .F. ) ;
#6803 = CARTESIAN_POINT ( 'NONE',  ( 98.70000000000001705, 0.0000000000000000000, -3.200000000000018385 ) ) ;
#6804 = CARTESIAN_POINT ( 'NONE',  ( -67.29233950874855452, 1.149571340636498462, 8.825445356059228530 ) ) ;
#6805 = VERTEX_POINT ( 'NONE', #2056 ) ;
#6806 = DIRECTION ( 'NONE',  ( 1.000000000000000000, -3.079720013407930462E-16, 0.0000000000000000000 ) ) ;
#6807 = CARTESIAN_POINT ( 'NONE',  ( -66.62235942056268811, 1.508124961853037904, 8.974160634813484805 ) ) ;
#6808 = ORIENTED_EDGE ( 'NONE', *, *, #5572, .T. ) ;
#6809 = B_SPLINE_CURVE_WITH_KNOTS ( 'NONE', 3,
 ( #4100, #6322, #1187, #627 ),
 .UNSPECIFIED., .F., .F.,
 ( 4, 4 ),
 ( 2.947697931858955855E-13, 0.0002831136725321078962 ),
 .UNSPECIFIED. ) ;
#6810 = ORIENTED_EDGE ( 'NONE', *, *, #1440, .F. ) ;
#6811 = B_SPLINE_CURVE_WITH_KNOTS ( 'NONE', 3,
 ( #6357, #1228, #4019, #2978 ),
 .UNSPECIFIED., .F., .F.,
 ( 4, 4 ),
 ( 2.475873559993489814E-15, 0.0004088046764230060656 ),
 .UNSPECIFIED. ) ;
#6812 = EDGE_CURVE ( 'NONE', #287, #650, #6275, .T. ) ;
#6813 = FILL_AREA_STYLE_COLOUR ( '', #4339 ) ;
#6814 = CARTESIAN_POINT ( 'NONE',  ( -73.00561028366129790, -0.2331160295301609731, 8.896946493981872095 ) ) ;
#6815 = DIRECTION ( 'NONE',  ( -1.000000000000000000, 0.0000000000000000000, 0.0000000000000000000 ) ) ;
#6816 = CARTESIAN_POINT ( 'NONE',  ( -66.72360391835560733, 2.330556980855939653, 8.589493682818234888 ) ) ;
#6817 = CARTESIAN_POINT ( 'NONE',  ( -67.29233950874652237, 1.149571340639744088, 9.027097303828067965 ) ) ;
#6818 = ORIENTED_EDGE ( 'NONE', *, *, #4779, .F. ) ;
#6819 = ORIENTED_EDGE ( 'NONE', *, *, #6885, .T. ) ;
#6820 = CARTESIAN_POINT ( 'NONE',  ( -65.93034995837960821, 3.436069172328130694, 8.209959113355951743 ) ) ;
#6821 = CARTESIAN_POINT ( 'NONE',  ( -66.43265886276445542, -5.912687558050719439, 6.917378538208849292 ) ) ;
#6822 = LINE ( 'NONE', #5133, #4453 ) ;
#6823 = CARTESIAN_POINT ( 'NONE',  ( -67.12706081969980687, -4.521341510183826351, 7.665994452664886438 ) ) ;
#6824 = CARTESIAN_POINT ( 'NONE',  ( -65.53073365860547028, 0.8114432488684697464, 8.863775879007743441 ) ) ;
#6825 = ORIENTED_EDGE ( 'NONE', *, *, #5952, .T. ) ;
#6826 = DIRECTION ( 'NONE',  ( 0.0000000000000000000, 0.0000000000000000000, -1.000000000000000000 ) ) ;
#6827 = B_SPLINE_CURVE_WITH_KNOTS ( 'NONE', 3,
 ( #3803, #6092, #6206, #1070 ),
 .UNSPECIFIED., .F., .F.,
 ( 4, 4 ),
 ( 1.099209400766666146E-12, 0.0002519565148389253011 ),
 .UNSPECIFIED. ) ;
#6828 = CARTESIAN_POINT ( 'NONE',  ( -64.86924676638300014, 3.733270642598479849, -10.09999999999999964 ) ) ;
#6829 = PLANE ( 'NONE',  #2646 ) ;
#6830 = VECTOR ( 'NONE', #3015, 1000.000000000000000 ) ;
#6831 = VECTOR ( 'NONE', #5250, 1000.000000000000000 ) ;
#6832 = ORIENTED_EDGE ( 'NONE', *, *, #1981, .F. ) ;
#6833 = CARTESIAN_POINT ( 'NONE',  ( -64.65388574423339207, 1.910565872570522572, 8.692510457087127662 ) ) ;
#6834 = FACE_OUTER_BOUND ( 'NONE', #7062, .T. ) ;
#6835 = VERTEX_POINT ( 'NONE', #4585 ) ;
#6836 = ORIENTED_EDGE ( 'NONE', *, *, #1060, .T. ) ;
#6837 = ADVANCED_FACE ( 'NONE', ( #3415 ), #1775, .T. ) ;
#6838 = EDGE_CURVE ( 'NONE', #4886, #6135, #4622, .T. ) ;
#6839 = CARTESIAN_POINT ( 'NONE',  ( -65.42334216101946254, 0.6894876160326791625, 8.873252325237785954 ) ) ;
#6840 = CARTESIAN_POINT ( 'NONE',  ( -67.24202186327163133, -3.953267896741550658, 8.196442700134786818 ) ) ;
#6841 = VECTOR ( 'NONE', #526, 1000.000000000000000 ) ;
#6842 = DIRECTION ( 'NONE',  ( 0.0000000000000000000, 0.0000000000000000000, 1.000000000000000000 ) ) ;
#6843 = CARTESIAN_POINT ( 'NONE',  ( -67.32181552222994014, 1.102706942873716178, 8.831549746986887328 ) ) ;
#6844 = EDGE_LOOP ( 'NONE', ( #6360, #5992, #5338, #6016 ) ) ;
#6845 = CARTESIAN_POINT ( 'NONE',  ( -65.53515135931769464, -4.591621383689700409, -10.09999999999999964 ) ) ;
#6846 = CARTESIAN_POINT ( 'NONE',  ( -71.30020535340770493, -0.2331160295301610008, -10.09999999999999964 ) ) ;
#6847 = AXIS2_PLACEMENT_3D ( 'NONE', #5279, #2353, #5246 ) ;
#6848 = AXIS2_PLACEMENT_3D ( 'NONE', #1556, #5943, #3131 ) ;
#6849 = VERTEX_POINT ( 'NONE', #6840 ) ;
#6850 = EDGE_CURVE ( 'NONE', #4387, #5155, #1101, .T. ) ;
#6851 = VECTOR ( 'NONE', #1477, 1000.000000000000000 ) ;
#6852 =( LENGTH_UNIT ( ) NAMED_UNIT ( * ) SI_UNIT ( .MILLI., .METRE. ) );
#6853 = CARTESIAN_POINT ( 'NONE',  ( -65.28001494342611011, 2.271798362519790615, 8.605376518731945978 ) ) ;
#6854 = CARTESIAN_POINT ( 'NONE',  ( -66.62984216101949642, 3.381374809265142112, 8.232636539971100120 ) ) ;
#6855 = EDGE_CURVE ( 'NONE', #7319, #2026, #7086, .T. ) ;
#6856 = CARTESIAN_POINT ( 'NONE',  ( -66.64859434612351663, 0.5811539945793500195, -10.09999999999999964 ) ) ;
#6857 = CARTESIAN_POINT ( 'NONE',  ( -65.99467776452640067, 3.045111062304179050, 8.575389123429498994 ) ) ;
#6858 = VERTEX_POINT ( 'NONE', #6317 ) ;
#6859 = ORIENTED_EDGE ( 'NONE', *, *, #2702, .F. ) ;
#6860 = CARTESIAN_POINT ( 'NONE',  ( -84.00000000000000000, 0.0000000000000000000, -8.850000000000004974 ) ) ;
#6861 = B_SPLINE_CURVE_WITH_KNOTS ( 'NONE', 3,
 ( #5363, #784, #4157, #196 ),
 .UNSPECIFIED., .F., .F.,
 ( 4, 4 ),
 ( 2.998198418382672615E-15, 0.0002834043410194709753 ),
 .UNSPECIFIED. ) ;
#6862 = LINE ( 'NONE', #1724, #1940 ) ;
#6863 =( GEOMETRIC_REPRESENTATION_CONTEXT ( 3 ) GLOBAL_UNCERTAINTY_ASSIGNED_CONTEXT ( ( #3689 ) ) GLOBAL_UNIT_ASSIGNED_CONTEXT ( ( #6852, #1862, #138 ) ) REPRESENTATION_CONTEXT ( 'NONE', 'WORKASPACE' ) );
#6864 = CARTESIAN_POINT ( 'NONE',  ( -66.65512375849209548, 2.798370603501989962, -10.09999999999999964 ) ) ;
#6865 = CARTESIAN_POINT ( 'NONE',  ( -64.85201268575499967, -4.402258597263768003, 7.734993163721441967 ) ) ;
#6866 = DIRECTION ( 'NONE',  ( 1.000000000000000000, 0.0000000000000000000, 0.0000000000000000000 ) ) ;
#6867 = CARTESIAN_POINT ( 'NONE',  ( -65.45892976529238183, -5.896062217416439211, 6.931628517386992705 ) ) ;
#6868 = ORIENTED_EDGE ( 'NONE', *, *, #5006, .T. ) ;
#6869 = STYLED_ITEM ( 'NONE', ( #2395 ), #5344 ) ;
#6870 = DIRECTION ( 'NONE',  ( -1.000000000000000000, 0.0000000000000000000, 0.0000000000000000000 ) ) ;
#6871 = CARTESIAN_POINT ( 'NONE',  ( -64.61217415200435710, 1.903837066979683801, 8.898620780045161993 ) ) ;
#6872 = DIRECTION ( 'NONE',  ( 0.0000000000000000000, 0.0000000000000000000, 1.000000000000000000 ) ) ;
#6873 = AXIS2_PLACEMENT_3D ( 'NONE', #7023, #5168, #4600 ) ;
#6874 = CARTESIAN_POINT ( 'NONE',  ( -65.87264915580917091, -5.580062691658242535, 7.188386493085184625 ) ) ;
#6875 = ORIENTED_EDGE ( 'NONE', *, *, #97, .F. ) ;
#6876 = CARTESIAN_POINT ( 'NONE',  ( -65.20258286308708762, -3.997243118007256069, 7.951858113393613259 ) ) ;
#6877 = ORIENTED_EDGE ( 'NONE', *, *, #1664, .T. ) ;
#6878 = ORIENTED_EDGE ( 'NONE', *, *, #3213, .T. ) ;
#6879 = B_SPLINE_CURVE_WITH_KNOTS ( 'NONE', 3,
 ( #2568, #1301, #4851, #7164 ),
 .UNSPECIFIED., .F., .F.,
 ( 4, 4 ),
 ( 0.0000000000000000000, 0.0004054778107264818323 ),
 .UNSPECIFIED. ) ;
#6880 = ORIENTED_EDGE ( 'NONE', *, *, #7325, .F. ) ;
#6881 = LINE ( 'NONE', #6728, #5623 ) ;
#6882 = DIRECTION ( 'NONE',  ( 0.0000000000000000000, 0.0000000000000000000, 1.000000000000000000 ) ) ;
#6883 = AXIS2_PLACEMENT_3D ( 'NONE', #5029, #5591, #6687 ) ;
#6884 = DIRECTION ( 'NONE',  ( -0.0000000000000000000, 0.0000000000000000000, 1.000000000000000000 ) ) ;
#6885 = EDGE_CURVE ( 'NONE', #2075, #202, #7096, .T. ) ;
#6886 = EDGE_CURVE ( 'NONE', #965, #683, #2224, .T. ) ;
#6887 = CARTESIAN_POINT ( 'NONE',  ( -67.30140059495612093, 0.1396041827474445163, 9.098929094797895800 ) ) ;
#6888 = ORIENTED_EDGE ( 'NONE', *, *, #1788, .T. ) ;
#6889 = FACE_OUTER_BOUND ( 'NONE', #730, .T. ) ;
#6890 = CARTESIAN_POINT ( 'NONE',  ( -65.21988171586104954, -5.812069188518740326, 6.740167041540682469 ) ) ;
#6891 = ORIENTED_EDGE ( 'NONE', *, *, #867, .T. ) ;
#6892 = ORIENTED_EDGE ( 'NONE', *, *, #4243, .T. ) ;
#6893 = DIRECTION ( 'NONE',  ( 1.000000000000000000, 0.0000000000000000000, 0.0000000000000000000 ) ) ;
#6894 = CARTESIAN_POINT ( 'NONE',  ( -65.22032075576770183, 2.217229646862007630, 8.619553200677346538 ) ) ;
#6895 = EDGE_CURVE ( 'NONE', #5302, #7022, #4023, .T. ) ;
#6896 = CARTESIAN_POINT ( 'NONE',  ( -67.03689223148955989, 3.627474426623108705, 8.345857355906165509 ) ) ;
#6897 = CARTESIAN_POINT ( 'NONE',  ( -67.11904706659200315, 0.7508383619958440836, 8.868271632858096609 ) ) ;
#6898 = FACE_OUTER_BOUND ( 'NONE', #5116, .T. ) ;
#6899 = PLANE ( 'NONE',  #1333 ) ;
#6900 = ORIENTED_EDGE ( 'NONE', *, *, #4887, .T. ) ;
#6901 = B_SPLINE_CURVE_WITH_KNOTS ( 'NONE', 3,
 ( #1425, #198, #3697, #4730 ),
 .UNSPECIFIED., .F., .F.,
 ( 4, 4 ),
 ( 1.293677946461548203E-13, 0.0001317555182434306199 ),
 .UNSPECIFIED. ) ;
#6902 = ORIENTED_EDGE ( 'NONE', *, *, #577, .F. ) ;
#6903 = CARTESIAN_POINT ( 'NONE',  ( -67.03700268136871898, 3.627428522497951668, 8.127342087292992900 ) ) ;
#6904 = EDGE_CURVE ( 'NONE', #7267, #6205, #5373, .T. ) ;
#6905 = AXIS2_PLACEMENT_3D ( 'NONE', #5892, #6642, #6710 ) ;
#6906 = CYLINDRICAL_SURFACE ( 'NONE', #4695, 1.171181591568301705 ) ;
#6907 = FACE_OUTER_BOUND ( 'NONE', #2525, .T. ) ;
#6908 =( GEOMETRIC_REPRESENTATION_CONTEXT ( 3 ) GLOBAL_UNCERTAINTY_ASSIGNED_CONTEXT ( ( #3248 ) ) GLOBAL_UNIT_ASSIGNED_CONTEXT ( ( #5098, #5855, #4759 ) ) REPRESENTATION_CONTEXT ( 'NONE', 'WORKASPACE' ) );
#6909 = CARTESIAN_POINT ( 'NONE',  ( -71.80973495877130119, -0.2331160295301611396, 8.896946493981872095 ) ) ;
#6910 = CARTESIAN_POINT ( 'NONE',  ( -64.67012716738648237, -5.385283857143051023, 7.085811017660198274 ) ) ;
#6911 = ORIENTED_EDGE ( 'NONE', *, *, #592, .T. ) ;
#6912 = DIRECTION ( 'NONE',  ( -1.000000000000000000, -0.0000000000000000000, 1.836970198721029934E-16 ) ) ;
#6913 = EDGE_CURVE ( 'NONE', #331, #4790, #6963, .T. ) ;
#6914 = CARTESIAN_POINT ( 'NONE',  ( -67.28809654712145516, -5.323086123035960959, 7.380701465764766489 ) ) ;
#6915 = FACE_OUTER_BOUND ( 'NONE', #184, .T. ) ;
#6916 = ORIENTED_EDGE ( 'NONE', *, *, #3345, .F. ) ;
#6917 = DIRECTION ( 'NONE',  ( -0.0000000000000000000, -0.0000000000000000000, -1.000000000000000000 ) ) ;
#6918 = ORIENTED_EDGE ( 'NONE', *, *, #2534, .F. ) ;
#6919 = EDGE_LOOP ( 'NONE', ( #1343, #4245, #2837, #5824, #6311, #7026, #2643, #1551, #4701, #5285, #6420, #1993, #4539, #201, #7354, #7003, #4032, #4329, #5418, #1748, #3296, #1160, #5330, #6818, #5570, #4282, #1808, #7431, #2988, #121, #3958, #5602, #26, #7249, #3702, #1596, #6892, #384, #3039, #4744, #1140, #3642, #6203, #517, #4841, #5809, #1274, #3661, #2333, #2334, #7194, #1921, #6470, #4649, #566, #4724, #1319, #6461 ) ) ;
#6920 = ORIENTED_EDGE ( 'NONE', *, *, #2435, .F. ) ;
#6921 = DIRECTION ( 'NONE',  ( -1.160471122613969985E-16, -1.000000000000000000, 0.0000000000000000000 ) ) ;
#6922 = DIRECTION ( 'NONE',  ( 0.0000000000000000000, 0.0000000000000000000, 1.000000000000000000 ) ) ;
#6923 = LINE ( 'NONE', #4057, #2283 ) ;
#6924 = DIRECTION ( 'NONE',  ( 1.000000000000000000, 0.0000000000000000000, 6.123233995736759873E-17 ) ) ;
#6925 = ORIENTED_EDGE ( 'NONE', *, *, #5993, .T. ) ;
#6926 = CARTESIAN_POINT ( 'NONE',  ( -65.86882949311412005, 1.160912211941019123, 8.824120813912482930 ) ) ;
#6927 = DIRECTION ( 'NONE',  ( 1.000000000000000000, 0.0000000000000000000, 0.0000000000000000000 ) ) ;
#6928 = ORIENTED_EDGE ( 'NONE', *, *, #490, .F. ) ;
#6929 = ORIENTED_EDGE ( 'NONE', *, *, #2523, .T. ) ;
#6930 = EDGE_CURVE ( 'NONE', #6347, #5708, #1258, .T. ) ;
#6931 = CARTESIAN_POINT ( 'NONE',  ( -70.10428868674109992, 0.3107680673900585777, 9.094692034823989246 ) ) ;
#6932 = CARTESIAN_POINT ( 'NONE',  ( -70.10428868674109992, 0.3107680673900590218, 8.894572682725739199 ) ) ;
#6933 = B_SPLINE_CURVE_WITH_KNOTS ( 'NONE', 3,
 ( #2323, #3401, #7411, #4608 ),
 .UNSPECIFIED., .F., .F.,
 ( 4, 4 ),
 ( 0.0000000000000000000, 0.0001707088681852716322 ),
 .UNSPECIFIED. ) ;
#6934 = DIRECTION ( 'NONE',  ( -0.0000000000000000000, -0.0000000000000000000, -1.000000000000000000 ) ) ;
#6935 = DIRECTION ( 'NONE',  ( 0.0000000000000000000, 0.0000000000000000000, 1.000000000000000000 ) ) ;
#6936 = DIRECTION ( 'NONE',  ( 1.000000000000000000, 0.0000000000000000000, 0.0000000000000000000 ) ) ;
#6937 = CARTESIAN_POINT ( 'NONE',  ( -67.40712804070207653, -4.269522496404826839, 7.809044605628352009 ) ) ;
#6938 = CARTESIAN_POINT ( 'NONE',  ( -64.77395546497911027, -0.2804583714803318695, 8.895579975575895304 ) ) ;
#6939 = B_SPLINE_CURVE_WITH_KNOTS ( 'NONE', 3,
 ( #2175, #3887, #1015, #2734 ),
 .UNSPECIFIED., .F., .F.,
 ( 4, 4 ),
 ( 3.409867994016964508E-14, 0.0003026328781430744769 ),
 .UNSPECIFIED. ) ;
#6940 = ORIENTED_EDGE ( 'NONE', *, *, #24, .T. ) ;
#6941 = ORIENTED_EDGE ( 'NONE', *, *, #963, .F. ) ;
#6942 = CARTESIAN_POINT ( 'NONE',  ( -67.46216343304963914, -4.651871251649234651, 7.587495888504953712 ) ) ;
#6943 = EDGE_CURVE ( 'NONE', #395, #5470, #5016, .T. ) ;
#6944 = EDGE_CURVE ( 'NONE', #4013, #132, #6363, .T. ) ;
#6945 = SURFACE_STYLE_FILL_AREA ( #6416 ) ;
#6946 = LINE ( 'NONE', #4757, #253 ) ;
#6947 = FACE_OUTER_BOUND ( 'NONE', #1465, .T. ) ;
#6948 = ORIENTED_EDGE ( 'NONE', *, *, #5850, .F. ) ;
#6949 = ADVANCED_FACE ( 'NONE', ( #587 ), #1741, .T. ) ;
#6950 = DIRECTION ( 'NONE',  ( 0.0000000000000000000, 0.0000000000000000000, 1.000000000000000000 ) ) ;
#6951 = B_SPLINE_CURVE_WITH_KNOTS ( 'NONE', 3,
 ( #1986, #4915, #1510, #3783 ),
 .UNSPECIFIED., .F., .F.,
 ( 4, 4 ),
 ( 2.245851524522733256E-16, 0.0002267580621052459131 ),
 .UNSPECIFIED. ) ;
#6952 = CARTESIAN_POINT ( 'NONE',  ( -64.80867081503033944, -4.770547210302114927, 7.513607329662140621 ) ) ;
#6953 = SURFACE_SIDE_STYLE ('',( #3004 ) ) ;
#6954 = ADVANCED_FACE ( 'NONE', ( #4510 ), #6801, .T. ) ;
#6955 = VERTEX_POINT ( 'NONE', #549 ) ;
#6956 = FACE_OUTER_BOUND ( 'NONE', #7184, .T. ) ;
#6957 = CARTESIAN_POINT ( 'NONE',  ( -67.42247593304968234, 0.6437229556095533933, 8.876689740912517834 ) ) ;
#6958 = ORIENTED_EDGE ( 'NONE', *, *, #5900, .T. ) ;
#6959 = VERTEX_POINT ( 'NONE', #2266 ) ;
#6960 = ORIENTED_EDGE ( 'NONE', *, *, #7170, .T. ) ;
#6961 = EDGE_CURVE ( 'NONE', #4891, #5115, #2959, .T. ) ;
#6962 = CARTESIAN_POINT ( 'NONE',  ( -64.81802110930448180, -4.534715868969411368, 7.658090622845696416 ) ) ;
#6963 = LINE ( 'NONE', #58, #557 ) ;
#6964 = VECTOR ( 'NONE', #1548, 1000.000000000000000 ) ;
#6965 = CYLINDRICAL_SURFACE ( 'NONE', #6478, 0.8124902617468732213 ) ;
#6966 = LINE ( 'NONE', #3535, #7228 ) ;
#6967 = ORIENTED_EDGE ( 'NONE', *, *, #3127, .F. ) ;
#6968 = CARTESIAN_POINT ( 'NONE',  ( -64.15717629265360245, 1.283071055441239894, -10.09999999999999964 ) ) ;
#6969 = VERTEX_POINT ( 'NONE', #3978 ) ;
#6970 = ORIENTED_EDGE ( 'NONE', *, *, #2492, .F. ) ;
#6971 = AXIS2_PLACEMENT_3D ( 'NONE', #6277, #1742, #3938 ) ;
#6972 = AXIS2_PLACEMENT_3D ( 'NONE', #2376, #2450, #3048 ) ;
#6973 = CARTESIAN_POINT ( 'NONE',  ( -66.94076318105084056, 1.444926967125847783, 8.781923824520040611 ) ) ;
#6974 = DIRECTION ( 'NONE',  ( -1.000000000000000000, 9.283448049266210329E-17, 0.0000000000000000000 ) ) ;
#6975 = CARTESIAN_POINT ( 'NONE',  ( -64.49325324590778052, -4.879406808352998226, 7.443210946802365946 ) ) ;
#6976 = VECTOR ( 'NONE', #1815, 1000.000000000000000 ) ;
#6977 = CARTESIAN_POINT ( 'NONE',  ( -67.40712804070209074, -4.269522496404850820, -10.09999999999999964 ) ) ;
#6978 = VECTOR ( 'NONE', #1075, 1000.000000000000000 ) ;
#6979 = CARTESIAN_POINT ( 'NONE',  ( -67.07058009971629531, 6.103937156677250009, -10.09999999999999964 ) ) ;
#6980 = CARTESIAN_POINT ( 'NONE',  ( -65.28949870242826137, -3.548797023523900585, 8.161968495990924666 ) ) ;
#6981 = VERTEX_POINT ( 'NONE', #4844 ) ;
#6982 = VERTEX_POINT ( 'NONE', #1363 ) ;
#6983 = CARTESIAN_POINT ( 'NONE',  ( -66.20392500701643712, 3.221818684992216575, 8.510574854910521125 ) ) ;
#6984 = AXIS2_PLACEMENT_3D ( 'NONE', #269, #1252, #3524 ) ;
#6985 = CIRCLE ( 'NONE', #2052, 9.099999999999999645 ) ;
#6986 = CARTESIAN_POINT ( 'NONE',  ( -66.50104659349059943, 1.147388307898044468, 9.027404635182174175 ) ) ;
#6987 = ADVANCED_FACE ( 'NONE', ( #6503 ), #3079, .F. ) ;
#6988 = ADVANCED_FACE ( 'NONE', ( #3111 ), #204, .F. ) ;
#6989 = PRESENTATION_STYLE_ASSIGNMENT (( #220 ) ) ;
#6990 = CARTESIAN_POINT ( 'NONE',  ( -66.10725408560729477, 2.866222803021659882, -10.09999999999999964 ) ) ;
#6991 = CARTESIAN_POINT ( 'NONE',  ( -66.98359465707636673, 3.237304909540063225, 8.504696179914926546 ) ) ;
#6992 = ORIENTED_EDGE ( 'NONE', *, *, #4139, .F. ) ;
#6993 = CARTESIAN_POINT ( 'NONE',  ( -84.00000000000000000, 1.083812417245407678E-15, 8.849999999999994316 ) ) ;
#6994 = AXIS2_PLACEMENT_3D ( 'NONE', #1912, #310, #4794 ) ;
#6995 = CARTESIAN_POINT ( 'NONE',  ( -64.80574676638303799, -4.686556477328054804, 7.566121092396991266 ) ) ;
#6996 = CARTESIAN_POINT ( 'NONE',  ( -67.12878843304970644, 0.6361575315631595728, 8.877235132350371316 ) ) ;
#6997 = ADVANCED_FACE ( 'NONE', ( #4275 ), #5929, .T. ) ;
#6998 = CARTESIAN_POINT ( 'NONE',  ( -67.46216343304811858, -4.583682575088888100, 7.629302164098412220 ) ) ;
#6999 = ORIENTED_EDGE ( 'NONE', *, *, #3013, .T. ) ;
#7000 = CARTESIAN_POINT ( 'NONE',  ( -66.63923498558557412, -5.464058091317923527, 7.025342803413767712 ) ) ;
#7001 = ORIENTED_EDGE ( 'NONE', *, *, #3216, .F. ) ;
#7002 = AXIS2_PLACEMENT_3D ( 'NONE', #4566, #1309, #5881 ) ;
#7003 = ORIENTED_EDGE ( 'NONE', *, *, #777, .F. ) ;
#7004 = ORIENTED_EDGE ( 'NONE', *, *, #2006, .F. ) ;
#7005 = DIRECTION ( 'NONE',  ( 1.000000000000000000, 0.0000000000000000000, 0.0000000000000000000 ) ) ;
#7006 = LINE ( 'NONE', #4128, #4373 ) ;
#7007 = ADVANCED_FACE ( 'NONE', ( #1430 ), #1854, .T. ) ;
#7008 = AXIS2_PLACEMENT_3D ( 'NONE', #7130, #1375, #6583 ) ;
#7009 = CARTESIAN_POINT ( 'NONE',  ( -66.43981237135781726, 3.346948729028490277, 8.246692319060700882 ) ) ;
#7010 = B_SPLINE_CURVE_WITH_KNOTS ( 'NONE', 3,
 ( #1071, #5050, #2653, #3247 ),
 .UNSPECIFIED., .F., .F.,
 ( 4, 4 ),
 ( 2.667697223260602456E-14, 0.0001977923927713261438 ),
 .UNSPECIFIED. ) ;
#7011 = FILL_AREA_STYLE ('',( #6467 ) ) ;
#7012 = VERTEX_POINT ( 'NONE', #4242 ) ;
#7013 = LINE ( 'NONE', #1858, #881 ) ;
#7014 = DIRECTION ( 'NONE',  ( 1.000000000000000000, -3.079720013407930462E-16, 0.0000000000000000000 ) ) ;
#7015 = ORIENTED_EDGE ( 'NONE', *, *, #6162, .F. ) ;
#7016 = ORIENTED_EDGE ( 'NONE', *, *, #2727, .F. ) ;
#7017 = AXIS2_PLACEMENT_3D ( 'NONE', #5744, #613, #2852 ) ;
#7018 = CARTESIAN_POINT ( 'NONE',  ( -64.86924676638300014, 0.1519700315994824691, 9.098730961485557600 ) ) ;
#7019 = CARTESIAN_POINT ( 'NONE',  ( -66.57996719985172263, -0.1711171013278464936, 9.098793322813644835 ) ) ;
#7020 = EDGE_CURVE ( 'NONE', #6981, #52, #6531, .T. ) ;
#7021 = CARTESIAN_POINT ( 'NONE',  ( -67.12136000721257290, 3.569910046609204191, 8.370890851353799178 ) ) ;
#7022 = VERTEX_POINT ( 'NONE', #4737 ) ;
#7023 = CARTESIAN_POINT ( 'NONE',  ( -66.80309590458979585, 2.377204137427900044, -10.09999999999999964 ) ) ;
#7024 = DIRECTION ( 'NONE',  ( 0.0000000000000000000, 1.000000000000000000, -0.0000000000000000000 ) ) ;
#7025 = VERTEX_POINT ( 'NONE', #793 ) ;
#7026 = ORIENTED_EDGE ( 'NONE', *, *, #4531, .F. ) ;
#7027 = B_SPLINE_CURVE_WITH_KNOTS ( 'NONE', 3,
 ( #1174, #2441, #4645, #83 ),
 .UNSPECIFIED., .F., .F.,
 ( 4, 4 ),
 ( 3.300679162895222745E-13, 0.0002485380804328860709 ),
 .UNSPECIFIED. ) ;
#7028 = CARTESIAN_POINT ( 'NONE',  ( -66.62984216101949642, 0.6171857003553899990, -10.09999999999999964 ) ) ;
#7029 = B_SPLINE_CURVE_WITH_KNOTS ( 'NONE', 3,
 ( #3163, #7315, #987, #3793 ),
 .UNSPECIFIED., .F., .F.,
 ( 4, 4 ),
 ( 1.623832109323646003E-13, 0.0002037237068313422909 ),
 .UNSPECIFIED. ) ;
#7030 = CARTESIAN_POINT ( 'NONE',  ( -67.30140059490987881, 2.362104030080114825, 8.580819573390380484 ) ) ;
#7031 = FACE_OUTER_BOUND ( 'NONE', #6522, .T. ) ;
#7032 = ORIENTED_EDGE ( 'NONE', *, *, #4036, .F. ) ;
#7033 = EDGE_CURVE ( 'NONE', #2026, #4840, #2515, .T. ) ;
#7034 = CARTESIAN_POINT ( 'NONE',  ( -66.17377243723882430, 3.612180524043953955, 8.352447192028440881 ) ) ;
#7035 = ADVANCED_FACE ( 'NONE', ( #2483 ), #826, .T. ) ;
#7036 = DIRECTION ( 'NONE',  ( -0.0000000000000000000, -0.0000000000000000000, -1.000000000000000000 ) ) ;
#7037 = CARTESIAN_POINT ( 'NONE',  ( -66.77867029611267924, -5.793217620988404981, 6.756376957798432059 ) ) ;
#7038 = CARTESIAN_POINT ( 'NONE',  ( -67.44745403328700206, -4.446436080983370509, 7.709682624967737929 ) ) ;
#7039 = CARTESIAN_POINT ( 'NONE',  ( -66.39468067353770664, -4.624958118164980370, -10.09999999999999964 ) ) ;
#7040 = CARTESIAN_POINT ( 'NONE',  ( -66.97725249243033829, -5.192034669314930184, 7.473471482024399926 ) ) ;
#7041 = ORIENTED_EDGE ( 'NONE', *, *, #6581, .F. ) ;
#7042 = ORIENTED_EDGE ( 'NONE', *, *, #7378, .F. ) ;
#7043 = B_SPLINE_CURVE_WITH_KNOTS ( 'NONE', 3,
 ( #1419, #3692, #5982, #3141 ),
 .UNSPECIFIED., .F., .F.,
 ( 4, 4 ),
 ( 8.756433588627931074E-14, 0.0003880180726719102214 ),
 .UNSPECIFIED. ) ;
#7044 = EDGE_LOOP ( 'NONE', ( #4388, #214, #1110, #252 ) ) ;
#7045 = CARTESIAN_POINT ( 'NONE',  ( -67.27885121157528658, -4.000648082321657029, 8.173590522254308155 ) ) ;
#7046 = CARTESIAN_POINT ( 'NONE',  ( -64.52793426638299934, -2.622268958061369837, -10.09999999999999964 ) ) ;
#7047 = EDGE_CURVE ( 'NONE', #2019, #4397, #2465, .T. ) ;
#7048 = CYLINDRICAL_SURFACE ( 'NONE', #7341, 0.5112226280930276534 ) ;
#7049 = PRESENTATION_STYLE_ASSIGNMENT (( #1366 ) ) ;
#7050 = ORIENTED_EDGE ( 'NONE', *, *, #1575, .F. ) ;
#7051 = CARTESIAN_POINT ( 'NONE',  ( -67.33779244723828583, -4.102371309953976031, 8.122841229229258886 ) ) ;
#7052 = CARTESIAN_POINT ( 'NONE',  ( -66.20392500701643712, 3.221818684992216575, 8.510574854910521125 ) ) ;
#7053 = ORIENTED_EDGE ( 'NONE', *, *, #786, .T. ) ;
#7054 = EDGE_CURVE ( 'NONE', #4823, #4471, #7006, .T. ) ;
#7055 = ORIENTED_EDGE ( 'NONE', *, *, #4726, .T. ) ;
#7056 = B_SPLINE_CURVE_WITH_KNOTS ( 'NONE', 3,
 ( #6291, #3427, #596, #6897 ),
 .UNSPECIFIED., .F., .F.,
 ( 4, 4 ),
 ( 3.628537504190714584E-14, 0.0001154423294148166696 ),
 .UNSPECIFIED. ) ;
#7057 = CARTESIAN_POINT ( 'NONE',  ( -66.98440449857443468, 3.236494773470041775, 8.290663518760201356 ) ) ;
#7058 = CARTESIAN_POINT ( 'NONE',  ( -66.53430276858281900, -3.918479357401496443, 8.213130921008048091 ) ) ;
#7059 = EDGE_LOOP ( 'NONE', ( #7084, #5480, #765, #2379 ) ) ;
#7060 = DIRECTION ( 'NONE',  ( -1.000000000000000000, 0.0000000000000000000, -0.0000000000000000000 ) ) ;
#7061 = CARTESIAN_POINT ( 'NONE',  ( -65.20258286308708762, -3.997243118007256069, 7.951858113393613259 ) ) ;
#7062 = EDGE_LOOP ( 'NONE', ( #135, #6057, #1778, #3644 ) ) ;
#7063 = ORIENTED_EDGE ( 'NONE', *, *, #2746, .T. ) ;
#7064 = EDGE_CURVE ( 'NONE', #5887, #5976, #318, .T. ) ;
#7065 = CARTESIAN_POINT ( 'NONE',  ( -66.82563370476847808, -4.049248987187114679, 7.925502043389070828 ) ) ;
#7066 = PLANE ( 'NONE',  #137 ) ;
#7067 = CARTESIAN_POINT ( 'NONE',  ( -84.00000000000000000, 0.0000000000000000000, 1.543054966925670124E-14 ) ) ;
#7068 = VERTEX_POINT ( 'NONE', #1017 ) ;
#7069 = CARTESIAN_POINT ( 'NONE',  ( -65.09515133669009401, 2.115052759234620883, 8.850948450613623564 ) ) ;
#7070 = CARTESIAN_POINT ( 'NONE',  ( -66.56181841637753394, 1.114428587224091465E-15, 9.100000000000012079 ) ) ;
#7071 = CARTESIAN_POINT ( 'NONE',  ( -66.58903843304969428, 1.965853975931816766, 8.885123417562262205 ) ) ;
#7072 = CARTESIAN_POINT ( 'NONE',  ( -67.12005477725834623, 1.348730443873856544, 8.797522644376291723 ) ) ;
#7073 = DIRECTION ( 'NONE',  ( 0.0000000000000000000, 0.0000000000000000000, -1.000000000000000000 ) ) ;
#7074 = VERTEX_POINT ( 'NONE', #3155 ) ;
#7075 = EDGE_LOOP ( 'NONE', ( #7225, #2830, #4584, #2459 ) ) ;
#7076 = CARTESIAN_POINT ( 'NONE',  ( -64.96182552421112177, 2.436396897124870620, 8.767780229891743105 ) ) ;
#7077 = CARTESIAN_POINT ( 'NONE',  ( -71.30020535340770493, -0.2331160295301619723, -10.09999999999999964 ) ) ;
#7078 = CARTESIAN_POINT ( 'NONE',  ( -84.00000000000000000, -0.2331160295301583918, 9.097013626282878462 ) ) ;
#7079 = ORIENTED_EDGE ( 'NONE', *, *, #2660, .T. ) ;
#7080 = EDGE_CURVE ( 'NONE', #3575, #4849, #2629, .T. ) ;
#7081 = ADVANCED_FACE ( 'NONE', ( #3292 ), #7270, .F. ) ;
#7082 = FACE_OUTER_BOUND ( 'NONE', #3975, .T. ) ;
#7083 = ORIENTED_EDGE ( 'NONE', *, *, #5439, .F. ) ;
#7084 = ORIENTED_EDGE ( 'NONE', *, *, #3275, .F. ) ;
#7085 = AXIS2_PLACEMENT_3D ( 'NONE', #4620, #6921, #90 ) ;
#7086 =( BOUNDED_CURVE ( )  B_SPLINE_CURVE ( 3, ( #3453, #659, #5712, #5233 ),
 .UNSPECIFIED., .F., .F. ) 
 B_SPLINE_CURVE_WITH_KNOTS ( ( 4, 4 ),
 ( 4.683548367599090767, 4.722794126400080117 ),
 .UNSPECIFIED. ) 
 CURVE ( )  GEOMETRIC_REPRESENTATION_ITEM ( )  RATIONAL_B_SPLINE_CURVE ( ( 1.000000000000000000, 0.9998716516532137888, 0.9998716516532137888, 1.000000000000000000 ) ) 
 REPRESENTATION_ITEM ( '' )  );
#7087 = LINE ( 'NONE', #7127, #4674 ) ;
#7088 = ORIENTED_EDGE ( 'NONE', *, *, #244, .F. ) ;
#7089 = CARTESIAN_POINT ( 'NONE',  ( 103.2999999999999972, -3.200000000000000178, -1.877995866492462613E-14 ) ) ;
#7090 = EDGE_CURVE ( 'NONE', #2259, #1524, #1155, .T. ) ;
#7091 = LINE ( 'NONE', #1376, #5397 ) ;
#7092 = VECTOR ( 'NONE', #4025, 1000.000000000000000 ) ;
#7093 = EDGE_LOOP ( 'NONE', ( #200, #600, #3645, #6808, #954, #6911, #2002, #5317, #6745, #767, #1370, #3243 ) ) ;
#7094 = AXIS2_PLACEMENT_3D ( 'NONE', #7436, #2162, #2762 ) ;
#7095 = ORIENTED_EDGE ( 'NONE', *, *, #5429, .T. ) ;
#7096 = B_SPLINE_CURVE_WITH_KNOTS ( 'NONE', 3,
 ( #1703, #619, #2302, #1220 ),
 .UNSPECIFIED., .F., .F.,
 ( 4, 4 ),
 ( 3.437817545239100849E-16, 0.0001625329693981771636 ),
 .UNSPECIFIED. ) ;
#7097 = VECTOR ( 'NONE', #4303, 1000.000000000000000 ) ;
#7098 = EDGE_CURVE ( 'NONE', #2289, #6220, #5927, .T. ) ;
#7099 = DIRECTION ( 'NONE',  ( 0.0000000000000000000, 0.0000000000000000000, 1.000000000000000000 ) ) ;
#7100 = AXIS2_PLACEMENT_3D ( 'NONE', #4512, #1106, #3379 ) ;
#7101 = AXIS2_PLACEMENT_3D ( 'NONE', #7295, #2124, #1562 ) ;
#7102 =( NAMED_UNIT ( * ) PLANE_ANGLE_UNIT ( ) SI_UNIT ( $, .RADIAN. ) );
#7103 = ORIENTED_EDGE ( 'NONE', *, *, #2757, .T. ) ;
#7104 = B_SPLINE_CURVE_WITH_KNOTS ( 'NONE', 3,
 ( #5888, #157, #115, #1910 ),
 .UNSPECIFIED., .F., .F.,
 ( 4, 4 ),
 ( 0.0000000000000000000, 1.000000000000000000 ),
 .UNSPECIFIED. ) ;
#7105 = CARTESIAN_POINT ( 'NONE',  ( -65.93034995830929290, 1.213569324855838127, 9.018716621214416307 ) ) ;
#7106 = VECTOR ( 'NONE', #4412, 1000.000000000000000 ) ;
#7107 = CARTESIAN_POINT ( 'NONE',  ( -64.83970852115089656, -4.930712128363396118, 7.409323714564663099 ) ) ;
#7108 = FACE_OUTER_BOUND ( 'NONE', #2705, .T. ) ;
#7109 = CARTESIAN_POINT ( 'NONE',  ( -103.2999999999999972, 0.0000000000000000000, -6.325300717596081604E-15 ) ) ;
#7110 = B_SPLINE_CURVE_WITH_KNOTS ( 'NONE', 3,
 ( #6073, #937, #7115, #317 ),
 .UNSPECIFIED., .F., .F.,
 ( 4, 4 ),
 ( 5.680433075925795352E-17, 0.0003145043026122592081 ),
 .UNSPECIFIED. ) ;
#7111 = VERTEX_POINT ( 'NONE', #6685 ) ;
#7112 = VERTEX_POINT ( 'NONE', #6716 ) ;
#7113 = CARTESIAN_POINT ( 'NONE',  ( -106.3000000000000114, 0.0000000000000000000, -6.508997737468182748E-15 ) ) ;
#7114 = PRESENTATION_LAYER_ASSIGNMENT (  '', '', ( #7242 ) ) ;
#7115 = CARTESIAN_POINT ( 'NONE',  ( -66.73967309067114684, 1.506935296538527869, 8.974360552972569849 ) ) ;
#7116 = CARTESIAN_POINT ( 'NONE',  ( -64.88161857960102452, -5.044752214419544245, 7.573669856490266916 ) ) ;
#7117 = B_SPLINE_CURVE_WITH_KNOTS ( 'NONE', 3,
 ( #4673, #6334, #4112, #5217 ),
 .UNSPECIFIED., .F., .F.,
 ( 4, 4 ),
 ( 8.510513947517349414E-15, 0.0003259751400337116182 ),
 .UNSPECIFIED. ) ;
#7118 = DIRECTION ( 'NONE',  ( -1.000000000000000000, 0.0000000000000000000, 0.0000000000000000000 ) ) ;
#7119 = ORIENTED_EDGE ( 'NONE', *, *, #255, .T. ) ;
#7120 = SURFACE_SIDE_STYLE ('',( #3710 ) ) ;
#7121 = CARTESIAN_POINT ( 'NONE',  ( -67.13672593304933400, -4.613032661235509480, 7.844281346041451997 ) ) ;
#7122 = EDGE_LOOP ( 'NONE', ( #2589, #2856, #6877, #6021 ) ) ;
#7123 = ORIENTED_EDGE ( 'NONE', *, *, #2809, .T. ) ;
#7124 = CIRCLE ( 'NONE', #6515, 0.2000000000000002054 ) ;
#7125 = EDGE_CURVE ( 'NONE', #529, #440, #2796, .T. ) ;
#7126 = EDGE_CURVE ( 'NONE', #429, #7347, #327, .T. ) ;
#7127 = CARTESIAN_POINT ( 'NONE',  ( -67.19247447104461912, 3.497977513926782134, -10.09999999999999964 ) ) ;
#7128 = ORIENTED_EDGE ( 'NONE', *, *, #2932, .T. ) ;
#7129 = B_SPLINE_CURVE_WITH_KNOTS ( 'NONE', 3,
 ( #1584, #321, #6720, #6157 ),
 .UNSPECIFIED., .F., .F.,
 ( 4, 4 ),
 ( 6.612385968790045228E-15, 0.0001001763068321775697 ),
 .UNSPECIFIED. ) ;
#7130 = CARTESIAN_POINT ( 'NONE',  ( -67.08173646700770121, 2.090878652290579787, -10.09999999999999964 ) ) ;
#7131 = PLANE ( 'NONE',  #6117 ) ;
#7132 = VECTOR ( 'NONE', #7344, 1000.000000000000000 ) ;
#7133 = EDGE_LOOP ( 'NONE', ( #5702, #4650, #272, #3380 ) ) ;
#7134 = EDGE_LOOP ( 'NONE', ( #3047, #1097, #4249, #1773 ) ) ;
#7135 = ADVANCED_FACE ( 'NONE', ( #5025 ), #6606, .F. ) ;
#7136 = CARTESIAN_POINT ( 'NONE',  ( -65.44359930859961594, -3.511021024068192276, 8.395399416856314190 ) ) ;
#7137 = CARTESIAN_POINT ( 'NONE',  ( -65.73909055748569585, -4.535094214140969804, -10.09999999999999964 ) ) ;
#7138 = ORIENTED_EDGE ( 'NONE', *, *, #6523, .F. ) ;
#7139 = EDGE_CURVE ( 'NONE', #1197, #6548, #976, .T. ) ;
#7140 = ORIENTED_EDGE ( 'NONE', *, *, #5288, .T. ) ;
#7141 = B_SPLINE_CURVE_WITH_KNOTS ( 'NONE', 3,
 ( #6641, #4520, #2621, #2549 ),
 .UNSPECIFIED., .F., .F.,
 ( 4, 4 ),
 ( 1.691525602722180863E-13, 0.0002044091612062005838 ),
 .UNSPECIFIED. ) ;
#7142 = DIRECTION ( 'NONE',  ( -0.0000000000000000000, -0.0000000000000000000, -1.000000000000000000 ) ) ;
#7143 = DIRECTION ( 'NONE',  ( -1.000000000000000000, 0.0000000000000000000, 0.0000000000000000000 ) ) ;
#7144 = LINE ( 'NONE', #2015, #387 ) ;
#7145 = CARTESIAN_POINT ( 'NONE',  ( -64.52793426638299934, -2.989791781107580704, 8.594832465244554243 ) ) ;
#7146 = FACE_OUTER_BOUND ( 'NONE', #2494, .T. ) ;
#7147 = VERTEX_POINT ( 'NONE', #2022 ) ;
#7148 = ORIENTED_EDGE ( 'NONE', *, *, #1627, .F. ) ;
#7149 = LINE ( 'NONE', #4241, #4921 ) ;
#7150 = DIRECTION ( 'NONE',  ( 0.0000000000000000000, 0.0000000000000000000, 1.000000000000000000 ) ) ;
#7151 = ADVANCED_FACE ( 'NONE', ( #1474 ), #423, .F. ) ;
#7152 = PRESENTATION_LAYER_ASSIGNMENT (  '', '', ( #1626 ) ) ;
#7153 = CARTESIAN_POINT ( 'NONE',  ( -65.54008956189940704, -3.876146024068180207, -10.09999999999999964 ) ) ;
#7154 = FACE_BOUND ( 'NONE', #4477, .T. ) ;
#7155 = ORIENTED_EDGE ( 'NONE', *, *, #2859, .T. ) ;
#7156 = B_SPLINE_CURVE_WITH_KNOTS ( 'NONE', 3,
 ( #5372, #4740, #4698, #7009 ),
 .UNSPECIFIED., .F., .F.,
 ( 4, 4 ),
 ( 3.577884963215389522E-15, 0.0001936337803342344521 ),
 .UNSPECIFIED. ) ;
#7157 = SURFACE_STYLE_USAGE ( .BOTH. , #284 ) ;
#7158 = CARTESIAN_POINT ( 'NONE',  ( -65.87847804425560128, -4.657286943678579760, -10.09999999999999964 ) ) ;
#7159 = ORIENTED_EDGE ( 'NONE', *, *, #194, .F. ) ;
#7160 = VERTEX_POINT ( 'NONE', #386 ) ;
#7161 = VECTOR ( 'NONE', #6950, 1000.000000000000000 ) ;
#7162 = DIRECTION ( 'NONE',  ( -1.000000000000000000, 0.0000000000000000000, 0.0000000000000000000 ) ) ;
#7163 = CARTESIAN_POINT ( 'NONE',  ( -67.11904706659302633, 2.973338209401944265, 8.388638738943919648 ) ) ;
#7164 = CARTESIAN_POINT ( 'NONE',  ( -66.62289686380690057, -3.558646023468377884, 8.375323186579304746 ) ) ;
#7165 = ORIENTED_EDGE ( 'NONE', *, *, #5546, .T. ) ;
#7166 = DIRECTION ( 'NONE',  ( -1.000000000000000000, -0.0000000000000000000, 1.836970198721029934E-16 ) ) ;
#7167 = CARTESIAN_POINT ( 'NONE',  ( -73.00561028366129790, 0.0000000000000000000, 1.341091304305278863E-14 ) ) ;
#7168 = VERTEX_POINT ( 'NONE', #7308 ) ;
#7169 = VERTEX_POINT ( 'NONE', #2100 ) ;
#7170 = EDGE_CURVE ( 'NONE', #3085, #4397, #7227, .T. ) ;
#7171 = CARTESIAN_POINT ( 'NONE',  ( -66.98742839894607926, -3.721384618448835724, 8.084633357275555099 ) ) ;
#7172 = UNCERTAINTY_MEASURE_WITH_UNIT (LENGTH_MEASURE( 1.000000000000000082E-05 ), #3555, 'distance_accuracy_value', 'NONE');
#7173 = CARTESIAN_POINT ( 'NONE',  ( -67.29233950874552761, 1.149571340641331929, -10.09999999999999964 ) ) ;
#7174 = ORIENTED_EDGE ( 'NONE', *, *, #6050, .F. ) ;
#7175 = EDGE_CURVE ( 'NONE', #6344, #4052, #5482, .T. ) ;
#7176 = ADVANCED_FACE ( 'NONE', ( #2669 ), #2735, .F. ) ;
#7177 = VERTEX_POINT ( 'NONE', #2176 ) ;
#7178 = CARTESIAN_POINT ( 'NONE',  ( -66.71976309415632045, -5.422974568130081607, 7.307900025316928172 ) ) ;
#7179 = CARTESIAN_POINT ( 'NONE',  ( -64.93216193423533866, 0.1915725405539983606, 8.897965982934097795 ) ) ;
#7180 = CARTESIAN_POINT ( 'NONE',  ( -66.68023908615840867, 0.4948180483879799918, -10.09999999999999964 ) ) ;
#7181 = DIRECTION ( 'NONE',  ( 0.0000000000000000000, 0.0000000000000000000, -1.000000000000000000 ) ) ;
#7182 = VERTEX_POINT ( 'NONE', #5995 ) ;
#7183 = ADVANCED_FACE ( 'NONE', ( #352 ), #3743, .T. ) ;
#7184 = EDGE_LOOP ( 'NONE', ( #4111, #2955, #741, #789 ) ) ;
#7185 = ORIENTED_EDGE ( 'NONE', *, *, #6065, .F. ) ;
#7186 = DIRECTION ( 'NONE',  ( 0.0000000000000000000, 0.0000000000000000000, -1.000000000000000000 ) ) ;
#7187 = CARTESIAN_POINT ( 'NONE',  ( -66.96605320176560383, -0.1605121025116209299, 8.898552458964745782 ) ) ;
#7188 = B_SPLINE_CURVE_WITH_KNOTS ( 'NONE', 3,
 ( #5792, #4696, #7045, #1813 ),
 .UNSPECIFIED., .F., .F.,
 ( 4, 4 ),
 ( 0.0000000000000000000, 0.0001918880101727298492 ),
 .UNSPECIFIED. ) ;
#7189 = ORIENTED_EDGE ( 'NONE', *, *, #2122, .T. ) ;
#7190 = DIRECTION ( 'NONE',  ( 1.836970198721029934E-16, 6.123233995736731523E-17, 1.000000000000000000 ) ) ;
#7191 = LINE ( 'NONE', #5966, #4078 ) ;
#7192 = EDGE_CURVE ( 'NONE', #3178, #3085, #2948, .T. ) ;
#7193 = ORIENTED_EDGE ( 'NONE', *, *, #194, .T. ) ;
#7194 = ORIENTED_EDGE ( 'NONE', *, *, #2491, .T. ) ;
#7195 = CARTESIAN_POINT ( 'NONE',  ( -65.15219588189360422, 0.3872233074690977772, 8.891572308098997013 ) ) ;
#7196 = CARTESIAN_POINT ( 'NONE',  ( -65.87471605365425376, -2.175146445046319155, 8.850533031591664823 ) ) ;
#7197 = CARTESIAN_POINT ( 'NONE',  ( -66.63283757446089339, 1.508069481957674762, 8.974169958140313597 ) ) ;
#7198 = CARTESIAN_POINT ( 'NONE',  ( -65.93034995837959400, 1.213569324916024428, 8.816872999744470363 ) ) ;
#7199 = ORIENTED_EDGE ( 'NONE', *, *, #1171, .T. ) ;
#7200 = CARTESIAN_POINT ( 'NONE',  ( -67.23037664853832496, 1.237139479424402611, 9.015596773311632006 ) ) ;
#7201 = CARTESIAN_POINT ( 'NONE',  ( -67.07058009971629531, 4.680478823343920070, -10.09999999999999964 ) ) ;
#7202 = ORIENTED_EDGE ( 'NONE', *, *, #4075, .T. ) ;
#7203 = ORIENTED_EDGE ( 'NONE', *, *, #4095, .T. ) ;
#7204 = AXIS2_PLACEMENT_3D ( 'NONE', #3179, #7210, #2010 ) ;
#7205 = CARTESIAN_POINT ( 'NONE',  ( -67.05532099849328631, -4.294521190202072347, -10.09999999999999964 ) ) ;
#7206 = AXIS2_PLACEMENT_3D ( 'NONE', #998, #2086, #3311 ) ;
#7207 = CARTESIAN_POINT ( 'NONE',  ( -67.07688518441854342, -5.588536552414140601, -10.09999999999999964 ) ) ;
#7208 = DIRECTION ( 'NONE',  ( -0.0000000000000000000, -0.0000000000000000000, -1.000000000000000000 ) ) ;
#7209 = ORIENTED_EDGE ( 'NONE', *, *, #3386, .T. ) ;
#7210 = DIRECTION ( 'NONE',  ( 1.000000000000000000, 0.0000000000000000000, -1.836970198721029934E-16 ) ) ;
#7211 = CIRCLE ( 'NONE', #3472, 3.200000000000000178 ) ;
#7212 = VECTOR ( 'NONE', #6062, 1000.000000000000000 ) ;
#7213 = CARTESIAN_POINT ( 'NONE',  ( -71.30020535340770493, 0.3107680673900600210, -10.09999999999999964 ) ) ;
#7214 = EDGE_CURVE ( 'NONE', #6052, #5808, #4257, .T. ) ;
#7215 = EDGE_CURVE ( 'NONE', #4052, #3448, #416, .T. ) ;
#7216 = CARTESIAN_POINT ( 'NONE',  ( -65.80990918322608252, 1.105477909852177421, 9.032793250850483346 ) ) ;
#7217 = DIRECTION ( 'NONE',  ( 1.000000000000000000, 0.0000000000000000000, 0.0000000000000000000 ) ) ;
#7218 = AXIS2_PLACEMENT_3D ( 'NONE', #5260, #2403, #4686 ) ;
#7219 = AXIS2_PLACEMENT_3D ( 'NONE', #241, #1369, #5523 ) ;
#7220 = DIRECTION ( 'NONE',  ( -1.000000000000000000, 3.888811336609149864E-16, 0.0000000000000000000 ) ) ;
#7221 = CARTESIAN_POINT ( 'NONE',  ( -64.77395546497913870, 1.942041475931817640, 8.890358536401150147 ) ) ;
#7222 = VERTEX_POINT ( 'NONE', #3442 ) ;
#7223 = VERTEX_POINT ( 'NONE', #6341 ) ;
#7224 = ORIENTED_EDGE ( 'NONE', *, *, #5045, .T. ) ;
#7225 = ORIENTED_EDGE ( 'NONE', *, *, #666, .F. ) ;
#7226 = CARTESIAN_POINT ( 'NONE',  ( -67.10079531604223746, -4.404687394775145926, 7.733610344096030431 ) ) ;
#7227 = LINE ( 'NONE', #2593, #901 ) ;
#7228 = VECTOR ( 'NONE', #512, 1000.000000000000000 ) ;
#7229 = EDGE_CURVE ( 'NONE', #5709, #4741, #575, .T. ) ;
#7230 = CARTESIAN_POINT ( 'NONE',  ( -71.36271891601070649, -4.543614111717769966, -10.09999999999999964 ) ) ;
#7231 = CARTESIAN_POINT ( 'NONE',  ( -66.43981237135848517, 1.124448881616629592, 8.828681368847293598 ) ) ;
#7232 = EDGE_LOOP ( 'NONE', ( #7280, #2980, #961, #6097 ) ) ;
#7233 = LINE ( 'NONE', #3862, #769 ) ;
#7234 = CARTESIAN_POINT ( 'NONE',  ( -67.10456487024174521, 0.8160266974741181567, 9.063391977657818899 ) ) ;
#7235 = FACE_OUTER_BOUND ( 'NONE', #6237, .T. ) ;
#7236 = AXIS2_PLACEMENT_3D ( 'NONE', #4946, #2088, #810 ) ;
#7237 = VERTEX_POINT ( 'NONE', #2254 ) ;
#7238 = VERTEX_POINT ( 'NONE', #2926 ) ;
#7239 = EDGE_CURVE ( 'NONE', #3872, #1623, #2847, .T. ) ;
#7240 = CARTESIAN_POINT ( 'NONE',  ( -64.65388574423370471, -0.3119339748415486113, -10.09999999999999964 ) ) ;
#7241 = B_SPLINE_CURVE_WITH_KNOTS ( 'NONE', 3,
 ( #891, #4837, #2584, #4869 ),
 .UNSPECIFIED., .F., .F.,
 ( 4, 4 ),
 ( 4.388162784318318687E-13, 0.0001515312995787896418 ),
 .UNSPECIFIED. ) ;
#7242 = STYLED_ITEM ( 'NONE', ( #5685 ), #4780 ) ;
#7243 = DIRECTION ( 'NONE',  ( -0.0000000000000000000, -0.0000000000000000000, -1.000000000000000000 ) ) ;
#7244 = CARTESIAN_POINT ( 'NONE',  ( -64.83856265551520437, 1.965208500283081916, 8.680352475225145525 ) ) ;
#7245 = CARTESIAN_POINT ( 'NONE',  ( -67.33779244791578833, -4.102371311251697961, 7.898135832246695465 ) ) ;
#7246 = ORIENTED_EDGE ( 'NONE', *, *, #7378, .T. ) ;
#7247 = CARTESIAN_POINT ( 'NONE',  ( -64.89894797234624946, -5.083226517660122568, 7.305681979397893322 ) ) ;
#7248 = CARTESIAN_POINT ( 'NONE',  ( -66.82348332693275950, 3.343514479679411178, 8.248085288366887369 ) ) ;
#7249 = ORIENTED_EDGE ( 'NONE', *, *, #565, .T. ) ;
#7250 = ORIENTED_EDGE ( 'NONE', *, *, #1440, .T. ) ;
#7251 = AXIS2_PLACEMENT_3D ( 'NONE', #3034, #1936, #2539 ) ;
#7252 = EDGE_CURVE ( 'NONE', #4162, #6969, #5222, .T. ) ;
#7253 = DIRECTION ( 'NONE',  ( -0.005294716611223628661, 0.9999859828897637026, 0.0000000000000000000 ) ) ;
#7254 = DIRECTION ( 'NONE',  ( 1.000000000000000000, 0.0000000000000000000, 0.0000000000000000000 ) ) ;
#7255 = AXIS2_PLACEMENT_3D ( 'NONE', #635, #6934, #5761 ) ;
#7256 = UNCERTAINTY_MEASURE_WITH_UNIT (LENGTH_MEASURE( 1.000000000000000082E-05 ), #1116, 'distance_accuracy_value', 'NONE');
#7257 = LINE ( 'NONE', #3690, #1918 ) ;
#7258 = LINE ( 'NONE', #886, #2895 ) ;
#7259 = ORIENTED_EDGE ( 'NONE', *, *, #4959, .F. ) ;
#7260 = ORIENTED_EDGE ( 'NONE', *, *, #422, .T. ) ;
#7261 =( NAMED_UNIT ( * ) PLANE_ANGLE_UNIT ( ) SI_UNIT ( $, .RADIAN. ) );
#7262 = DIRECTION ( 'NONE',  ( 1.000000000000000000, 0.0000000000000000000, 0.0000000000000000000 ) ) ;
#7263 = FACE_OUTER_BOUND ( 'NONE', #5337, .T. ) ;
#7264 = CARTESIAN_POINT ( 'NONE',  ( -66.97725249360117061, -5.192034667741457277, 7.228608165405773001 ) ) ;
#7265 = ORIENTED_EDGE ( 'NONE', *, *, #6850, .T. ) ;
#7266 = ORIENTED_EDGE ( 'NONE', *, *, #4996, .F. ) ;
#7267 = VERTEX_POINT ( 'NONE', #4644 ) ;
#7268 = EDGE_CURVE ( 'NONE', #5302, #3888, #5704, .T. ) ;
#7269 = EDGE_CURVE ( 'NONE', #5215, #6653, #1654, .T. ) ;
#7270 = CYLINDRICAL_SURFACE ( 'NONE', #4382, 1.927236256649964119 ) ;
#7271 = B_SPLINE_CURVE_WITH_KNOTS ( 'NONE', 3,
 ( #3402, #5095, #4528, #4609 ),
 .UNSPECIFIED., .F., .F.,
 ( 4, 4 ),
 ( 3.127317220692750759E-18, 0.0003011602952839719394 ),
 .UNSPECIFIED. ) ;
#7272 = FACE_OUTER_BOUND ( 'NONE', #1327, .T. ) ;
#7273 = SURFACE_SIDE_STYLE ('',( #4356 ) ) ;
#7274 = CARTESIAN_POINT ( 'NONE',  ( -65.99484216101940603, -5.580062690734860276, 7.188386492633031644 ) ) ;
#7275 = VERTEX_POINT ( 'NONE', #3889 ) ;
#7276 = DIRECTION ( 'NONE',  ( 0.0000000000000000000, 0.0000000000000000000, -1.000000000000000000 ) ) ;
#7277 = CARTESIAN_POINT ( 'NONE',  ( -65.20258286331053910, -3.997243117889674568, 8.175086999933631304 ) ) ;
#7278 = DIRECTION ( 'NONE',  ( -0.0000000000000000000, -0.0000000000000000000, -1.000000000000000000 ) ) ;
#7279 = VERTEX_POINT ( 'NONE', #6188 ) ;
#7280 = ORIENTED_EDGE ( 'NONE', *, *, #1483, .F. ) ;
#7281 = EDGE_CURVE ( 'NONE', #3384, #2298, #1731, .T. ) ;
#7282 = VECTOR ( 'NONE', #3567, 1000.000000000000000 ) ;
#7283 = B_SPLINE_CURVE_WITH_KNOTS ( 'NONE', 3,
 ( #5165, #31, #2314, #4027 ),
 .UNSPECIFIED., .F., .F.,
 ( 4, 4 ),
 ( 0.0002807973299811776383, 0.0002994577556890914787 ),
 .UNSPECIFIED. ) ;
#7284 = CARTESIAN_POINT ( 'NONE',  ( -64.15717629265360245, 3.505570902853350379, -10.09999999999999964 ) ) ;
#7285 = CYLINDRICAL_SURFACE ( 'NONE', #6126, 1.046091978402247102 ) ;
#7286 = ADVANCED_FACE ( 'NONE', ( #5739 ), #7415, .F. ) ;
#7287 = ORIENTED_EDGE ( 'NONE', *, *, #3133, .F. ) ;
#7288 = CARTESIAN_POINT ( 'NONE',  ( -65.59304757034267652, 0.3882346920226907860, 9.091714570085791536 ) ) ;
#7289 = VECTOR ( 'NONE', #4532, 1000.000000000000000 ) ;
#7290 = CARTESIAN_POINT ( 'NONE',  ( -66.88426494222052554, 3.318801991177591670, 8.258102954315528876 ) ) ;
#7291 = EDGE_LOOP ( 'NONE', ( #675, #1672, #4238, #5459, #4881, #4211, #4197, #35, #6690, #3180, #2749, #1590, #373, #5256, #726, #2479, #2309, #1413, #401, #513, #6600, #985, #1331, #4370, #4902, #2784, #4925, #2110, #7388, #3725, #4306, #3188, #6586, #1016, #1130, #1589, #991, #5543, #5981, #1893, #3076, #6283, #2591, #6556, #3093, #4636, #10, #1890, #1884 ) ) ;
#7292 = ORIENTED_EDGE ( 'NONE', *, *, #1610, .F. ) ;
#7293 = ADVANCED_FACE ( 'NONE', ( #1051 ), #5619, .T. ) ;
#7294 = SURFACE_STYLE_FILL_AREA ( #920 ) ;
#7295 = CARTESIAN_POINT ( 'NONE',  ( -64.52793426638299934, 0.0000000000000000000, 1.185358922323756280E-14 ) ) ;
#7296 = CARTESIAN_POINT ( 'NONE',  ( -65.15739458942923079, -0.05663738396729264823, -10.09999999999999964 ) ) ;
#7297 = CARTESIAN_POINT ( 'NONE',  ( -66.88424842946606930, 3.318808705190135822, 8.473264684710649419 ) ) ;
#7298 = VERTEX_POINT ( 'NONE', #497 ) ;
#7299 = ADVANCED_FACE ( 'NONE', ( #3368 ), #7379, .T. ) ;
#7300 = CARTESIAN_POINT ( 'NONE',  ( -66.05575431517810614, 3.536263210072600582, 8.167443221542912468 ) ) ;
#7301 = ORIENTED_EDGE ( 'NONE', *, *, #5833, .T. ) ;
#7302 = CARTESIAN_POINT ( 'NONE',  ( -66.54906158099078084, -5.493204909903695921, 7.254977589063257071 ) ) ;
#7303 = CARTESIAN_POINT ( 'NONE',  ( -67.00821111913262484, 0.9901065062614547996, 8.844787576176489807 ) ) ;
#7304 = CARTESIAN_POINT ( 'NONE',  ( -67.08762851303099239, -3.785250811331279497, 8.275673646453411081 ) ) ;
#7305 = DIRECTION ( 'NONE',  ( -0.0000000000000000000, -0.0000000000000000000, -1.000000000000000000 ) ) ;
#7306 = ORIENTED_EDGE ( 'NONE', *, *, #5130, .T. ) ;
#7307 = DIRECTION ( 'NONE',  ( 0.0000000000000000000, 0.0000000000000000000, 1.000000000000000000 ) ) ;
#7308 = CARTESIAN_POINT ( 'NONE',  ( -65.99285779611270186, -5.958416857401521050, 6.878027955266942328 ) ) ;
#7309 = CARTESIAN_POINT ( 'NONE',  ( -67.05532099832460347, -4.294521189878503620, 7.795324737566079243 ) ) ;
#7310 = EDGE_LOOP ( 'NONE', ( #1054, #5377, #3307, #3219 ) ) ;
#7311 = PLANE ( 'NONE',  #6883 ) ;
#7312 = CARTESIAN_POINT ( 'NONE',  ( -65.59304757034267652, 2.610734539434798496, -10.09999999999999964 ) ) ;
#7313 = VERTEX_POINT ( 'NONE', #5360 ) ;
#7314 = VERTEX_POINT ( 'NONE', #4188 ) ;
#7315 = CARTESIAN_POINT ( 'NONE',  ( -67.43304575047298499, -4.947292488879898364, 7.637978480739988640 ) ) ;
#7316 = ADVANCED_FACE ( 'NONE', ( #223 ), #1939, .T. ) ;
#7317 = EDGE_CURVE ( 'NONE', #1093, #2893, #3153, .T. ) ;
#7318 = FACE_OUTER_BOUND ( 'NONE', #5618, .T. ) ;
#7319 = VERTEX_POINT ( 'NONE', #4793 ) ;
#7320 = CYLINDRICAL_SURFACE ( 'NONE', #3860, 0.9322175121949799470 ) ;
#7321 = DIRECTION ( 'NONE',  ( 0.0000000000000000000, 5.506706202140777072E-14, -1.000000000000000000 ) ) ;
#7322 = ORIENTED_EDGE ( 'NONE', *, *, #1671, .F. ) ;
#7323 = ORIENTED_EDGE ( 'NONE', *, *, #5596, .T. ) ;
#7324 = FACE_OUTER_BOUND ( 'NONE', #3856, .T. ) ;
#7325 = EDGE_CURVE ( 'NONE', #2343, #4013, #5387, .T. ) ;
#7326 = CARTESIAN_POINT ( 'NONE',  ( -66.62407799311380074, 2.905453676172640165, -10.09999999999999964 ) ) ;
#7327 = CARTESIAN_POINT ( 'NONE',  ( -66.80542513442860297, 2.359444451714705515, 8.581551251334044395 ) ) ;
#7328 = DIRECTION ( 'NONE',  ( -0.0000000000000000000, -0.0000000000000000000, -1.000000000000000000 ) ) ;
#7329 = ORIENTED_EDGE ( 'NONE', *, *, #3704, .F. ) ;
#7330 = AXIS2_PLACEMENT_3D ( 'NONE', #3316, #4454, #6099 ) ;
#7331 = CARTESIAN_POINT ( 'NONE',  ( -65.33650851391384151, 0.1069875744387752264, 8.899356923897137506 ) ) ;
#7332 = EDGE_CURVE ( 'NONE', #5191, #4387, #1095, .T. ) ;
#7333 = CIRCLE ( 'NONE', #2872, 9.099999999999999645 ) ;
#7334 = DIRECTION ( 'NONE',  ( 0.0000000000000000000, 0.0000000000000000000, -1.000000000000000000 ) ) ;
#7335 = CARTESIAN_POINT ( 'NONE',  ( -66.17404697861292107, 1.389857280329361622, 8.993295556312432382 ) ) ;
#7336 = FACE_OUTER_BOUND ( 'NONE', #3470, .T. ) ;
#7337 = CARTESIAN_POINT ( 'NONE',  ( -66.45265163402741848, 3.713779373084837410, 8.307697801921408498 ) ) ;
#7338 = CIRCLE ( 'NONE', #5037, 9.099999999999999645 ) ;
#7339 = CARTESIAN_POINT ( 'NONE',  ( -67.44383207822636450, -4.890907768815277556, 7.435972190651692237 ) ) ;
#7340 = DIRECTION ( 'NONE',  ( 0.0000000000000000000, 1.000000000000000000, -0.0000000000000000000 ) ) ;
#7341 = AXIS2_PLACEMENT_3D ( 'NONE', #4132, #4806, #7118 ) ;
#7342 = FILL_AREA_STYLE ('',( #6156 ) ) ;
#7343 = ORIENTED_EDGE ( 'NONE', *, *, #1796, .T. ) ;
#7344 = DIRECTION ( 'NONE',  ( 0.0000000000000000000, 0.0000000000000000000, 1.000000000000000000 ) ) ;
#7345 = LINE ( 'NONE', #3789, #6248 ) ;
#7346 = DIRECTION ( 'NONE',  ( -1.000000000000000000, 0.0000000000000000000, 0.0000000000000000000 ) ) ;
#7347 = VERTEX_POINT ( 'NONE', #6993 ) ;
#7348 = ORIENTED_EDGE ( 'NONE', *, *, #5546, .F. ) ;
#7349 = VECTOR ( 'NONE', #1879, 1000.000000000000000 ) ;
#7350 = DIRECTION ( 'NONE',  ( 0.0000000000000000000, 0.0000000000000000000, 1.000000000000000000 ) ) ;
#7351 = CYLINDRICAL_SURFACE ( 'NONE', #1917, 1.239151154690198986 ) ;
#7352 = AXIS2_PLACEMENT_3D ( 'NONE', #4002, #571, #5775 ) ;
#7353 = CARTESIAN_POINT ( 'NONE',  ( -66.86934129331791610, 0.1595105873794833706, 9.098629881001613739 ) ) ;
#7354 = ORIENTED_EDGE ( 'NONE', *, *, #369, .F. ) ;
#7355 = CARTESIAN_POINT ( 'NONE',  ( -65.45875756138362078, -5.896029614175537503, 6.666925568007362912 ) ) ;
#7356 = ORIENTED_EDGE ( 'NONE', *, *, #424, .T. ) ;
#7357 = EDGE_CURVE ( 'NONE', #5749, #3430, #7104, .T. ) ;
#7358 = ADVANCED_FACE ( 'NONE', ( #2401 ), #6380, .T. ) ;
#7359 = AXIS2_PLACEMENT_3D ( 'NONE', #6828, #3406, #5456 ) ;
#7360 = DIRECTION ( 'NONE',  ( 0.0000000000000000000, 0.0000000000000000000, -1.000000000000000000 ) ) ;
#7361 = CARTESIAN_POINT ( 'NONE',  ( -64.82000807499090911, -4.852052306857843611, 7.698689951009395571 ) ) ;
#7362 = CYLINDRICAL_SURFACE ( 'NONE', #1247, 8.849999999999999645 ) ;
#7363 = DIRECTION ( 'NONE',  ( -1.000000000000000000, 0.0000000000000000000, 0.0000000000000000000 ) ) ;
#7364 = VECTOR ( 'NONE', #6409, 1000.000000000000000 ) ;
#7365 = VERTEX_POINT ( 'NONE', #4682 ) ;
#7366 = DIRECTION ( 'NONE',  ( 0.0000000000000000000, 0.0000000000000000000, -1.000000000000000000 ) ) ;
#7367 = B_SPLINE_CURVE_WITH_KNOTS ( 'NONE', 3,
 ( #7404, #3314, #2318, #4602 ),
 .UNSPECIFIED., .F., .F.,
 ( 4, 4 ),
 ( 5.134822073055529364E-15, 0.0002792703857513173103 ),
 .UNSPECIFIED. ) ;
#7368 = EDGE_CURVE ( 'NONE', #3864, #6200, #750, .T. ) ;
#7369 = AXIS2_PLACEMENT_3D ( 'NONE', #4820, #4331, #1489 ) ;
#7370 =( NAMED_UNIT ( * ) PLANE_ANGLE_UNIT ( ) SI_UNIT ( $, .RADIAN. ) );
#7371 = DIRECTION ( 'NONE',  ( 0.9710025170594511756, 0.2390692616465160680, -0.0000000000000000000 ) ) ;
#7372 = EDGE_CURVE ( 'NONE', #4809, #3873, #653, .T. ) ;
#7373 = FACE_OUTER_BOUND ( 'NONE', #6211, .T. ) ;
#7374 = DIRECTION ( 'NONE',  ( 0.0000000000000000000, 0.0000000000000000000, 1.000000000000000000 ) ) ;
#7375 = VECTOR ( 'NONE', #2781, 1000.000000000000000 ) ;
#7376 = DIRECTION ( 'NONE',  ( 0.0000000000000000000, 0.0000000000000000000, 1.000000000000000000 ) ) ;
#7377 = EDGE_LOOP ( 'NONE', ( #4287, #3099, #3616, #2665 ) ) ;
#7378 = EDGE_CURVE ( 'NONE', #3241, #2091, #3040, .T. ) ;
#7379 = CYLINDRICAL_SURFACE ( 'NONE', #5581, 3.200000000000000178 ) ;
#7380 = CARTESIAN_POINT ( 'NONE',  ( -71.80973495877130119, 0.3107680673900600210, -10.09999999999999964 ) ) ;
#7381 = CARTESIAN_POINT ( 'NONE',  ( -65.21988171586104954, -5.812069188518740326, 6.740167041540682469 ) ) ;
#7382 = B_SPLINE_CURVE_WITH_KNOTS ( 'NONE', 3,
 ( #3154, #234, #2514, #1511 ),
 .UNSPECIFIED., .F., .F.,
 ( 4, 4 ),
 ( 2.453269466693398698E-18, 0.0003806251432273084810 ),
 .UNSPECIFIED. ) ;
#7383 = CARTESIAN_POINT ( 'NONE',  ( -66.58903843304969428, 1.965853975931816766, 8.885123417562262205 ) ) ;
#7384 = CARTESIAN_POINT ( 'NONE',  ( -66.72342866406538064, 0.1079952588660063190, 8.899391849285644085 ) ) ;
#7385 = CARTESIAN_POINT ( 'NONE',  ( -67.29233950874855452, 1.149571340636498462, 8.825445356059228530 ) ) ;
#7386 = DIRECTION ( 'NONE',  ( -0.0000000000000000000, -0.0000000000000000000, -1.000000000000000000 ) ) ;
#7387 = ORIENTED_EDGE ( 'NONE', *, *, #4543, .F. ) ;
#7388 = ORIENTED_EDGE ( 'NONE', *, *, #4417, .T. ) ;
#7389 = EDGE_CURVE ( 'NONE', #882, #5215, #2504, .T. ) ;
#7390 = DIRECTION ( 'NONE',  ( 1.000000000000000000, 0.0000000000000000000, -1.836970198721029934E-16 ) ) ;
#7391 = DIRECTION ( 'NONE',  ( -1.000000000000000000, 0.0000000000000000000, 0.0000000000000000000 ) ) ;
#7392 = FACE_OUTER_BOUND ( 'NONE', #4503, .T. ) ;
#7393 = DIRECTION ( 'NONE',  ( 1.000000000000000000, 0.0000000000000000000, 0.0000000000000000000 ) ) ;
#7394 = ORIENTED_EDGE ( 'NONE', *, *, #671, .T. ) ;
#7395 = DIRECTION ( 'NONE',  ( -3.079720013407930462E-16, -1.000000000000000000, 0.0000000000000000000 ) ) ;
#7396 = CARTESIAN_POINT ( 'NONE',  ( -67.09685757393405936, -4.951532554104533190, 7.395425975942373498 ) ) ;
#7397 = VERTEX_POINT ( 'NONE', #1353 ) ;
#7398 = ORIENTED_EDGE ( 'NONE', *, *, #3657, .T. ) ;
#7399 = CARTESIAN_POINT ( 'NONE',  ( -64.67012716743705880, -5.385283857217782355, 7.335442575413548383 ) ) ;
#7400 = DIRECTION ( 'NONE',  ( 1.000000000000000000, 0.0000000000000000000, 0.0000000000000000000 ) ) ;
#7401 = MECHANICAL_DESIGN_GEOMETRIC_PRESENTATION_REPRESENTATION (  '', ( #5699 ), #6908 ) ;
#7402 = SURFACE_SIDE_STYLE ('',( #1073 ) ) ;
#7403 = EDGE_CURVE ( 'NONE', #2019, #4878, #4497, .T. ) ;
#7404 = CARTESIAN_POINT ( 'NONE',  ( -65.10596054791398046, -5.339255094904253873, 7.120558617941370905 ) ) ;
#7405 = CARTESIAN_POINT ( 'NONE',  ( 106.3000000000000114, -0.2000000000000002054, -1.914735270466883158E-14 ) ) ;
#7406 = VERTEX_POINT ( 'NONE', #4834 ) ;
#7407 = ORIENTED_EDGE ( 'NONE', *, *, #7252, .F. ) ;
#7408 = FACE_OUTER_BOUND ( 'NONE', #1747, .T. ) ;
#7409 = EDGE_CURVE ( 'NONE', #3078, #2330, #6424, .T. ) ;
#7410 = EDGE_CURVE ( 'NONE', #6955, #3742, #2168, .T. ) ;
#7411 = CARTESIAN_POINT ( 'NONE',  ( -66.50855474681557666, 3.724987853272176075, 8.302687289561074380 ) ) ;
#7412 = CARTESIAN_POINT ( 'NONE',  ( -66.62984216101949642, 1.158874961853036067, -10.09999999999999964 ) ) ;
#7413 = CARTESIAN_POINT ( 'NONE',  ( -65.64081473090156749, 0.9306890604292422653, 8.851982627426423278 ) ) ;
#7414 = EDGE_LOOP ( 'NONE', ( #2597, #1119, #4857, #4298 ) ) ;
#7415 = PLANE ( 'NONE',  #1392 ) ;
#7416 = PLANE ( 'NONE',  #7359 ) ;
#7417 = FACE_OUTER_BOUND ( 'NONE', #4089, .T. ) ;
#7418 = EDGE_CURVE ( 'NONE', #5910, #1246, #6666, .T. ) ;
#7419 = EDGE_LOOP ( 'NONE', ( #6100, #4255, #2864, #5426 ) ) ;
#7420 = CARTESIAN_POINT ( 'NONE',  ( -64.90957729845480628, -4.278499868560822428, 7.804129603916586611 ) ) ;
#7421 = CARTESIAN_POINT ( 'NONE',  ( -67.40789909149188475, 0.4484511536073493843, 9.088943368886642560 ) ) ;
#7422 = VERTEX_POINT ( 'NONE', #448 ) ;
#7423 = VERTEX_POINT ( 'NONE', #6102 ) ;
#7424 = LINE ( 'NONE', #4541, #3106 ) ;
#7425 = CARTESIAN_POINT ( 'NONE',  ( -66.87531807743464185, -3.649927020909151221, 8.117525535882043286 ) ) ;
#7426 = EDGE_CURVE ( 'NONE', #5008, #4540, #2092, .T. ) ;
#7427 = CARTESIAN_POINT ( 'NONE',  ( -65.15739458939239626, 2.165862463414770289, 8.838497597984124710 ) ) ;
#7428 = ORIENTED_EDGE ( 'NONE', *, *, #6626, .F. ) ;
#7429 = CARTESIAN_POINT ( 'NONE',  ( -67.41189259971629610, 0.0000000000000000000, 1.238336377450620565E-14 ) ) ;
#7430 = ORIENTED_EDGE ( 'NONE', *, *, #1018, .F. ) ;
#7431 = ORIENTED_EDGE ( 'NONE', *, *, #714, .F. ) ;
#7432 = LINE ( 'NONE', #30, #6712 ) ;
#7433 = CARTESIAN_POINT ( 'NONE',  ( -67.19247447105912840, 3.497977513912110314, 8.400842416815438085 ) ) ;
#7434 = CARTESIAN_POINT ( 'NONE',  ( -66.54906158099078084, -5.493204909903695921, 7.254977589063257071 ) ) ;
#7435 = CARTESIAN_POINT ( 'NONE',  ( -66.82348332693260318, 1.121014632267363087, 8.829118087002953530 ) ) ;
#7436 = CARTESIAN_POINT ( 'NONE',  ( -66.42453106872251567, -4.579155191573820005, -10.09999999999999964 ) ) ;
#7437 = FACE_OUTER_BOUND ( 'NONE', #1207, .T. ) ;
#7438 = ORIENTED_EDGE ( 'NONE', *, *, #6091, .F. ) ;
#7439 = CARTESIAN_POINT ( 'NONE',  ( -67.12878843304969223, 2.858657379011559030, 8.639333191249367161 ) ) ;
#7440 = AXIS2_PLACEMENT_3D ( 'NONE', #3038, #5776, #7442 ) ;
#7441 = DIRECTION ( 'NONE',  ( 0.0000000000000000000, 0.0000000000000000000, 1.000000000000000000 ) ) ;
#7442 = DIRECTION ( 'NONE',  ( 1.000000000000000000, 0.0000000000000000000, 0.0000000000000000000 ) ) ;
#7443 = ORIENTED_EDGE ( 'NONE', *, *, #7064, .T. ) ;
#7444 = AXIS2_PLACEMENT_3D ( 'NONE', #780, #3098, #5394 ) ;
ENDSEC;
END-ISO-10303-21;
